transaction_id,timestamp,date,time,day_of_week,hour,latitude,longitude,atm_id,atm_name,area,city,withdrawal_amount,bank_branch,transaction_type,simulated_tag
TXN000442,2026-08-01 01:34:30,2026-08-01,01:34:30,Saturday,1,17.356558,78.477613,ATM_HYD_502,SBI ATM - Gulzar Houz,Charminar Heritage Bazaar,Hyderabad,40000,Branch_18,ATM_CASH_WITHDRAWAL,SYNTHETIC / SIMULATED DATA — NOT REAL FINANCIAL DATA
TXN000780,2026-08-01 01:40:38,2026-08-01,01:40:38,Saturday,1,17.441608,78.499078,ATM_HYD_304,Union Bank ATM - Patny Circle,Secunderabad Station Transit Hub,Hyderabad,25000,Branch_21,ATM_CASH_WITHDRAWAL,SYNTHETIC / SIMULATED DATA — NOT REAL FINANCIAL DATA
TXN000478,2026-08-01 03:24:24,2026-08-01,03:24:24,Saturday,3,17.450398,78.385905,ATM_HYD_203,HDFC Bank E-Corner - Inorbit Road,Madhapur Tech Corridor,Hyderabad,15000,Branch_29,ATM_CASH_WITHDRAWAL,SYNTHETIC / SIMULATED DATA — NOT REAL FINANCIAL DATA
TXN000037,2026-08-01 05:01:20,2026-08-01,05:01:20,Saturday,5,17.435462,78.454067,ATM_HYD_104,Axis Bank ATM - Elephant House,Ameerpet Commercial Hub,Hyderabad,25000,Branch_39,ATM_CASH_WITHDRAWAL,SYNTHETIC / SIMULATED DATA — NOT REAL FINANCIAL DATA
TXN001609,2026-08-01 08:34:03,2026-08-01,08:34:03,Saturday,8,17.441966,78.450756,ATM_HYD_105,Canara Bank Express ATM - SR Nagar,Ameerpet Commercial Hub,Hyderabad,50000,Branch_18,ATM_CASH_WITHDRAWAL,SYNTHETIC / SIMULATED DATA — NOT REAL FINANCIAL DATA
TXN001622,2026-08-01 09:41:16,2026-08-01,09:41:16,Saturday,9,17.438924,78.451465,ATM_HYD_102,HDFC 24x7 Cash Point - Maitrivanam,Ameerpet Commercial Hub,Hyderabad,15000,Branch_10,ATM_CASH_WITHDRAWAL,SYNTHETIC / SIMULATED DATA — NOT REAL FINANCIAL DATA
TXN001263,2026-08-01 09:58:16,2026-08-01,09:58:16,Saturday,9,17.432863,78.444026,ATM_HYD_104,Axis Bank ATM - Elephant House,Ameerpet Commercial Hub,Hyderabad,25000,Branch_36,ATM_CASH_WITHDRAWAL,SYNTHETIC / SIMULATED DATA — NOT REAL FINANCIAL DATA
TXN000413,2026-08-01 10:22:09,2026-08-01,10:22:09,Saturday,10,17.363949,78.47341,ATM_HYD_502,SBI ATM - Gulzar Houz,Charminar Heritage Bazaar,Hyderabad,50000,Branch_14,ATM_CASH_WITHDRAWAL,SYNTHETIC / SIMULATED DATA — NOT REAL FINANCIAL DATA
TXN002167,2026-08-01 11:02:31,2026-08-01,11:02:31,Saturday,11,17.436294,78.49857,ATM_HYD_303,SBI Multi-Service Lounge - Station Rd,Secunderabad Station Transit Hub,Hyderabad,20000,Branch_31,ATM_CASH_WITHDRAWAL,SYNTHETIC / SIMULATED DATA — NOT REAL FINANCIAL DATA
TXN001664,2026-08-01 11:30:51,2026-08-01,11:30:51,Saturday,11,17.452516,78.396568,ATM_HYD_205,IndusInd Bank 24/7 ATM - Kavuri Hills,Madhapur Tech Corridor,Hyderabad,20000,Branch_26,ATM_CASH_WITHDRAWAL,SYNTHETIC / SIMULATED DATA — NOT REAL FINANCIAL DATA
TXN000052,2026-08-01 12:40:16,2026-08-01,12:40:16,Saturday,12,17.4334,78.500459,ATM_HYD_301,Punjab National Bank - Railway Gate 1,Secunderabad Station Transit Hub,Hyderabad,50000,Branch_38,ATM_CASH_WITHDRAWAL,SYNTHETIC / SIMULATED DATA — NOT REAL FINANCIAL DATA
TXN001488,2026-08-01 13:19:22,2026-08-01,13:19:22,Saturday,13,17.440488,78.497787,ATM_HYD_303,SBI Multi-Service Lounge - Station Rd,Secunderabad Station Transit Hub,Hyderabad,50000,Branch_21,ATM_CASH_WITHDRAWAL,SYNTHETIC / SIMULATED DATA — NOT REAL FINANCIAL DATA
TXN000694,2026-08-01 13:33:00,2026-08-01,13:33:00,Saturday,13,17.437729,78.448819,ATM_HYD_101,SBI Kiosk - Ameerpet Metro Junction,Ameerpet Commercial Hub,Hyderabad,25000,Branch_23,ATM_CASH_WITHDRAWAL,SYNTHETIC / SIMULATED DATA — NOT REAL FINANCIAL DATA
TXN000884,2026-08-01 13:43:54,2026-08-01,13:43:54,Saturday,13,17.433792,78.447091,ATM_HYD_101,SBI Kiosk - Ameerpet Metro Junction,Ameerpet Commercial Hub,Hyderabad,50000,Branch_15,ATM_CASH_WITHDRAWAL,SYNTHETIC / SIMULATED DATA — NOT REAL FINANCIAL DATA
TXN000083,2026-08-01 13:44:19,2026-08-01,13:44:19,Saturday,13,17.451845,78.394005,ATM_HYD_204,ICICI Bank Express ATM - Madhapur Police Station,Madhapur Tech Corridor,Hyderabad,25000,Branch_34,ATM_CASH_WITHDRAWAL,SYNTHETIC / SIMULATED DATA — NOT REAL FINANCIAL DATA
TXN000755,2026-08-01 14:26:56,2026-08-01,14:26:56,Saturday,14,17.436075,78.445591,ATM_HYD_102,HDFC 24x7 Cash Point - Maitrivanam,Ameerpet Commercial Hub,Hyderabad,10000,Branch_35,ATM_CASH_WITHDRAWAL,SYNTHETIC / SIMULATED DATA — NOT REAL FINANCIAL DATA
TXN000853,2026-08-01 15:00:29,2026-08-01,15:00:29,Saturday,15,17.437324,78.449317,ATM_HYD_102,HDFC 24x7 Cash Point - Maitrivanam,Ameerpet Commercial Hub,Hyderabad,25000,Branch_41,ATM_CASH_WITHDRAWAL,SYNTHETIC / SIMULATED DATA — NOT REAL FINANCIAL DATA
TXN000721,2026-08-01 15:26:03,2026-08-01,15:26:03,Saturday,15,17.364308,78.473291,ATM_HYD_503,HDFC Bank Kiosk - Nayapul Bridge,Charminar Heritage Bazaar,Hyderabad,10000,Branch_12,ATM_CASH_WITHDRAWAL,SYNTHETIC / SIMULATED DATA — NOT REAL FINANCIAL DATA
TXN002138,2026-08-01 15:47:15,2026-08-01,15:47:15,Saturday,15,17.442803,78.506083,ATM_HYD_303,SBI Multi-Service Lounge - Station Rd,Secunderabad Station Transit Hub,Hyderabad,17000,Branch_47,ATM_CASH_WITHDRAWAL,SYNTHETIC / SIMULATED DATA — NOT REAL FINANCIAL DATA
TXN001955,2026-08-01 15:50:26,2026-08-01,15:50:26,Saturday,15,17.360905,78.475486,ATM_HYD_502,SBI ATM - Gulzar Houz,Charminar Heritage Bazaar,Hyderabad,20000,Branch_27,ATM_CASH_WITHDRAWAL,SYNTHETIC / SIMULATED DATA — NOT REAL FINANCIAL DATA
TXN000422,2026-08-01 15:52:24,2026-08-01,15:52:24,Saturday,15,17.371623,78.527627,ATM_HYD_403,HDFC Cash Machine - Malakpet Link,Dilsukhnagar Market Corridor,Hyderabad,25000,Branch_42,ATM_CASH_WITHDRAWAL,SYNTHETIC / SIMULATED DATA — NOT REAL FINANCIAL DATA
TXN001925,2026-08-01 16:06:30,2026-08-01,16:06:30,Saturday,16,17.36986,78.526407,ATM_HYD_403,HDFC Cash Machine - Malakpet Link,Dilsukhnagar Market Corridor,Hyderabad,20000,Branch_35,ATM_CASH_WITHDRAWAL,SYNTHETIC / SIMULATED DATA — NOT REAL FINANCIAL DATA
TXN002331,2026-08-01 16:39:58,2026-08-01,16:39:58,Saturday,16,17.457061,78.438859,ATM_HYD_903,Market Yard Cash Point - Shamshabad Link,Isolated / Peripheral Zone,Hyderabad,20000,Branch_94,ATM_CASH_WITHDRAWAL,SYNTHETIC / SIMULATED DATA — NOT REAL FINANCIAL DATA
TXN002335,2026-08-01 17:07:35,2026-08-01,17:07:35,Saturday,17,17.302191,78.564278,ATM_HYD_905,Highway Kiosk - Patancheru Depot,Isolated / Peripheral Zone,Hyderabad,25000,Branch_68,ATM_CASH_WITHDRAWAL,SYNTHETIC / SIMULATED DATA — NOT REAL FINANCIAL DATA
TXN000732,2026-08-01 17:08:57,2026-08-01,17:08:57,Saturday,17,17.366612,78.521504,ATM_HYD_404,Canara Bank ATM - Dilsukhnagar Bus Depot,Dilsukhnagar Market Corridor,Hyderabad,20000,Branch_43,ATM_CASH_WITHDRAWAL,SYNTHETIC / SIMULATED DATA — NOT REAL FINANCIAL DATA
TXN001212,2026-08-01 18:24:48,2026-08-01,18:24:48,Saturday,18,17.447234,78.391386,ATM_HYD_203,HDFC Bank E-Corner - Inorbit Road,Madhapur Tech Corridor,Hyderabad,30000,Branch_49,ATM_CASH_WITHDRAWAL,SYNTHETIC / SIMULATED DATA — NOT REAL FINANCIAL DATA
TXN000868,2026-08-01 18:40:50,2026-08-01,18:40:50,Saturday,18,17.434435,78.451447,ATM_HYD_102,HDFC 24x7 Cash Point - Maitrivanam,Ameerpet Commercial Hub,Hyderabad,13000,Branch_49,ATM_CASH_WITHDRAWAL,SYNTHETIC / SIMULATED DATA — NOT REAL FINANCIAL DATA
TXN000519,2026-08-01 18:46:26,2026-08-01,18:46:26,Saturday,18,17.363588,78.479746,ATM_HYD_503,HDFC Bank Kiosk - Nayapul Bridge,Charminar Heritage Bazaar,Hyderabad,20000,Branch_36,ATM_CASH_WITHDRAWAL,SYNTHETIC / SIMULATED DATA — NOT REAL FINANCIAL DATA
TXN002186,2026-08-01 18:49:36,2026-08-01,18:49:36,Saturday,18,17.364992,78.476645,ATM_HYD_502,SBI ATM - Gulzar Houz,Charminar Heritage Bazaar,Hyderabad,28000,Branch_12,ATM_CASH_WITHDRAWAL,SYNTHETIC / SIMULATED DATA — NOT REAL FINANCIAL DATA
TXN001902,2026-08-01 19:22:07,2026-08-01,19:22:07,Saturday,19,17.44121,78.445649,ATM_HYD_102,HDFC 24x7 Cash Point - Maitrivanam,Ameerpet Commercial Hub,Hyderabad,25000,Branch_46,ATM_CASH_WITHDRAWAL,SYNTHETIC / SIMULATED DATA — NOT REAL FINANCIAL DATA
TXN001830,2026-08-01 19:24:55,2026-08-01,19:24:55,Saturday,19,17.442835,78.453307,ATM_HYD_101,SBI Kiosk - Ameerpet Metro Junction,Ameerpet Commercial Hub,Hyderabad,20000,Branch_22,ATM_CASH_WITHDRAWAL,SYNTHETIC / SIMULATED DATA — NOT REAL FINANCIAL DATA
TXN001037,2026-08-01 19:26:11,2026-08-01,19:26:11,Saturday,19,17.442954,78.390653,ATM_HYD_201,Kotak ATM - Cyber Towers Concourse,Madhapur Tech Corridor,Hyderabad,20000,Branch_46,ATM_CASH_WITHDRAWAL,SYNTHETIC / SIMULATED DATA — NOT REAL FINANCIAL DATA
TXN001326,2026-08-01 19:53:07,2026-08-01,19:53:07,Saturday,19,17.447974,78.387141,ATM_HYD_203,HDFC Bank E-Corner - Inorbit Road,Madhapur Tech Corridor,Hyderabad,10000,Branch_32,ATM_CASH_WITHDRAWAL,SYNTHETIC / SIMULATED DATA — NOT REAL FINANCIAL DATA
TXN000029,2026-08-01 20:03:14,2026-08-01,20:03:14,Saturday,20,17.435971,78.507129,ATM_HYD_302,Bank of Baroda ATM - Clock Tower Cir,Secunderabad Station Transit Hub,Hyderabad,23000,Branch_31,ATM_CASH_WITHDRAWAL,SYNTHETIC / SIMULATED DATA — NOT REAL FINANCIAL DATA
TXN000819,2026-08-01 20:17:42,2026-08-01,20:17:42,Saturday,20,17.432405,78.44919,ATM_HYD_104,Axis Bank ATM - Elephant House,Ameerpet Commercial Hub,Hyderabad,20000,Branch_33,ATM_CASH_WITHDRAWAL,SYNTHETIC / SIMULATED DATA — NOT REAL FINANCIAL DATA
TXN001127,2026-08-01 20:19:20,2026-08-01,20:19:20,Saturday,20,17.436264,78.444836,ATM_HYD_102,HDFC 24x7 Cash Point - Maitrivanam,Ameerpet Commercial Hub,Hyderabad,20000,Branch_17,ATM_CASH_WITHDRAWAL,SYNTHETIC / SIMULATED DATA — NOT REAL FINANCIAL DATA
TXN002495,2026-08-01 20:38:22,2026-08-01,20:38:22,Saturday,20,17.332892,78.474227,ATM_HYD_903,Market Yard Cash Point - Shamshabad Link,Isolated / Peripheral Zone,Hyderabad,25000,Branch_58,ATM_CASH_WITHDRAWAL,SYNTHETIC / SIMULATED DATA — NOT REAL FINANCIAL DATA
TXN001684,2026-08-01 20:58:44,2026-08-01,20:58:44,Saturday,20,17.370899,78.526083,ATM_HYD_403,HDFC Cash Machine - Malakpet Link,Dilsukhnagar Market Corridor,Hyderabad,15000,Branch_29,ATM_CASH_WITHDRAWAL,SYNTHETIC / SIMULATED DATA — NOT REAL FINANCIAL DATA
TXN000321,2026-08-01 21:06:59,2026-08-01,21:06:59,Saturday,21,17.445775,78.393273,ATM_HYD_201,Kotak ATM - Cyber Towers Concourse,Madhapur Tech Corridor,Hyderabad,10000,Branch_28,ATM_CASH_WITHDRAWAL,SYNTHETIC / SIMULATED DATA — NOT REAL FINANCIAL DATA
TXN001729,2026-08-01 21:15:04,2026-08-01,21:15:04,Saturday,21,17.364386,78.52491,ATM_HYD_403,HDFC Cash Machine - Malakpet Link,Dilsukhnagar Market Corridor,Hyderabad,25000,Branch_42,ATM_CASH_WITHDRAWAL,SYNTHETIC / SIMULATED DATA — NOT REAL FINANCIAL DATA
TXN000754,2026-08-01 21:16:49,2026-08-01,21:16:49,Saturday,21,17.446151,78.384921,ATM_HYD_203,HDFC Bank E-Corner - Inorbit Road,Madhapur Tech Corridor,Hyderabad,10000,Branch_48,ATM_CASH_WITHDRAWAL,SYNTHETIC / SIMULATED DATA — NOT REAL FINANCIAL DATA
TXN001540,2026-08-01 21:53:40,2026-08-01,21:53:40,Saturday,21,17.447216,78.393072,ATM_HYD_201,Kotak ATM - Cyber Towers Concourse,Madhapur Tech Corridor,Hyderabad,30000,Branch_31,ATM_CASH_WITHDRAWAL,SYNTHETIC / SIMULATED DATA — NOT REAL FINANCIAL DATA
TXN001205,2026-08-01 23:30:21,2026-08-01,23:30:21,Saturday,23,17.448438,78.384833,ATM_HYD_204,ICICI Bank Express ATM - Madhapur Police Station,Madhapur Tech Corridor,Hyderabad,50000,Branch_20,ATM_CASH_WITHDRAWAL,SYNTHETIC / SIMULATED DATA — NOT REAL FINANCIAL DATA
TXN000366,2026-08-01 23:40:14,2026-08-01,23:40:14,Saturday,23,17.454081,78.391999,ATM_HYD_201,Kotak ATM - Cyber Towers Concourse,Madhapur Tech Corridor,Hyderabad,8000,Branch_10,ATM_CASH_WITHDRAWAL,SYNTHETIC / SIMULATED DATA — NOT REAL FINANCIAL DATA
TXN002286,2026-08-02 01:25:53,2026-08-02,01:25:53,Sunday,1,17.488939,78.361636,ATM_HYD_903,Market Yard Cash Point - Shamshabad Link,Isolated / Peripheral Zone,Hyderabad,25000,Branch_66,ATM_CASH_WITHDRAWAL,SYNTHETIC / SIMULATED DATA — NOT REAL FINANCIAL DATA
TXN002361,2026-08-02 02:07:32,2026-08-02,02:07:32,Sunday,2,17.310248,78.506278,ATM_HYD_903,Market Yard Cash Point - Shamshabad Link,Isolated / Peripheral Zone,Hyderabad,40000,Branch_50,ATM_CASH_WITHDRAWAL,SYNTHETIC / SIMULATED DATA — NOT REAL FINANCIAL DATA
TXN002372,2026-08-02 09:25:26,2026-08-02,09:25:26,Sunday,9,17.434105,78.352767,ATM_HYD_901,Rural Kiosk - Outer Ring Road Exit 4,Isolated / Peripheral Zone,Hyderabad,20000,Branch_55,ATM_CASH_WITHDRAWAL,SYNTHETIC / SIMULATED DATA — NOT REAL FINANCIAL DATA
TXN001852,2026-08-02 10:21:03,2026-08-02,10:21:03,Sunday,10,17.371121,78.530605,ATM_HYD_401,SBI Express ATM - Dilsukhnagar Metro,Dilsukhnagar Market Corridor,Hyderabad,20000,Branch_19,ATM_CASH_WITHDRAWAL,SYNTHETIC / SIMULATED DATA — NOT REAL FINANCIAL DATA
TXN001262,2026-08-02 12:59:25,2026-08-02,12:59:25,Sunday,12,17.370562,78.523348,ATM_HYD_403,HDFC Cash Machine - Malakpet Link,Dilsukhnagar Market Corridor,Hyderabad,18000,Branch_48,ATM_CASH_WITHDRAWAL,SYNTHETIC / SIMULATED DATA — NOT REAL FINANCIAL DATA
TXN000545,2026-08-02 13:19:17,2026-08-02,13:19:17,Sunday,13,17.432144,78.505111,ATM_HYD_303,SBI Multi-Service Lounge - Station Rd,Secunderabad Station Transit Hub,Hyderabad,25000,Branch_16,ATM_CASH_WITHDRAWAL,SYNTHETIC / SIMULATED DATA — NOT REAL FINANCIAL DATA
TXN001944,2026-08-02 13:40:02,2026-08-02,13:40:02,Sunday,13,17.443059,78.499029,ATM_HYD_304,Union Bank ATM - Patny Circle,Secunderabad Station Transit Hub,Hyderabad,25000,Branch_32,ATM_CASH_WITHDRAWAL,SYNTHETIC / SIMULATED DATA — NOT REAL FINANCIAL DATA
TXN000507,2026-08-02 14:21:58,2026-08-02,14:21:58,Sunday,14,17.365022,78.523513,ATM_HYD_402,Andhra Bank (UBI) ATM - Chaitanyapuri,Dilsukhnagar Market Corridor,Hyderabad,30000,Branch_18,ATM_CASH_WITHDRAWAL,SYNTHETIC / SIMULATED DATA — NOT REAL FINANCIAL DATA
TXN000250,2026-08-02 14:22:15,2026-08-02,14:22:15,Sunday,14,17.373651,78.527144,ATM_HYD_403,HDFC Cash Machine - Malakpet Link,Dilsukhnagar Market Corridor,Hyderabad,30000,Branch_16,ATM_CASH_WITHDRAWAL,SYNTHETIC / SIMULATED DATA — NOT REAL FINANCIAL DATA
TXN001567,2026-08-02 14:43:56,2026-08-02,14:43:56,Sunday,14,17.43984,78.504381,ATM_HYD_302,Bank of Baroda ATM - Clock Tower Cir,Secunderabad Station Transit Hub,Hyderabad,20000,Branch_26,ATM_CASH_WITHDRAWAL,SYNTHETIC / SIMULATED DATA — NOT REAL FINANCIAL DATA
TXN000518,2026-08-02 15:44:04,2026-08-02,15:44:04,Sunday,15,17.371887,78.530756,ATM_HYD_404,Canara Bank ATM - Dilsukhnagar Bus Depot,Dilsukhnagar Market Corridor,Hyderabad,25000,Branch_16,ATM_CASH_WITHDRAWAL,SYNTHETIC / SIMULATED DATA — NOT REAL FINANCIAL DATA
TXN000736,2026-08-02 16:55:43,2026-08-02,16:55:43,Sunday,16,17.371506,78.529365,ATM_HYD_403,HDFC Cash Machine - Malakpet Link,Dilsukhnagar Market Corridor,Hyderabad,15000,Branch_22,ATM_CASH_WITHDRAWAL,SYNTHETIC / SIMULATED DATA — NOT REAL FINANCIAL DATA
TXN001686,2026-08-02 17:21:01,2026-08-02,17:21:01,Sunday,17,17.369614,78.521128,ATM_HYD_402,Andhra Bank (UBI) ATM - Chaitanyapuri,Dilsukhnagar Market Corridor,Hyderabad,25000,Branch_26,ATM_CASH_WITHDRAWAL,SYNTHETIC / SIMULATED DATA — NOT REAL FINANCIAL DATA
TXN001395,2026-08-02 17:41:45,2026-08-02,17:41:45,Sunday,17,17.452696,78.390611,ATM_HYD_202,SBI ATM - Hitec City Metro Pillar 24,Madhapur Tech Corridor,Hyderabad,20000,Branch_35,ATM_CASH_WITHDRAWAL,SYNTHETIC / SIMULATED DATA — NOT REAL FINANCIAL DATA
TXN002076,2026-08-02 17:54:22,2026-08-02,17:54:22,Sunday,17,17.363823,78.524585,ATM_HYD_403,HDFC Cash Machine - Malakpet Link,Dilsukhnagar Market Corridor,Hyderabad,30000,Branch_46,ATM_CASH_WITHDRAWAL,SYNTHETIC / SIMULATED DATA — NOT REAL FINANCIAL DATA
TXN002187,2026-08-02 17:59:36,2026-08-02,17:59:36,Sunday,17,17.369947,78.526726,ATM_HYD_401,SBI Express ATM - Dilsukhnagar Metro,Dilsukhnagar Market Corridor,Hyderabad,50000,Branch_28,ATM_CASH_WITHDRAWAL,SYNTHETIC / SIMULATED DATA — NOT REAL FINANCIAL DATA
TXN000249,2026-08-02 18:02:40,2026-08-02,18:02:40,Sunday,18,17.361805,78.476803,ATM_HYD_503,HDFC Bank Kiosk - Nayapul Bridge,Charminar Heritage Bazaar,Hyderabad,15000,Branch_33,ATM_CASH_WITHDRAWAL,SYNTHETIC / SIMULATED DATA — NOT REAL FINANCIAL DATA
TXN001358,2026-08-02 18:28:22,2026-08-02,18:28:22,Sunday,18,17.455485,78.380965,ATM_HYD_201,Kotak ATM - Cyber Towers Concourse,Madhapur Tech Corridor,Hyderabad,25000,Branch_12,ATM_CASH_WITHDRAWAL,SYNTHETIC / SIMULATED DATA — NOT REAL FINANCIAL DATA
TXN000388,2026-08-02 18:49:05,2026-08-02,18:49:05,Sunday,18,17.435348,78.445963,ATM_HYD_104,Axis Bank ATM - Elephant House,Ameerpet Commercial Hub,Hyderabad,40000,Branch_45,ATM_CASH_WITHDRAWAL,SYNTHETIC / SIMULATED DATA — NOT REAL FINANCIAL DATA
TXN001290,2026-08-02 18:50:27,2026-08-02,18:50:27,Sunday,18,17.434886,78.442896,ATM_HYD_105,Canara Bank Express ATM - SR Nagar,Ameerpet Commercial Hub,Hyderabad,20000,Branch_49,ATM_CASH_WITHDRAWAL,SYNTHETIC / SIMULATED DATA — NOT REAL FINANCIAL DATA
TXN000246,2026-08-02 19:15:45,2026-08-02,19:15:45,Sunday,19,17.366208,78.473848,ATM_HYD_503,HDFC Bank Kiosk - Nayapul Bridge,Charminar Heritage Bazaar,Hyderabad,27000,Branch_10,ATM_CASH_WITHDRAWAL,SYNTHETIC / SIMULATED DATA — NOT REAL FINANCIAL DATA
TXN000301,2026-08-02 20:07:26,2026-08-02,20:07:26,Sunday,20,17.439554,78.44444,ATM_HYD_104,Axis Bank ATM - Elephant House,Ameerpet Commercial Hub,Hyderabad,20000,Branch_11,ATM_CASH_WITHDRAWAL,SYNTHETIC / SIMULATED DATA — NOT REAL FINANCIAL DATA
TXN000817,2026-08-02 20:33:02,2026-08-02,20:33:02,Sunday,20,17.436983,78.505414,ATM_HYD_302,Bank of Baroda ATM - Clock Tower Cir,Secunderabad Station Transit Hub,Hyderabad,20000,Branch_13,ATM_CASH_WITHDRAWAL,SYNTHETIC / SIMULATED DATA — NOT REAL FINANCIAL DATA
TXN001898,2026-08-02 20:54:57,2026-08-02,20:54:57,Sunday,20,17.439032,78.453517,ATM_HYD_105,Canara Bank Express ATM - SR Nagar,Ameerpet Commercial Hub,Hyderabad,10000,Branch_20,ATM_CASH_WITHDRAWAL,SYNTHETIC / SIMULATED DATA — NOT REAL FINANCIAL DATA
TXN001182,2026-08-02 21:44:09,2026-08-02,21:44:09,Sunday,21,17.447701,78.392015,ATM_HYD_204,ICICI Bank Express ATM - Madhapur Police Station,Madhapur Tech Corridor,Hyderabad,40000,Branch_22,ATM_CASH_WITHDRAWAL,SYNTHETIC / SIMULATED DATA — NOT REAL FINANCIAL DATA
TXN001340,2026-08-02 21:58:26,2026-08-02,21:58:26,Sunday,21,17.442486,78.446856,ATM_HYD_105,Canara Bank Express ATM - SR Nagar,Ameerpet Commercial Hub,Hyderabad,40000,Branch_17,ATM_CASH_WITHDRAWAL,SYNTHETIC / SIMULATED DATA — NOT REAL FINANCIAL DATA
TXN000820,2026-08-02 22:24:14,2026-08-02,22:24:14,Sunday,22,17.449381,78.395665,ATM_HYD_201,Kotak ATM - Cyber Towers Concourse,Madhapur Tech Corridor,Hyderabad,25000,Branch_42,ATM_CASH_WITHDRAWAL,SYNTHETIC / SIMULATED DATA — NOT REAL FINANCIAL DATA
TXN001139,2026-08-02 23:20:44,2026-08-02,23:20:44,Sunday,23,17.453045,78.381488,ATM_HYD_201,Kotak ATM - Cyber Towers Concourse,Madhapur Tech Corridor,Hyderabad,25000,Branch_23,ATM_CASH_WITHDRAWAL,SYNTHETIC / SIMULATED DATA — NOT REAL FINANCIAL DATA
TXN001131,2026-08-03 00:18:54,2026-08-03,00:18:54,Monday,0,17.438032,78.506806,ATM_HYD_302,Bank of Baroda ATM - Clock Tower Cir,Secunderabad Station Transit Hub,Hyderabad,25000,Branch_49,ATM_CASH_WITHDRAWAL,SYNTHETIC / SIMULATED DATA — NOT REAL FINANCIAL DATA
TXN001543,2026-08-03 01:25:04,2026-08-03,01:25:04,Monday,1,17.443181,78.39648,ATM_HYD_201,Kotak ATM - Cyber Towers Concourse,Madhapur Tech Corridor,Hyderabad,12000,Branch_16,ATM_CASH_WITHDRAWAL,SYNTHETIC / SIMULATED DATA — NOT REAL FINANCIAL DATA
TXN000798,2026-08-03 02:34:04,2026-08-03,02:34:04,Monday,2,17.447589,78.401431,ATM_HYD_203,HDFC Bank E-Corner - Inorbit Road,Madhapur Tech Corridor,Hyderabad,25000,Branch_27,ATM_CASH_WITHDRAWAL,SYNTHETIC / SIMULATED DATA — NOT REAL FINANCIAL DATA
TXN000491,2026-08-03 02:47:53,2026-08-03,02:47:53,Monday,2,17.450519,78.389663,ATM_HYD_201,Kotak ATM - Cyber Towers Concourse,Madhapur Tech Corridor,Hyderabad,20000,Branch_38,ATM_CASH_WITHDRAWAL,SYNTHETIC / SIMULATED DATA — NOT REAL FINANCIAL DATA
TXN001091,2026-08-03 03:48:52,2026-08-03,03:48:52,Monday,3,17.357829,78.472695,ATM_HYD_503,HDFC Bank Kiosk - Nayapul Bridge,Charminar Heritage Bazaar,Hyderabad,15000,Branch_34,ATM_CASH_WITHDRAWAL,SYNTHETIC / SIMULATED DATA — NOT REAL FINANCIAL DATA
TXN002375,2026-08-03 04:33:58,2026-08-03,04:33:58,Monday,4,17.442724,78.547797,ATM_HYD_905,Highway Kiosk - Patancheru Depot,Isolated / Peripheral Zone,Hyderabad,30000,Branch_80,ATM_CASH_WITHDRAWAL,SYNTHETIC / SIMULATED DATA — NOT REAL FINANCIAL DATA
TXN001975,2026-08-03 04:56:25,2026-08-03,04:56:25,Monday,4,17.440223,78.448149,ATM_HYD_103,ICICI e-Lobby - Ameerpet Cross Roads,Ameerpet Commercial Hub,Hyderabad,20000,Branch_34,ATM_CASH_WITHDRAWAL,SYNTHETIC / SIMULATED DATA — NOT REAL FINANCIAL DATA
TXN002426,2026-08-03 06:46:19,2026-08-03,06:46:19,Monday,6,17.456177,78.341966,ATM_HYD_901,Rural Kiosk - Outer Ring Road Exit 4,Isolated / Peripheral Zone,Hyderabad,20000,Branch_51,ATM_CASH_WITHDRAWAL,SYNTHETIC / SIMULATED DATA — NOT REAL FINANCIAL DATA
TXN002327,2026-08-03 06:47:22,2026-08-03,06:47:22,Monday,6,17.514287,78.557864,ATM_HYD_904,Express ATM - Uppal Outskirts,Isolated / Peripheral Zone,Hyderabad,15000,Branch_85,ATM_CASH_WITHDRAWAL,SYNTHETIC / SIMULATED DATA — NOT REAL FINANCIAL DATA
TXN001244,2026-08-03 08:03:24,2026-08-03,08:03:24,Monday,8,17.373321,78.525308,ATM_HYD_404,Canara Bank ATM - Dilsukhnagar Bus Depot,Dilsukhnagar Market Corridor,Hyderabad,15000,Branch_26,ATM_CASH_WITHDRAWAL,SYNTHETIC / SIMULATED DATA — NOT REAL FINANCIAL DATA
TXN000001,2026-08-03 10:16:45,2026-08-03,10:16:45,Monday,10,17.452554,78.392929,ATM_HYD_201,Kotak ATM - Cyber Towers Concourse,Madhapur Tech Corridor,Hyderabad,40000,Branch_18,ATM_CASH_WITHDRAWAL,SYNTHETIC / SIMULATED DATA — NOT REAL FINANCIAL DATA
TXN002288,2026-08-03 10:54:55,2026-08-03,10:54:55,Monday,10,17.395614,78.452023,ATM_HYD_901,Rural Kiosk - Outer Ring Road Exit 4,Isolated / Peripheral Zone,Hyderabad,50000,Branch_91,ATM_CASH_WITHDRAWAL,SYNTHETIC / SIMULATED DATA — NOT REAL FINANCIAL DATA
TXN000959,2026-08-03 11:06:13,2026-08-03,11:06:13,Monday,11,17.4412,78.447299,ATM_HYD_102,HDFC 24x7 Cash Point - Maitrivanam,Ameerpet Commercial Hub,Hyderabad,40000,Branch_41,ATM_CASH_WITHDRAWAL,SYNTHETIC / SIMULATED DATA — NOT REAL FINANCIAL DATA
TXN002301,2026-08-03 11:20:18,2026-08-03,11:20:18,Monday,11,17.496558,78.378538,ATM_HYD_904,Express ATM - Uppal Outskirts,Isolated / Peripheral Zone,Hyderabad,10000,Branch_91,ATM_CASH_WITHDRAWAL,SYNTHETIC / SIMULATED DATA — NOT REAL FINANCIAL DATA
TXN001538,2026-08-03 11:48:53,2026-08-03,11:48:53,Monday,11,17.436628,78.501652,ATM_HYD_304,Union Bank ATM - Patny Circle,Secunderabad Station Transit Hub,Hyderabad,30000,Branch_12,ATM_CASH_WITHDRAWAL,SYNTHETIC / SIMULATED DATA — NOT REAL FINANCIAL DATA
TXN001305,2026-08-03 13:11:14,2026-08-03,13:11:14,Monday,13,17.440764,78.504569,ATM_HYD_301,Punjab National Bank - Railway Gate 1,Secunderabad Station Transit Hub,Hyderabad,10000,Branch_21,ATM_CASH_WITHDRAWAL,SYNTHETIC / SIMULATED DATA — NOT REAL FINANCIAL DATA
TXN001438,2026-08-03 13:27:43,2026-08-03,13:27:43,Monday,13,17.434816,78.503175,ATM_HYD_302,Bank of Baroda ATM - Clock Tower Cir,Secunderabad Station Transit Hub,Hyderabad,40000,Branch_32,ATM_CASH_WITHDRAWAL,SYNTHETIC / SIMULATED DATA — NOT REAL FINANCIAL DATA
TXN000454,2026-08-03 14:30:19,2026-08-03,14:30:19,Monday,14,17.369416,78.526448,ATM_HYD_403,HDFC Cash Machine - Malakpet Link,Dilsukhnagar Market Corridor,Hyderabad,10000,Branch_29,ATM_CASH_WITHDRAWAL,SYNTHETIC / SIMULATED DATA — NOT REAL FINANCIAL DATA
TXN001795,2026-08-03 14:51:20,2026-08-03,14:51:20,Monday,14,17.44129,78.448229,ATM_HYD_105,Canara Bank Express ATM - SR Nagar,Ameerpet Commercial Hub,Hyderabad,10000,Branch_42,ATM_CASH_WITHDRAWAL,SYNTHETIC / SIMULATED DATA — NOT REAL FINANCIAL DATA
TXN001028,2026-08-03 15:28:22,2026-08-03,15:28:22,Monday,15,17.36798,78.524731,ATM_HYD_403,HDFC Cash Machine - Malakpet Link,Dilsukhnagar Market Corridor,Hyderabad,18000,Branch_48,ATM_CASH_WITHDRAWAL,SYNTHETIC / SIMULATED DATA — NOT REAL FINANCIAL DATA
TXN000776,2026-08-03 15:46:08,2026-08-03,15:46:08,Monday,15,17.434712,78.439645,ATM_HYD_102,HDFC 24x7 Cash Point - Maitrivanam,Ameerpet Commercial Hub,Hyderabad,40000,Branch_12,ATM_CASH_WITHDRAWAL,SYNTHETIC / SIMULATED DATA — NOT REAL FINANCIAL DATA
TXN002063,2026-08-03 17:02:47,2026-08-03,17:02:47,Monday,17,17.369971,78.531577,ATM_HYD_401,SBI Express ATM - Dilsukhnagar Metro,Dilsukhnagar Market Corridor,Hyderabad,20000,Branch_36,ATM_CASH_WITHDRAWAL,SYNTHETIC / SIMULATED DATA — NOT REAL FINANCIAL DATA
TXN001362,2026-08-03 17:06:52,2026-08-03,17:06:52,Monday,17,17.43993,78.448362,ATM_HYD_104,Axis Bank ATM - Elephant House,Ameerpet Commercial Hub,Hyderabad,20000,Branch_22,ATM_CASH_WITHDRAWAL,SYNTHETIC / SIMULATED DATA — NOT REAL FINANCIAL DATA
TXN001727,2026-08-03 17:36:24,2026-08-03,17:36:24,Monday,17,17.441139,78.396444,ATM_HYD_202,SBI ATM - Hitec City Metro Pillar 24,Madhapur Tech Corridor,Hyderabad,17000,Branch_12,ATM_CASH_WITHDRAWAL,SYNTHETIC / SIMULATED DATA — NOT REAL FINANCIAL DATA
TXN002453,2026-08-03 17:47:38,2026-08-03,17:47:38,Monday,17,17.488014,78.447842,ATM_HYD_905,Highway Kiosk - Patancheru Depot,Isolated / Peripheral Zone,Hyderabad,40000,Branch_78,ATM_CASH_WITHDRAWAL,SYNTHETIC / SIMULATED DATA — NOT REAL FINANCIAL DATA
TXN000581,2026-08-03 18:07:23,2026-08-03,18:07:23,Monday,18,17.457377,78.395859,ATM_HYD_202,SBI ATM - Hitec City Metro Pillar 24,Madhapur Tech Corridor,Hyderabad,40000,Branch_12,ATM_CASH_WITHDRAWAL,SYNTHETIC / SIMULATED DATA — NOT REAL FINANCIAL DATA
TXN000240,2026-08-03 18:32:23,2026-08-03,18:32:23,Monday,18,17.438498,78.448827,ATM_HYD_103,ICICI e-Lobby - Ameerpet Cross Roads,Ameerpet Commercial Hub,Hyderabad,20000,Branch_15,ATM_CASH_WITHDRAWAL,SYNTHETIC / SIMULATED DATA — NOT REAL FINANCIAL DATA
TXN001636,2026-08-03 18:40:04,2026-08-03,18:40:04,Monday,18,17.436617,78.446577,ATM_HYD_104,Axis Bank ATM - Elephant House,Ameerpet Commercial Hub,Hyderabad,40000,Branch_36,ATM_CASH_WITHDRAWAL,SYNTHETIC / SIMULATED DATA — NOT REAL FINANCIAL DATA
TXN000554,2026-08-03 18:54:36,2026-08-03,18:54:36,Monday,18,17.4486,78.395404,ATM_HYD_203,HDFC Bank E-Corner - Inorbit Road,Madhapur Tech Corridor,Hyderabad,30000,Branch_23,ATM_CASH_WITHDRAWAL,SYNTHETIC / SIMULATED DATA — NOT REAL FINANCIAL DATA
TXN000387,2026-08-03 19:05:38,2026-08-03,19:05:38,Monday,19,17.435825,78.449799,ATM_HYD_101,SBI Kiosk - Ameerpet Metro Junction,Ameerpet Commercial Hub,Hyderabad,25000,Branch_30,ATM_CASH_WITHDRAWAL,SYNTHETIC / SIMULATED DATA — NOT REAL FINANCIAL DATA
TXN000135,2026-08-03 19:16:14,2026-08-03,19:16:14,Monday,19,17.362068,78.475391,ATM_HYD_501,Bank of India - Madina Market,Charminar Heritage Bazaar,Hyderabad,30000,Branch_25,ATM_CASH_WITHDRAWAL,SYNTHETIC / SIMULATED DATA — NOT REAL FINANCIAL DATA
TXN001449,2026-08-03 19:30:17,2026-08-03,19:30:17,Monday,19,17.364582,78.478783,ATM_HYD_501,Bank of India - Madina Market,Charminar Heritage Bazaar,Hyderabad,10000,Branch_16,ATM_CASH_WITHDRAWAL,SYNTHETIC / SIMULATED DATA — NOT REAL FINANCIAL DATA
TXN002159,2026-08-03 19:35:30,2026-08-03,19:35:30,Monday,19,17.447815,78.393964,ATM_HYD_204,ICICI Bank Express ATM - Madhapur Police Station,Madhapur Tech Corridor,Hyderabad,40000,Branch_29,ATM_CASH_WITHDRAWAL,SYNTHETIC / SIMULATED DATA — NOT REAL FINANCIAL DATA
TXN001422,2026-08-03 19:57:24,2026-08-03,19:57:24,Monday,19,17.443054,78.386098,ATM_HYD_204,ICICI Bank Express ATM - Madhapur Police Station,Madhapur Tech Corridor,Hyderabad,50000,Branch_24,ATM_CASH_WITHDRAWAL,SYNTHETIC / SIMULATED DATA — NOT REAL FINANCIAL DATA
TXN001561,2026-08-03 20:23:03,2026-08-03,20:23:03,Monday,20,17.453351,78.397166,ATM_HYD_204,ICICI Bank Express ATM - Madhapur Police Station,Madhapur Tech Corridor,Hyderabad,20000,Branch_47,ATM_CASH_WITHDRAWAL,SYNTHETIC / SIMULATED DATA — NOT REAL FINANCIAL DATA
TXN002047,2026-08-03 21:02:49,2026-08-03,21:02:49,Monday,21,17.442941,78.448603,ATM_HYD_101,SBI Kiosk - Ameerpet Metro Junction,Ameerpet Commercial Hub,Hyderabad,27000,Branch_14,ATM_CASH_WITHDRAWAL,SYNTHETIC / SIMULATED DATA — NOT REAL FINANCIAL DATA
TXN001217,2026-08-03 21:34:37,2026-08-03,21:34:37,Monday,21,17.440363,78.448608,ATM_HYD_102,HDFC 24x7 Cash Point - Maitrivanam,Ameerpet Commercial Hub,Hyderabad,50000,Branch_29,ATM_CASH_WITHDRAWAL,SYNTHETIC / SIMULATED DATA — NOT REAL FINANCIAL DATA
TXN000127,2026-08-03 21:53:55,2026-08-03,21:53:55,Monday,21,17.368017,78.521133,ATM_HYD_403,HDFC Cash Machine - Malakpet Link,Dilsukhnagar Market Corridor,Hyderabad,20000,Branch_11,ATM_CASH_WITHDRAWAL,SYNTHETIC / SIMULATED DATA — NOT REAL FINANCIAL DATA
TXN002371,2026-08-03 22:45:41,2026-08-03,22:45:41,Monday,22,17.48914,78.505047,ATM_HYD_904,Express ATM - Uppal Outskirts,Isolated / Peripheral Zone,Hyderabad,25000,Branch_61,ATM_CASH_WITHDRAWAL,SYNTHETIC / SIMULATED DATA — NOT REAL FINANCIAL DATA
TXN001657,2026-08-03 22:50:54,2026-08-03,22:50:54,Monday,22,17.44494,78.394239,ATM_HYD_205,IndusInd Bank 24/7 ATM - Kavuri Hills,Madhapur Tech Corridor,Hyderabad,15000,Branch_10,ATM_CASH_WITHDRAWAL,SYNTHETIC / SIMULATED DATA — NOT REAL FINANCIAL DATA
TXN002051,2026-08-03 22:54:47,2026-08-03,22:54:47,Monday,22,17.449481,78.388825,ATM_HYD_204,ICICI Bank Express ATM - Madhapur Police Station,Madhapur Tech Corridor,Hyderabad,25000,Branch_13,ATM_CASH_WITHDRAWAL,SYNTHETIC / SIMULATED DATA — NOT REAL FINANCIAL DATA
TXN000509,2026-08-03 22:58:09,2026-08-03,22:58:09,Monday,22,17.364013,78.479881,ATM_HYD_501,Bank of India - Madina Market,Charminar Heritage Bazaar,Hyderabad,40000,Branch_43,ATM_CASH_WITHDRAWAL,SYNTHETIC / SIMULATED DATA — NOT REAL FINANCIAL DATA
TXN002032,2026-08-03 23:04:55,2026-08-03,23:04:55,Monday,23,17.452847,78.386781,ATM_HYD_203,HDFC Bank E-Corner - Inorbit Road,Madhapur Tech Corridor,Hyderabad,15000,Branch_30,ATM_CASH_WITHDRAWAL,SYNTHETIC / SIMULATED DATA — NOT REAL FINANCIAL DATA
TXN001984,2026-08-03 23:46:03,2026-08-03,23:46:03,Monday,23,17.457058,78.391985,ATM_HYD_205,IndusInd Bank 24/7 ATM - Kavuri Hills,Madhapur Tech Corridor,Hyderabad,20000,Branch_35,ATM_CASH_WITHDRAWAL,SYNTHETIC / SIMULATED DATA — NOT REAL FINANCIAL DATA
TXN001265,2026-08-04 00:06:46,2026-08-04,00:06:46,Tuesday,0,17.442604,78.449574,ATM_HYD_105,Canara Bank Express ATM - SR Nagar,Ameerpet Commercial Hub,Hyderabad,25000,Branch_38,ATM_CASH_WITHDRAWAL,SYNTHETIC / SIMULATED DATA — NOT REAL FINANCIAL DATA
TXN000091,2026-08-04 00:18:18,2026-08-04,00:18:18,Tuesday,0,17.432431,78.445679,ATM_HYD_101,SBI Kiosk - Ameerpet Metro Junction,Ameerpet Commercial Hub,Hyderabad,15000,Branch_11,ATM_CASH_WITHDRAWAL,SYNTHETIC / SIMULATED DATA — NOT REAL FINANCIAL DATA
TXN002360,2026-08-04 00:42:04,2026-08-04,00:42:04,Tuesday,0,17.510815,78.352753,ATM_HYD_905,Highway Kiosk - Patancheru Depot,Isolated / Peripheral Zone,Hyderabad,15000,Branch_53,ATM_CASH_WITHDRAWAL,SYNTHETIC / SIMULATED DATA — NOT REAL FINANCIAL DATA
TXN001081,2026-08-04 01:37:47,2026-08-04,01:37:47,Tuesday,1,17.37101,78.52477,ATM_HYD_401,SBI Express ATM - Dilsukhnagar Metro,Dilsukhnagar Market Corridor,Hyderabad,25000,Branch_17,ATM_CASH_WITHDRAWAL,SYNTHETIC / SIMULATED DATA — NOT REAL FINANCIAL DATA
TXN001809,2026-08-04 07:24:07,2026-08-04,07:24:07,Tuesday,7,17.434763,78.450041,ATM_HYD_102,HDFC 24x7 Cash Point - Maitrivanam,Ameerpet Commercial Hub,Hyderabad,18000,Branch_14,ATM_CASH_WITHDRAWAL,SYNTHETIC / SIMULATED DATA — NOT REAL FINANCIAL DATA
TXN002075,2026-08-04 07:29:29,2026-08-04,07:29:29,Tuesday,7,17.372871,78.527093,ATM_HYD_402,Andhra Bank (UBI) ATM - Chaitanyapuri,Dilsukhnagar Market Corridor,Hyderabad,40000,Branch_35,ATM_CASH_WITHDRAWAL,SYNTHETIC / SIMULATED DATA — NOT REAL FINANCIAL DATA
TXN002304,2026-08-04 08:28:12,2026-08-04,08:28:12,Tuesday,8,17.41998,78.342802,ATM_HYD_903,Market Yard Cash Point - Shamshabad Link,Isolated / Peripheral Zone,Hyderabad,30000,Branch_70,ATM_CASH_WITHDRAWAL,SYNTHETIC / SIMULATED DATA — NOT REAL FINANCIAL DATA
TXN002368,2026-08-04 09:32:20,2026-08-04,09:32:20,Tuesday,9,17.370782,78.348756,ATM_HYD_901,Rural Kiosk - Outer Ring Road Exit 4,Isolated / Peripheral Zone,Hyderabad,40000,Branch_69,ATM_CASH_WITHDRAWAL,SYNTHETIC / SIMULATED DATA — NOT REAL FINANCIAL DATA
TXN002098,2026-08-04 13:07:40,2026-08-04,13:07:40,Tuesday,13,17.440688,78.5067,ATM_HYD_303,SBI Multi-Service Lounge - Station Rd,Secunderabad Station Transit Hub,Hyderabad,20000,Branch_47,ATM_CASH_WITHDRAWAL,SYNTHETIC / SIMULATED DATA — NOT REAL FINANCIAL DATA
TXN000931,2026-08-04 13:09:38,2026-08-04,13:09:38,Tuesday,13,17.438469,78.445475,ATM_HYD_105,Canara Bank Express ATM - SR Nagar,Ameerpet Commercial Hub,Hyderabad,40000,Branch_19,ATM_CASH_WITHDRAWAL,SYNTHETIC / SIMULATED DATA — NOT REAL FINANCIAL DATA
TXN000544,2026-08-04 13:44:15,2026-08-04,13:44:15,Tuesday,13,17.442092,78.512248,ATM_HYD_304,Union Bank ATM - Patny Circle,Secunderabad Station Transit Hub,Hyderabad,12000,Branch_27,ATM_CASH_WITHDRAWAL,SYNTHETIC / SIMULATED DATA — NOT REAL FINANCIAL DATA
TXN000162,2026-08-04 14:02:37,2026-08-04,14:02:37,Tuesday,14,17.442129,78.501016,ATM_HYD_301,Punjab National Bank - Railway Gate 1,Secunderabad Station Transit Hub,Hyderabad,15000,Branch_18,ATM_CASH_WITHDRAWAL,SYNTHETIC / SIMULATED DATA — NOT REAL FINANCIAL DATA
TXN001455,2026-08-04 14:41:10,2026-08-04,14:41:10,Tuesday,14,17.435618,78.442666,ATM_HYD_101,SBI Kiosk - Ameerpet Metro Junction,Ameerpet Commercial Hub,Hyderabad,27000,Branch_12,ATM_CASH_WITHDRAWAL,SYNTHETIC / SIMULATED DATA — NOT REAL FINANCIAL DATA
TXN000643,2026-08-04 15:24:58,2026-08-04,15:24:58,Tuesday,15,17.437143,78.443906,ATM_HYD_102,HDFC 24x7 Cash Point - Maitrivanam,Ameerpet Commercial Hub,Hyderabad,10000,Branch_17,ATM_CASH_WITHDRAWAL,SYNTHETIC / SIMULATED DATA — NOT REAL FINANCIAL DATA
TXN002125,2026-08-04 16:42:17,2026-08-04,16:42:17,Tuesday,16,17.362607,78.475171,ATM_HYD_502,SBI ATM - Gulzar Houz,Charminar Heritage Bazaar,Hyderabad,23000,Branch_24,ATM_CASH_WITHDRAWAL,SYNTHETIC / SIMULATED DATA — NOT REAL FINANCIAL DATA
TXN001775,2026-08-04 16:59:01,2026-08-04,16:59:01,Tuesday,16,17.365223,78.531099,ATM_HYD_403,HDFC Cash Machine - Malakpet Link,Dilsukhnagar Market Corridor,Hyderabad,20000,Branch_31,ATM_CASH_WITHDRAWAL,SYNTHETIC / SIMULATED DATA — NOT REAL FINANCIAL DATA
TXN002443,2026-08-04 18:06:40,2026-08-04,18:06:40,Tuesday,18,17.44176,78.519377,ATM_HYD_904,Express ATM - Uppal Outskirts,Isolated / Peripheral Zone,Hyderabad,10000,Branch_98,ATM_CASH_WITHDRAWAL,SYNTHETIC / SIMULATED DATA — NOT REAL FINANCIAL DATA
TXN000043,2026-08-04 18:42:37,2026-08-04,18:42:37,Tuesday,18,17.434014,78.44749,ATM_HYD_105,Canara Bank Express ATM - SR Nagar,Ameerpet Commercial Hub,Hyderabad,40000,Branch_30,ATM_CASH_WITHDRAWAL,SYNTHETIC / SIMULATED DATA — NOT REAL FINANCIAL DATA
TXN000242,2026-08-04 18:44:53,2026-08-04,18:44:53,Tuesday,18,17.361643,78.474454,ATM_HYD_501,Bank of India - Madina Market,Charminar Heritage Bazaar,Hyderabad,30000,Branch_40,ATM_CASH_WITHDRAWAL,SYNTHETIC / SIMULATED DATA — NOT REAL FINANCIAL DATA
TXN000339,2026-08-04 18:49:08,2026-08-04,18:49:08,Tuesday,18,17.444307,78.397096,ATM_HYD_204,ICICI Bank Express ATM - Madhapur Police Station,Madhapur Tech Corridor,Hyderabad,50000,Branch_36,ATM_CASH_WITHDRAWAL,SYNTHETIC / SIMULATED DATA — NOT REAL FINANCIAL DATA
TXN000843,2026-08-04 19:48:40,2026-08-04,19:48:40,Tuesday,19,17.436868,78.448966,ATM_HYD_104,Axis Bank ATM - Elephant House,Ameerpet Commercial Hub,Hyderabad,50000,Branch_22,ATM_CASH_WITHDRAWAL,SYNTHETIC / SIMULATED DATA — NOT REAL FINANCIAL DATA
TXN000535,2026-08-04 19:51:36,2026-08-04,19:51:36,Tuesday,19,17.441225,78.502359,ATM_HYD_304,Union Bank ATM - Patny Circle,Secunderabad Station Transit Hub,Hyderabad,20000,Branch_49,ATM_CASH_WITHDRAWAL,SYNTHETIC / SIMULATED DATA — NOT REAL FINANCIAL DATA
TXN001788,2026-08-04 19:55:28,2026-08-04,19:55:28,Tuesday,19,17.439892,78.501756,ATM_HYD_301,Punjab National Bank - Railway Gate 1,Secunderabad Station Transit Hub,Hyderabad,50000,Branch_12,ATM_CASH_WITHDRAWAL,SYNTHETIC / SIMULATED DATA — NOT REAL FINANCIAL DATA
TXN000429,2026-08-04 19:55:52,2026-08-04,19:55:52,Tuesday,19,17.443053,78.399245,ATM_HYD_203,HDFC Bank E-Corner - Inorbit Road,Madhapur Tech Corridor,Hyderabad,13000,Branch_25,ATM_CASH_WITHDRAWAL,SYNTHETIC / SIMULATED DATA — NOT REAL FINANCIAL DATA
TXN000674,2026-08-04 20:59:04,2026-08-04,20:59:04,Tuesday,20,17.452614,78.388306,ATM_HYD_201,Kotak ATM - Cyber Towers Concourse,Madhapur Tech Corridor,Hyderabad,40000,Branch_43,ATM_CASH_WITHDRAWAL,SYNTHETIC / SIMULATED DATA — NOT REAL FINANCIAL DATA
TXN001829,2026-08-04 21:50:33,2026-08-04,21:50:33,Tuesday,21,17.36944,78.524541,ATM_HYD_403,HDFC Cash Machine - Malakpet Link,Dilsukhnagar Market Corridor,Hyderabad,20000,Branch_45,ATM_CASH_WITHDRAWAL,SYNTHETIC / SIMULATED DATA — NOT REAL FINANCIAL DATA
TXN001895,2026-08-04 21:57:45,2026-08-04,21:57:45,Tuesday,21,17.452857,78.39218,ATM_HYD_201,Kotak ATM - Cyber Towers Concourse,Madhapur Tech Corridor,Hyderabad,20000,Branch_21,ATM_CASH_WITHDRAWAL,SYNTHETIC / SIMULATED DATA — NOT REAL FINANCIAL DATA
TXN000707,2026-08-04 22:00:10,2026-08-04,22:00:10,Tuesday,22,17.451816,78.390281,ATM_HYD_202,SBI ATM - Hitec City Metro Pillar 24,Madhapur Tech Corridor,Hyderabad,22000,Branch_35,ATM_CASH_WITHDRAWAL,SYNTHETIC / SIMULATED DATA — NOT REAL FINANCIAL DATA
TXN001210,2026-08-04 22:09:57,2026-08-04,22:09:57,Tuesday,22,17.361464,78.472351,ATM_HYD_502,SBI ATM - Gulzar Houz,Charminar Heritage Bazaar,Hyderabad,10000,Branch_43,ATM_CASH_WITHDRAWAL,SYNTHETIC / SIMULATED DATA — NOT REAL FINANCIAL DATA
TXN001419,2026-08-04 23:05:19,2026-08-04,23:05:19,Tuesday,23,17.446841,78.398118,ATM_HYD_205,IndusInd Bank 24/7 ATM - Kavuri Hills,Madhapur Tech Corridor,Hyderabad,20000,Branch_45,ATM_CASH_WITHDRAWAL,SYNTHETIC / SIMULATED DATA — NOT REAL FINANCIAL DATA
TXN000427,2026-08-05 00:57:34,2026-08-05,00:57:34,Wednesday,0,17.450029,78.388376,ATM_HYD_205,IndusInd Bank 24/7 ATM - Kavuri Hills,Madhapur Tech Corridor,Hyderabad,25000,Branch_23,ATM_CASH_WITHDRAWAL,SYNTHETIC / SIMULATED DATA — NOT REAL FINANCIAL DATA
TXN002411,2026-08-05 01:49:00,2026-08-05,01:49:00,Wednesday,1,17.513953,78.339389,ATM_HYD_905,Highway Kiosk - Patancheru Depot,Isolated / Peripheral Zone,Hyderabad,20000,Branch_56,ATM_CASH_WITHDRAWAL,SYNTHETIC / SIMULATED DATA — NOT REAL FINANCIAL DATA
TXN002322,2026-08-05 02:16:36,2026-08-05,02:16:36,Wednesday,2,17.448958,78.448995,ATM_HYD_902,Petrol Pump ATM - Medchal Highway,Isolated / Peripheral Zone,Hyderabad,50000,Branch_98,ATM_CASH_WITHDRAWAL,SYNTHETIC / SIMULATED DATA — NOT REAL FINANCIAL DATA
TXN001109,2026-08-05 02:24:30,2026-08-05,02:24:30,Wednesday,2,17.444158,78.510653,ATM_HYD_302,Bank of Baroda ATM - Clock Tower Cir,Secunderabad Station Transit Hub,Hyderabad,10000,Branch_11,ATM_CASH_WITHDRAWAL,SYNTHETIC / SIMULATED DATA — NOT REAL FINANCIAL DATA
TXN000842,2026-08-05 02:50:10,2026-08-05,02:50:10,Wednesday,2,17.444268,78.499937,ATM_HYD_304,Union Bank ATM - Patny Circle,Secunderabad Station Transit Hub,Hyderabad,20000,Branch_44,ATM_CASH_WITHDRAWAL,SYNTHETIC / SIMULATED DATA — NOT REAL FINANCIAL DATA
TXN000493,2026-08-05 03:29:22,2026-08-05,03:29:22,Wednesday,3,17.438863,78.449754,ATM_HYD_101,SBI Kiosk - Ameerpet Metro Junction,Ameerpet Commercial Hub,Hyderabad,20000,Branch_37,ATM_CASH_WITHDRAWAL,SYNTHETIC / SIMULATED DATA — NOT REAL FINANCIAL DATA
TXN001892,2026-08-05 06:20:05,2026-08-05,06:20:05,Wednesday,6,17.441993,78.393164,ATM_HYD_204,ICICI Bank Express ATM - Madhapur Police Station,Madhapur Tech Corridor,Hyderabad,40000,Branch_27,ATM_CASH_WITHDRAWAL,SYNTHETIC / SIMULATED DATA — NOT REAL FINANCIAL DATA
TXN002387,2026-08-05 06:48:51,2026-08-05,06:48:51,Wednesday,6,17.404543,78.566279,ATM_HYD_905,Highway Kiosk - Patancheru Depot,Isolated / Peripheral Zone,Hyderabad,15000,Branch_77,ATM_CASH_WITHDRAWAL,SYNTHETIC / SIMULATED DATA — NOT REAL FINANCIAL DATA
TXN000064,2026-08-05 07:25:41,2026-08-05,07:25:41,Wednesday,7,17.448478,78.388387,ATM_HYD_203,HDFC Bank E-Corner - Inorbit Road,Madhapur Tech Corridor,Hyderabad,30000,Branch_22,ATM_CASH_WITHDRAWAL,SYNTHETIC / SIMULATED DATA — NOT REAL FINANCIAL DATA
TXN002026,2026-08-05 11:11:15,2026-08-05,11:11:15,Wednesday,11,17.438002,78.445901,ATM_HYD_104,Axis Bank ATM - Elephant House,Ameerpet Commercial Hub,Hyderabad,20000,Branch_41,ATM_CASH_WITHDRAWAL,SYNTHETIC / SIMULATED DATA — NOT REAL FINANCIAL DATA
TXN001364,2026-08-05 11:52:20,2026-08-05,11:52:20,Wednesday,11,17.441335,78.500848,ATM_HYD_302,Bank of Baroda ATM - Clock Tower Cir,Secunderabad Station Transit Hub,Hyderabad,50000,Branch_22,ATM_CASH_WITHDRAWAL,SYNTHETIC / SIMULATED DATA — NOT REAL FINANCIAL DATA
TXN000962,2026-08-05 12:51:41,2026-08-05,12:51:41,Wednesday,12,17.439134,78.506253,ATM_HYD_303,SBI Multi-Service Lounge - Station Rd,Secunderabad Station Transit Hub,Hyderabad,20000,Branch_39,ATM_CASH_WITHDRAWAL,SYNTHETIC / SIMULATED DATA — NOT REAL FINANCIAL DATA
TXN002389,2026-08-05 14:12:15,2026-08-05,14:12:15,Wednesday,14,17.51837,78.499848,ATM_HYD_903,Market Yard Cash Point - Shamshabad Link,Isolated / Peripheral Zone,Hyderabad,50000,Branch_73,ATM_CASH_WITHDRAWAL,SYNTHETIC / SIMULATED DATA — NOT REAL FINANCIAL DATA
TXN000806,2026-08-05 14:28:48,2026-08-05,14:28:48,Wednesday,14,17.448515,78.503224,ATM_HYD_302,Bank of Baroda ATM - Clock Tower Cir,Secunderabad Station Transit Hub,Hyderabad,15000,Branch_42,ATM_CASH_WITHDRAWAL,SYNTHETIC / SIMULATED DATA — NOT REAL FINANCIAL DATA
TXN001517,2026-08-05 14:35:45,2026-08-05,14:35:45,Wednesday,14,17.439128,78.504962,ATM_HYD_302,Bank of Baroda ATM - Clock Tower Cir,Secunderabad Station Transit Hub,Hyderabad,15000,Branch_45,ATM_CASH_WITHDRAWAL,SYNTHETIC / SIMULATED DATA — NOT REAL FINANCIAL DATA
TXN001202,2026-08-05 14:40:07,2026-08-05,14:40:07,Wednesday,14,17.437602,78.450863,ATM_HYD_105,Canara Bank Express ATM - SR Nagar,Ameerpet Commercial Hub,Hyderabad,10000,Branch_33,ATM_CASH_WITHDRAWAL,SYNTHETIC / SIMULATED DATA — NOT REAL FINANCIAL DATA
TXN000593,2026-08-05 14:42:41,2026-08-05,14:42:41,Wednesday,14,17.435372,78.446868,ATM_HYD_101,SBI Kiosk - Ameerpet Metro Junction,Ameerpet Commercial Hub,Hyderabad,20000,Branch_32,ATM_CASH_WITHDRAWAL,SYNTHETIC / SIMULATED DATA — NOT REAL FINANCIAL DATA
TXN001482,2026-08-05 14:43:59,2026-08-05,14:43:59,Wednesday,14,17.436921,78.444571,ATM_HYD_105,Canara Bank Express ATM - SR Nagar,Ameerpet Commercial Hub,Hyderabad,20000,Branch_43,ATM_CASH_WITHDRAWAL,SYNTHETIC / SIMULATED DATA — NOT REAL FINANCIAL DATA
TXN000840,2026-08-05 14:46:20,2026-08-05,14:46:20,Wednesday,14,17.439318,78.49944,ATM_HYD_304,Union Bank ATM - Patny Circle,Secunderabad Station Transit Hub,Hyderabad,20000,Branch_46,ATM_CASH_WITHDRAWAL,SYNTHETIC / SIMULATED DATA — NOT REAL FINANCIAL DATA
TXN001255,2026-08-05 14:53:39,2026-08-05,14:53:39,Wednesday,14,17.438414,78.49901,ATM_HYD_304,Union Bank ATM - Patny Circle,Secunderabad Station Transit Hub,Hyderabad,25000,Branch_20,ATM_CASH_WITHDRAWAL,SYNTHETIC / SIMULATED DATA — NOT REAL FINANCIAL DATA
TXN000208,2026-08-05 14:58:04,2026-08-05,14:58:04,Wednesday,14,17.446456,78.501951,ATM_HYD_304,Union Bank ATM - Patny Circle,Secunderabad Station Transit Hub,Hyderabad,40000,Branch_46,ATM_CASH_WITHDRAWAL,SYNTHETIC / SIMULATED DATA — NOT REAL FINANCIAL DATA
TXN001526,2026-08-05 15:02:40,2026-08-05,15:02:40,Wednesday,15,17.435218,78.446507,ATM_HYD_102,HDFC 24x7 Cash Point - Maitrivanam,Ameerpet Commercial Hub,Hyderabad,27000,Branch_18,ATM_CASH_WITHDRAWAL,SYNTHETIC / SIMULATED DATA — NOT REAL FINANCIAL DATA
TXN001846,2026-08-05 15:34:12,2026-08-05,15:34:12,Wednesday,15,17.43424,78.447292,ATM_HYD_101,SBI Kiosk - Ameerpet Metro Junction,Ameerpet Commercial Hub,Hyderabad,25000,Branch_44,ATM_CASH_WITHDRAWAL,SYNTHETIC / SIMULATED DATA — NOT REAL FINANCIAL DATA
TXN002074,2026-08-05 15:53:27,2026-08-05,15:53:27,Wednesday,15,17.366709,78.526515,ATM_HYD_404,Canara Bank ATM - Dilsukhnagar Bus Depot,Dilsukhnagar Market Corridor,Hyderabad,10000,Branch_10,ATM_CASH_WITHDRAWAL,SYNTHETIC / SIMULATED DATA — NOT REAL FINANCIAL DATA
TXN000808,2026-08-05 17:05:25,2026-08-05,17:05:25,Wednesday,17,17.359667,78.472973,ATM_HYD_503,HDFC Bank Kiosk - Nayapul Bridge,Charminar Heritage Bazaar,Hyderabad,25000,Branch_18,ATM_CASH_WITHDRAWAL,SYNTHETIC / SIMULATED DATA — NOT REAL FINANCIAL DATA
TXN002457,2026-08-05 17:30:50,2026-08-05,17:30:50,Wednesday,17,17.437689,78.528398,ATM_HYD_903,Market Yard Cash Point - Shamshabad Link,Isolated / Peripheral Zone,Hyderabad,20000,Branch_87,ATM_CASH_WITHDRAWAL,SYNTHETIC / SIMULATED DATA — NOT REAL FINANCIAL DATA
TXN002058,2026-08-05 18:11:36,2026-08-05,18:11:36,Wednesday,18,17.443532,78.39238,ATM_HYD_203,HDFC Bank E-Corner - Inorbit Road,Madhapur Tech Corridor,Hyderabad,25000,Branch_19,ATM_CASH_WITHDRAWAL,SYNTHETIC / SIMULATED DATA — NOT REAL FINANCIAL DATA
TXN001774,2026-08-05 18:11:42,2026-08-05,18:11:42,Wednesday,18,17.357865,78.470281,ATM_HYD_502,SBI ATM - Gulzar Houz,Charminar Heritage Bazaar,Hyderabad,10000,Branch_13,ATM_CASH_WITHDRAWAL,SYNTHETIC / SIMULATED DATA — NOT REAL FINANCIAL DATA
TXN002199,2026-08-05 19:35:56,2026-08-05,19:35:56,Wednesday,19,17.442746,78.39269,ATM_HYD_204,ICICI Bank Express ATM - Madhapur Police Station,Madhapur Tech Corridor,Hyderabad,10000,Branch_34,ATM_CASH_WITHDRAWAL,SYNTHETIC / SIMULATED DATA — NOT REAL FINANCIAL DATA
TXN000605,2026-08-05 19:41:24,2026-08-05,19:41:24,Wednesday,19,17.437148,78.44554,ATM_HYD_103,ICICI e-Lobby - Ameerpet Cross Roads,Ameerpet Commercial Hub,Hyderabad,15000,Branch_25,ATM_CASH_WITHDRAWAL,SYNTHETIC / SIMULATED DATA — NOT REAL FINANCIAL DATA
TXN000338,2026-08-05 20:04:34,2026-08-05,20:04:34,Wednesday,20,17.439662,78.499333,ATM_HYD_301,Punjab National Bank - Railway Gate 1,Secunderabad Station Transit Hub,Hyderabad,25000,Branch_14,ATM_CASH_WITHDRAWAL,SYNTHETIC / SIMULATED DATA — NOT REAL FINANCIAL DATA
TXN001942,2026-08-05 20:40:47,2026-08-05,20:40:47,Wednesday,20,17.454985,78.394025,ATM_HYD_203,HDFC Bank E-Corner - Inorbit Road,Madhapur Tech Corridor,Hyderabad,50000,Branch_26,ATM_CASH_WITHDRAWAL,SYNTHETIC / SIMULATED DATA — NOT REAL FINANCIAL DATA
TXN000786,2026-08-05 20:45:04,2026-08-05,20:45:04,Wednesday,20,17.369132,78.524182,ATM_HYD_403,HDFC Cash Machine - Malakpet Link,Dilsukhnagar Market Corridor,Hyderabad,38000,Branch_41,ATM_CASH_WITHDRAWAL,SYNTHETIC / SIMULATED DATA — NOT REAL FINANCIAL DATA
TXN000995,2026-08-05 20:46:49,2026-08-05,20:46:49,Wednesday,20,17.45063,78.387067,ATM_HYD_204,ICICI Bank Express ATM - Madhapur Police Station,Madhapur Tech Corridor,Hyderabad,25000,Branch_37,ATM_CASH_WITHDRAWAL,SYNTHETIC / SIMULATED DATA — NOT REAL FINANCIAL DATA
TXN002107,2026-08-05 20:53:50,2026-08-05,20:53:50,Wednesday,20,17.365929,78.522037,ATM_HYD_404,Canara Bank ATM - Dilsukhnagar Bus Depot,Dilsukhnagar Market Corridor,Hyderabad,20000,Branch_16,ATM_CASH_WITHDRAWAL,SYNTHETIC / SIMULATED DATA — NOT REAL FINANCIAL DATA
TXN001200,2026-08-05 21:29:30,2026-08-05,21:29:30,Wednesday,21,17.439727,78.452135,ATM_HYD_101,SBI Kiosk - Ameerpet Metro Junction,Ameerpet Commercial Hub,Hyderabad,40000,Branch_39,ATM_CASH_WITHDRAWAL,SYNTHETIC / SIMULATED DATA — NOT REAL FINANCIAL DATA
TXN001142,2026-08-05 21:39:24,2026-08-05,21:39:24,Wednesday,21,17.447422,78.388275,ATM_HYD_205,IndusInd Bank 24/7 ATM - Kavuri Hills,Madhapur Tech Corridor,Hyderabad,25000,Branch_35,ATM_CASH_WITHDRAWAL,SYNTHETIC / SIMULATED DATA — NOT REAL FINANCIAL DATA
TXN000441,2026-08-05 21:53:29,2026-08-05,21:53:29,Wednesday,21,17.439255,78.443786,ATM_HYD_101,SBI Kiosk - Ameerpet Metro Junction,Ameerpet Commercial Hub,Hyderabad,18000,Branch_38,ATM_CASH_WITHDRAWAL,SYNTHETIC / SIMULATED DATA — NOT REAL FINANCIAL DATA
TXN000040,2026-08-05 21:58:54,2026-08-05,21:58:54,Wednesday,21,17.441224,78.387854,ATM_HYD_201,Kotak ATM - Cyber Towers Concourse,Madhapur Tech Corridor,Hyderabad,25000,Branch_13,ATM_CASH_WITHDRAWAL,SYNTHETIC / SIMULATED DATA — NOT REAL FINANCIAL DATA
TXN000233,2026-08-05 22:46:15,2026-08-05,22:46:15,Wednesday,22,17.452726,78.391954,ATM_HYD_204,ICICI Bank Express ATM - Madhapur Police Station,Madhapur Tech Corridor,Hyderabad,50000,Branch_49,ATM_CASH_WITHDRAWAL,SYNTHETIC / SIMULATED DATA — NOT REAL FINANCIAL DATA
TXN001471,2026-08-05 23:24:11,2026-08-05,23:24:11,Wednesday,23,17.442041,78.392418,ATM_HYD_201,Kotak ATM - Cyber Towers Concourse,Madhapur Tech Corridor,Hyderabad,25000,Branch_44,ATM_CASH_WITHDRAWAL,SYNTHETIC / SIMULATED DATA — NOT REAL FINANCIAL DATA
TXN002298,2026-08-06 02:09:20,2026-08-06,02:09:20,Thursday,2,17.40857,78.3746,ATM_HYD_903,Market Yard Cash Point - Shamshabad Link,Isolated / Peripheral Zone,Hyderabad,25000,Branch_85,ATM_CASH_WITHDRAWAL,SYNTHETIC / SIMULATED DATA — NOT REAL FINANCIAL DATA
TXN001077,2026-08-06 03:09:18,2026-08-06,03:09:18,Thursday,3,17.443451,78.393642,ATM_HYD_201,Kotak ATM - Cyber Towers Concourse,Madhapur Tech Corridor,Hyderabad,30000,Branch_11,ATM_CASH_WITHDRAWAL,SYNTHETIC / SIMULATED DATA — NOT REAL FINANCIAL DATA
TXN002364,2026-08-06 04:45:07,2026-08-06,04:45:07,Thursday,4,17.377938,78.556488,ATM_HYD_903,Market Yard Cash Point - Shamshabad Link,Isolated / Peripheral Zone,Hyderabad,50000,Branch_63,ATM_CASH_WITHDRAWAL,SYNTHETIC / SIMULATED DATA — NOT REAL FINANCIAL DATA
TXN001560,2026-08-06 10:10:35,2026-08-06,10:10:35,Thursday,10,17.368104,78.52193,ATM_HYD_402,Andhra Bank (UBI) ATM - Chaitanyapuri,Dilsukhnagar Market Corridor,Hyderabad,35000,Branch_19,ATM_CASH_WITHDRAWAL,SYNTHETIC / SIMULATED DATA — NOT REAL FINANCIAL DATA
TXN002249,2026-08-06 11:04:20,2026-08-06,11:04:20,Thursday,11,17.437672,78.498797,ATM_HYD_304,Union Bank ATM - Patny Circle,Secunderabad Station Transit Hub,Hyderabad,25000,Branch_48,ATM_CASH_WITHDRAWAL,SYNTHETIC / SIMULATED DATA — NOT REAL FINANCIAL DATA
TXN000175,2026-08-06 12:07:54,2026-08-06,12:07:54,Thursday,12,17.445728,78.502194,ATM_HYD_303,SBI Multi-Service Lounge - Station Rd,Secunderabad Station Transit Hub,Hyderabad,20000,Branch_15,ATM_CASH_WITHDRAWAL,SYNTHETIC / SIMULATED DATA — NOT REAL FINANCIAL DATA
TXN001380,2026-08-06 12:13:08,2026-08-06,12:13:08,Thursday,12,17.440562,78.500235,ATM_HYD_302,Bank of Baroda ATM - Clock Tower Cir,Secunderabad Station Transit Hub,Hyderabad,30000,Branch_45,ATM_CASH_WITHDRAWAL,SYNTHETIC / SIMULATED DATA — NOT REAL FINANCIAL DATA
TXN001633,2026-08-06 12:40:01,2026-08-06,12:40:01,Thursday,12,17.438037,78.504138,ATM_HYD_303,SBI Multi-Service Lounge - Station Rd,Secunderabad Station Transit Hub,Hyderabad,25000,Branch_47,ATM_CASH_WITHDRAWAL,SYNTHETIC / SIMULATED DATA — NOT REAL FINANCIAL DATA
TXN001592,2026-08-06 12:57:22,2026-08-06,12:57:22,Thursday,12,17.358665,78.473822,ATM_HYD_503,HDFC Bank Kiosk - Nayapul Bridge,Charminar Heritage Bazaar,Hyderabad,25000,Branch_45,ATM_CASH_WITHDRAWAL,SYNTHETIC / SIMULATED DATA — NOT REAL FINANCIAL DATA
TXN001777,2026-08-06 13:05:45,2026-08-06,13:05:45,Thursday,13,17.442116,78.503725,ATM_HYD_304,Union Bank ATM - Patny Circle,Secunderabad Station Transit Hub,Hyderabad,15000,Branch_28,ATM_CASH_WITHDRAWAL,SYNTHETIC / SIMULATED DATA — NOT REAL FINANCIAL DATA
TXN000857,2026-08-06 13:09:54,2026-08-06,13:09:54,Thursday,13,17.435877,78.449005,ATM_HYD_102,HDFC 24x7 Cash Point - Maitrivanam,Ameerpet Commercial Hub,Hyderabad,45000,Branch_48,ATM_CASH_WITHDRAWAL,SYNTHETIC / SIMULATED DATA — NOT REAL FINANCIAL DATA
TXN000316,2026-08-06 13:45:30,2026-08-06,13:45:30,Thursday,13,17.443239,78.497651,ATM_HYD_302,Bank of Baroda ATM - Clock Tower Cir,Secunderabad Station Transit Hub,Hyderabad,18000,Branch_10,ATM_CASH_WITHDRAWAL,SYNTHETIC / SIMULATED DATA — NOT REAL FINANCIAL DATA
TXN000463,2026-08-06 14:07:29,2026-08-06,14:07:29,Thursday,14,17.446224,78.50187,ATM_HYD_302,Bank of Baroda ATM - Clock Tower Cir,Secunderabad Station Transit Hub,Hyderabad,50000,Branch_13,ATM_CASH_WITHDRAWAL,SYNTHETIC / SIMULATED DATA — NOT REAL FINANCIAL DATA
TXN000603,2026-08-06 14:32:54,2026-08-06,14:32:54,Thursday,14,17.437959,78.44617,ATM_HYD_105,Canara Bank Express ATM - SR Nagar,Ameerpet Commercial Hub,Hyderabad,30000,Branch_41,ATM_CASH_WITHDRAWAL,SYNTHETIC / SIMULATED DATA — NOT REAL FINANCIAL DATA
TXN001187,2026-08-06 14:36:20,2026-08-06,14:36:20,Thursday,14,17.439826,78.502892,ATM_HYD_302,Bank of Baroda ATM - Clock Tower Cir,Secunderabad Station Transit Hub,Hyderabad,10000,Branch_27,ATM_CASH_WITHDRAWAL,SYNTHETIC / SIMULATED DATA — NOT REAL FINANCIAL DATA
TXN001527,2026-08-06 14:52:13,2026-08-06,14:52:13,Thursday,14,17.433001,78.448429,ATM_HYD_103,ICICI e-Lobby - Ameerpet Cross Roads,Ameerpet Commercial Hub,Hyderabad,20000,Branch_10,ATM_CASH_WITHDRAWAL,SYNTHETIC / SIMULATED DATA — NOT REAL FINANCIAL DATA
TXN001141,2026-08-06 15:30:58,2026-08-06,15:30:58,Thursday,15,17.368811,78.529112,ATM_HYD_401,SBI Express ATM - Dilsukhnagar Metro,Dilsukhnagar Market Corridor,Hyderabad,50000,Branch_48,ATM_CASH_WITHDRAWAL,SYNTHETIC / SIMULATED DATA — NOT REAL FINANCIAL DATA
TXN000124,2026-08-06 15:38:47,2026-08-06,15:38:47,Thursday,15,17.438106,78.44771,ATM_HYD_101,SBI Kiosk - Ameerpet Metro Junction,Ameerpet Commercial Hub,Hyderabad,20000,Branch_28,ATM_CASH_WITHDRAWAL,SYNTHETIC / SIMULATED DATA — NOT REAL FINANCIAL DATA
TXN000788,2026-08-06 15:50:56,2026-08-06,15:50:56,Thursday,15,17.449875,78.398611,ATM_HYD_203,HDFC Bank E-Corner - Inorbit Road,Madhapur Tech Corridor,Hyderabad,25000,Branch_12,ATM_CASH_WITHDRAWAL,SYNTHETIC / SIMULATED DATA — NOT REAL FINANCIAL DATA
TXN000033,2026-08-06 15:51:55,2026-08-06,15:51:55,Thursday,15,17.437395,78.447512,ATM_HYD_101,SBI Kiosk - Ameerpet Metro Junction,Ameerpet Commercial Hub,Hyderabad,18000,Branch_22,ATM_CASH_WITHDRAWAL,SYNTHETIC / SIMULATED DATA — NOT REAL FINANCIAL DATA
TXN001312,2026-08-06 16:55:08,2026-08-06,16:55:08,Thursday,16,17.366629,78.520948,ATM_HYD_402,Andhra Bank (UBI) ATM - Chaitanyapuri,Dilsukhnagar Market Corridor,Hyderabad,20000,Branch_47,ATM_CASH_WITHDRAWAL,SYNTHETIC / SIMULATED DATA — NOT REAL FINANCIAL DATA
TXN001703,2026-08-06 17:27:22,2026-08-06,17:27:22,Thursday,17,17.450947,78.392755,ATM_HYD_201,Kotak ATM - Cyber Towers Concourse,Madhapur Tech Corridor,Hyderabad,25000,Branch_10,ATM_CASH_WITHDRAWAL,SYNTHETIC / SIMULATED DATA — NOT REAL FINANCIAL DATA
TXN002275,2026-08-06 17:31:46,2026-08-06,17:31:46,Thursday,17,17.499768,78.388922,ATM_HYD_904,Express ATM - Uppal Outskirts,Isolated / Peripheral Zone,Hyderabad,50000,Branch_65,ATM_CASH_WITHDRAWAL,SYNTHETIC / SIMULATED DATA — NOT REAL FINANCIAL DATA
TXN002028,2026-08-06 17:34:23,2026-08-06,17:34:23,Thursday,17,17.367569,78.478398,ATM_HYD_501,Bank of India - Madina Market,Charminar Heritage Bazaar,Hyderabad,20000,Branch_28,ATM_CASH_WITHDRAWAL,SYNTHETIC / SIMULATED DATA — NOT REAL FINANCIAL DATA
TXN001716,2026-08-06 17:53:41,2026-08-06,17:53:41,Thursday,17,17.353521,78.471614,ATM_HYD_502,SBI ATM - Gulzar Houz,Charminar Heritage Bazaar,Hyderabad,35000,Branch_16,ATM_CASH_WITHDRAWAL,SYNTHETIC / SIMULATED DATA — NOT REAL FINANCIAL DATA
TXN000434,2026-08-06 18:08:46,2026-08-06,18:08:46,Thursday,18,17.438972,78.449874,ATM_HYD_104,Axis Bank ATM - Elephant House,Ameerpet Commercial Hub,Hyderabad,10000,Branch_18,ATM_CASH_WITHDRAWAL,SYNTHETIC / SIMULATED DATA — NOT REAL FINANCIAL DATA
TXN001764,2026-08-06 18:18:02,2026-08-06,18:18:02,Thursday,18,17.444067,78.395745,ATM_HYD_201,Kotak ATM - Cyber Towers Concourse,Madhapur Tech Corridor,Hyderabad,20000,Branch_48,ATM_CASH_WITHDRAWAL,SYNTHETIC / SIMULATED DATA — NOT REAL FINANCIAL DATA
TXN001603,2026-08-06 18:21:48,2026-08-06,18:21:48,Thursday,18,17.435593,78.449845,ATM_HYD_102,HDFC 24x7 Cash Point - Maitrivanam,Ameerpet Commercial Hub,Hyderabad,40000,Branch_22,ATM_CASH_WITHDRAWAL,SYNTHETIC / SIMULATED DATA — NOT REAL FINANCIAL DATA
TXN000745,2026-08-06 18:33:48,2026-08-06,18:33:48,Thursday,18,17.436861,78.446454,ATM_HYD_105,Canara Bank Express ATM - SR Nagar,Ameerpet Commercial Hub,Hyderabad,20000,Branch_16,ATM_CASH_WITHDRAWAL,SYNTHETIC / SIMULATED DATA — NOT REAL FINANCIAL DATA
TXN001085,2026-08-06 18:37:24,2026-08-06,18:37:24,Thursday,18,17.369047,78.473835,ATM_HYD_503,HDFC Bank Kiosk - Nayapul Bridge,Charminar Heritage Bazaar,Hyderabad,15000,Branch_32,ATM_CASH_WITHDRAWAL,SYNTHETIC / SIMULATED DATA — NOT REAL FINANCIAL DATA
TXN001678,2026-08-06 19:06:03,2026-08-06,19:06:03,Thursday,19,17.451102,78.383653,ATM_HYD_203,HDFC Bank E-Corner - Inorbit Road,Madhapur Tech Corridor,Hyderabad,10000,Branch_37,ATM_CASH_WITHDRAWAL,SYNTHETIC / SIMULATED DATA — NOT REAL FINANCIAL DATA
TXN000926,2026-08-06 19:10:36,2026-08-06,19:10:36,Thursday,19,17.431301,78.447926,ATM_HYD_103,ICICI e-Lobby - Ameerpet Cross Roads,Ameerpet Commercial Hub,Hyderabad,17000,Branch_49,ATM_CASH_WITHDRAWAL,SYNTHETIC / SIMULATED DATA — NOT REAL FINANCIAL DATA
TXN000573,2026-08-06 19:13:48,2026-08-06,19:13:48,Thursday,19,17.443924,78.383629,ATM_HYD_203,HDFC Bank E-Corner - Inorbit Road,Madhapur Tech Corridor,Hyderabad,10000,Branch_46,ATM_CASH_WITHDRAWAL,SYNTHETIC / SIMULATED DATA — NOT REAL FINANCIAL DATA
TXN001249,2026-08-06 19:37:15,2026-08-06,19:37:15,Thursday,19,17.361324,78.472314,ATM_HYD_501,Bank of India - Madina Market,Charminar Heritage Bazaar,Hyderabad,30000,Branch_42,ATM_CASH_WITHDRAWAL,SYNTHETIC / SIMULATED DATA — NOT REAL FINANCIAL DATA
TXN002492,2026-08-06 19:47:46,2026-08-06,19:47:46,Thursday,19,17.454527,78.469266,ATM_HYD_905,Highway Kiosk - Patancheru Depot,Isolated / Peripheral Zone,Hyderabad,40000,Branch_50,ATM_CASH_WITHDRAWAL,SYNTHETIC / SIMULATED DATA — NOT REAL FINANCIAL DATA
TXN001256,2026-08-06 20:13:04,2026-08-06,20:13:04,Thursday,20,17.440595,78.387617,ATM_HYD_201,Kotak ATM - Cyber Towers Concourse,Madhapur Tech Corridor,Hyderabad,30000,Branch_48,ATM_CASH_WITHDRAWAL,SYNTHETIC / SIMULATED DATA — NOT REAL FINANCIAL DATA
TXN001773,2026-08-06 20:24:31,2026-08-06,20:24:31,Thursday,20,17.369941,78.515758,ATM_HYD_401,SBI Express ATM - Dilsukhnagar Metro,Dilsukhnagar Market Corridor,Hyderabad,42000,Branch_34,ATM_CASH_WITHDRAWAL,SYNTHETIC / SIMULATED DATA — NOT REAL FINANCIAL DATA
TXN000024,2026-08-06 21:05:05,2026-08-06,21:05:05,Thursday,21,17.449187,78.388187,ATM_HYD_202,SBI ATM - Hitec City Metro Pillar 24,Madhapur Tech Corridor,Hyderabad,25000,Branch_14,ATM_CASH_WITHDRAWAL,SYNTHETIC / SIMULATED DATA — NOT REAL FINANCIAL DATA
TXN002283,2026-08-06 21:07:18,2026-08-06,21:07:18,Thursday,21,17.456654,78.47499,ATM_HYD_902,Petrol Pump ATM - Medchal Highway,Isolated / Peripheral Zone,Hyderabad,10000,Branch_83,ATM_CASH_WITHDRAWAL,SYNTHETIC / SIMULATED DATA — NOT REAL FINANCIAL DATA
TXN000134,2026-08-06 21:08:59,2026-08-06,21:08:59,Thursday,21,17.452608,78.385057,ATM_HYD_204,ICICI Bank Express ATM - Madhapur Police Station,Madhapur Tech Corridor,Hyderabad,50000,Branch_41,ATM_CASH_WITHDRAWAL,SYNTHETIC / SIMULATED DATA — NOT REAL FINANCIAL DATA
TXN000237,2026-08-06 21:23:35,2026-08-06,21:23:35,Thursday,21,17.439304,78.447994,ATM_HYD_103,ICICI e-Lobby - Ameerpet Cross Roads,Ameerpet Commercial Hub,Hyderabad,20000,Branch_43,ATM_CASH_WITHDRAWAL,SYNTHETIC / SIMULATED DATA — NOT REAL FINANCIAL DATA
TXN001759,2026-08-06 21:51:12,2026-08-06,21:51:12,Thursday,21,17.436506,78.449086,ATM_HYD_101,SBI Kiosk - Ameerpet Metro Junction,Ameerpet Commercial Hub,Hyderabad,20000,Branch_34,ATM_CASH_WITHDRAWAL,SYNTHETIC / SIMULATED DATA — NOT REAL FINANCIAL DATA
TXN001287,2026-08-07 00:28:32,2026-08-07,00:28:32,Friday,0,17.436634,78.440925,ATM_HYD_102,HDFC 24x7 Cash Point - Maitrivanam,Ameerpet Commercial Hub,Hyderabad,25000,Branch_29,ATM_CASH_WITHDRAWAL,SYNTHETIC / SIMULATED DATA — NOT REAL FINANCIAL DATA
TXN000306,2026-08-07 01:07:33,2026-08-07,01:07:33,Friday,1,17.359652,78.476197,ATM_HYD_503,HDFC Bank Kiosk - Nayapul Bridge,Charminar Heritage Bazaar,Hyderabad,15000,Branch_45,ATM_CASH_WITHDRAWAL,SYNTHETIC / SIMULATED DATA — NOT REAL FINANCIAL DATA
TXN000960,2026-08-07 02:47:00,2026-08-07,02:47:00,Friday,2,17.44102,78.495837,ATM_HYD_304,Union Bank ATM - Patny Circle,Secunderabad Station Transit Hub,Hyderabad,15000,Branch_41,ATM_CASH_WITHDRAWAL,SYNTHETIC / SIMULATED DATA — NOT REAL FINANCIAL DATA
TXN002382,2026-08-07 02:49:28,2026-08-07,02:49:28,Friday,2,17.415544,78.382082,ATM_HYD_903,Market Yard Cash Point - Shamshabad Link,Isolated / Peripheral Zone,Hyderabad,25000,Branch_95,ATM_CASH_WITHDRAWAL,SYNTHETIC / SIMULATED DATA — NOT REAL FINANCIAL DATA
TXN002376,2026-08-07 03:27:43,2026-08-07,03:27:43,Friday,3,17.491127,78.464139,ATM_HYD_902,Petrol Pump ATM - Medchal Highway,Isolated / Peripheral Zone,Hyderabad,30000,Branch_63,ATM_CASH_WITHDRAWAL,SYNTHETIC / SIMULATED DATA — NOT REAL FINANCIAL DATA
TXN002377,2026-08-07 07:49:42,2026-08-07,07:49:42,Friday,7,17.330814,78.417069,ATM_HYD_904,Express ATM - Uppal Outskirts,Isolated / Peripheral Zone,Hyderabad,20000,Branch_93,ATM_CASH_WITHDRAWAL,SYNTHETIC / SIMULATED DATA — NOT REAL FINANCIAL DATA
TXN001036,2026-08-07 10:03:39,2026-08-07,10:03:39,Friday,10,17.446201,78.500324,ATM_HYD_303,SBI Multi-Service Lounge - Station Rd,Secunderabad Station Transit Hub,Hyderabad,25000,Branch_34,ATM_CASH_WITHDRAWAL,SYNTHETIC / SIMULATED DATA — NOT REAL FINANCIAL DATA
TXN001282,2026-08-07 11:01:30,2026-08-07,11:01:30,Friday,11,17.443186,78.499273,ATM_HYD_303,SBI Multi-Service Lounge - Station Rd,Secunderabad Station Transit Hub,Hyderabad,50000,Branch_11,ATM_CASH_WITHDRAWAL,SYNTHETIC / SIMULATED DATA — NOT REAL FINANCIAL DATA
TXN001738,2026-08-07 13:02:54,2026-08-07,13:02:54,Friday,13,17.434062,78.44773,ATM_HYD_101,SBI Kiosk - Ameerpet Metro Junction,Ameerpet Commercial Hub,Hyderabad,10000,Branch_38,ATM_CASH_WITHDRAWAL,SYNTHETIC / SIMULATED DATA — NOT REAL FINANCIAL DATA
TXN000191,2026-08-07 13:05:27,2026-08-07,13:05:27,Friday,13,17.43997,78.447369,ATM_HYD_104,Axis Bank ATM - Elephant House,Ameerpet Commercial Hub,Hyderabad,45000,Branch_33,ATM_CASH_WITHDRAWAL,SYNTHETIC / SIMULATED DATA — NOT REAL FINANCIAL DATA
TXN001367,2026-08-07 13:41:39,2026-08-07,13:41:39,Friday,13,17.43989,78.499786,ATM_HYD_302,Bank of Baroda ATM - Clock Tower Cir,Secunderabad Station Transit Hub,Hyderabad,15000,Branch_14,ATM_CASH_WITHDRAWAL,SYNTHETIC / SIMULATED DATA — NOT REAL FINANCIAL DATA
TXN000248,2026-08-07 13:42:15,2026-08-07,13:42:15,Friday,13,17.362702,78.475981,ATM_HYD_502,SBI ATM - Gulzar Houz,Charminar Heritage Bazaar,Hyderabad,40000,Branch_42,ATM_CASH_WITHDRAWAL,SYNTHETIC / SIMULATED DATA — NOT REAL FINANCIAL DATA
TXN002204,2026-08-07 13:58:55,2026-08-07,13:58:55,Friday,13,17.437689,78.449271,ATM_HYD_101,SBI Kiosk - Ameerpet Metro Junction,Ameerpet Commercial Hub,Hyderabad,25000,Branch_31,ATM_CASH_WITHDRAWAL,SYNTHETIC / SIMULATED DATA — NOT REAL FINANCIAL DATA
TXN002308,2026-08-07 14:12:21,2026-08-07,14:12:21,Friday,14,17.333685,78.397318,ATM_HYD_902,Petrol Pump ATM - Medchal Highway,Isolated / Peripheral Zone,Hyderabad,25000,Branch_59,ATM_CASH_WITHDRAWAL,SYNTHETIC / SIMULATED DATA — NOT REAL FINANCIAL DATA
TXN000779,2026-08-07 14:18:52,2026-08-07,14:18:52,Friday,14,17.443361,78.503547,ATM_HYD_302,Bank of Baroda ATM - Clock Tower Cir,Secunderabad Station Transit Hub,Hyderabad,25000,Branch_33,ATM_CASH_WITHDRAWAL,SYNTHETIC / SIMULATED DATA — NOT REAL FINANCIAL DATA
TXN002328,2026-08-07 14:21:42,2026-08-07,14:21:42,Friday,14,17.381154,78.435989,ATM_HYD_901,Rural Kiosk - Outer Ring Road Exit 4,Isolated / Peripheral Zone,Hyderabad,20000,Branch_62,ATM_CASH_WITHDRAWAL,SYNTHETIC / SIMULATED DATA — NOT REAL FINANCIAL DATA
TXN000639,2026-08-07 14:51:45,2026-08-07,14:51:45,Friday,14,17.433995,78.448082,ATM_HYD_105,Canara Bank Express ATM - SR Nagar,Ameerpet Commercial Hub,Hyderabad,20000,Branch_44,ATM_CASH_WITHDRAWAL,SYNTHETIC / SIMULATED DATA — NOT REAL FINANCIAL DATA
TXN001209,2026-08-07 15:25:49,2026-08-07,15:25:49,Friday,15,17.439673,78.445941,ATM_HYD_105,Canara Bank Express ATM - SR Nagar,Ameerpet Commercial Hub,Hyderabad,15000,Branch_13,ATM_CASH_WITHDRAWAL,SYNTHETIC / SIMULATED DATA — NOT REAL FINANCIAL DATA
TXN000008,2026-08-07 15:49:18,2026-08-07,15:49:18,Friday,15,17.370252,78.525214,ATM_HYD_402,Andhra Bank (UBI) ATM - Chaitanyapuri,Dilsukhnagar Market Corridor,Hyderabad,25000,Branch_24,ATM_CASH_WITHDRAWAL,SYNTHETIC / SIMULATED DATA — NOT REAL FINANCIAL DATA
TXN000270,2026-08-07 15:57:19,2026-08-07,15:57:19,Friday,15,17.436272,78.453458,ATM_HYD_103,ICICI e-Lobby - Ameerpet Cross Roads,Ameerpet Commercial Hub,Hyderabad,25000,Branch_21,ATM_CASH_WITHDRAWAL,SYNTHETIC / SIMULATED DATA — NOT REAL FINANCIAL DATA
TXN000122,2026-08-07 16:50:50,2026-08-07,16:50:50,Friday,16,17.373163,78.527606,ATM_HYD_404,Canara Bank ATM - Dilsukhnagar Bus Depot,Dilsukhnagar Market Corridor,Hyderabad,20000,Branch_22,ATM_CASH_WITHDRAWAL,SYNTHETIC / SIMULATED DATA — NOT REAL FINANCIAL DATA
TXN002454,2026-08-07 17:00:49,2026-08-07,17:00:49,Friday,17,17.364147,78.362203,ATM_HYD_905,Highway Kiosk - Patancheru Depot,Isolated / Peripheral Zone,Hyderabad,40000,Branch_61,ATM_CASH_WITHDRAWAL,SYNTHETIC / SIMULATED DATA — NOT REAL FINANCIAL DATA
TXN000449,2026-08-07 17:39:41,2026-08-07,17:39:41,Friday,17,17.449372,78.392709,ATM_HYD_202,SBI ATM - Hitec City Metro Pillar 24,Madhapur Tech Corridor,Hyderabad,25000,Branch_32,ATM_CASH_WITHDRAWAL,SYNTHETIC / SIMULATED DATA — NOT REAL FINANCIAL DATA
TXN002313,2026-08-07 18:07:30,2026-08-07,18:07:30,Friday,18,17.34123,78.442057,ATM_HYD_904,Express ATM - Uppal Outskirts,Isolated / Peripheral Zone,Hyderabad,25000,Branch_75,ATM_CASH_WITHDRAWAL,SYNTHETIC / SIMULATED DATA — NOT REAL FINANCIAL DATA
TXN001425,2026-08-07 18:58:45,2026-08-07,18:58:45,Friday,18,17.363166,78.478698,ATM_HYD_503,HDFC Bank Kiosk - Nayapul Bridge,Charminar Heritage Bazaar,Hyderabad,25000,Branch_34,ATM_CASH_WITHDRAWAL,SYNTHETIC / SIMULATED DATA — NOT REAL FINANCIAL DATA
TXN001833,2026-08-07 19:13:45,2026-08-07,19:13:45,Friday,19,17.435415,78.503499,ATM_HYD_304,Union Bank ATM - Patny Circle,Secunderabad Station Transit Hub,Hyderabad,20000,Branch_36,ATM_CASH_WITHDRAWAL,SYNTHETIC / SIMULATED DATA — NOT REAL FINANCIAL DATA
TXN002139,2026-08-07 19:26:46,2026-08-07,19:26:46,Friday,19,17.442128,78.4481,ATM_HYD_101,SBI Kiosk - Ameerpet Metro Junction,Ameerpet Commercial Hub,Hyderabad,20000,Branch_22,ATM_CASH_WITHDRAWAL,SYNTHETIC / SIMULATED DATA — NOT REAL FINANCIAL DATA
TXN001062,2026-08-07 19:48:00,2026-08-07,19:48:00,Friday,19,17.361702,78.473926,ATM_HYD_503,HDFC Bank Kiosk - Nayapul Bridge,Charminar Heritage Bazaar,Hyderabad,50000,Branch_22,ATM_CASH_WITHDRAWAL,SYNTHETIC / SIMULATED DATA — NOT REAL FINANCIAL DATA
TXN000687,2026-08-07 20:08:06,2026-08-07,20:08:06,Friday,20,17.449324,78.396024,ATM_HYD_205,IndusInd Bank 24/7 ATM - Kavuri Hills,Madhapur Tech Corridor,Hyderabad,20000,Branch_42,ATM_CASH_WITHDRAWAL,SYNTHETIC / SIMULATED DATA — NOT REAL FINANCIAL DATA
TXN001453,2026-08-07 20:34:45,2026-08-07,20:34:45,Friday,20,17.368915,78.525663,ATM_HYD_404,Canara Bank ATM - Dilsukhnagar Bus Depot,Dilsukhnagar Market Corridor,Hyderabad,25000,Branch_17,ATM_CASH_WITHDRAWAL,SYNTHETIC / SIMULATED DATA — NOT REAL FINANCIAL DATA
TXN001756,2026-08-07 20:53:23,2026-08-07,20:53:23,Friday,20,17.369292,78.524396,ATM_HYD_403,HDFC Cash Machine - Malakpet Link,Dilsukhnagar Market Corridor,Hyderabad,50000,Branch_49,ATM_CASH_WITHDRAWAL,SYNTHETIC / SIMULATED DATA — NOT REAL FINANCIAL DATA
TXN000409,2026-08-07 21:07:01,2026-08-07,21:07:01,Friday,21,17.369136,78.529348,ATM_HYD_403,HDFC Cash Machine - Malakpet Link,Dilsukhnagar Market Corridor,Hyderabad,30000,Branch_16,ATM_CASH_WITHDRAWAL,SYNTHETIC / SIMULATED DATA — NOT REAL FINANCIAL DATA
TXN000549,2026-08-07 21:25:08,2026-08-07,21:25:08,Friday,21,17.453777,78.392236,ATM_HYD_202,SBI ATM - Hitec City Metro Pillar 24,Madhapur Tech Corridor,Hyderabad,20000,Branch_43,ATM_CASH_WITHDRAWAL,SYNTHETIC / SIMULATED DATA — NOT REAL FINANCIAL DATA
TXN001735,2026-08-07 21:46:10,2026-08-07,21:46:10,Friday,21,17.440935,78.456018,ATM_HYD_104,Axis Bank ATM - Elephant House,Ameerpet Commercial Hub,Hyderabad,20000,Branch_16,ATM_CASH_WITHDRAWAL,SYNTHETIC / SIMULATED DATA — NOT REAL FINANCIAL DATA
TXN000273,2026-08-07 21:46:30,2026-08-07,21:46:30,Friday,21,17.372141,78.527994,ATM_HYD_401,SBI Express ATM - Dilsukhnagar Metro,Dilsukhnagar Market Corridor,Hyderabad,25000,Branch_36,ATM_CASH_WITHDRAWAL,SYNTHETIC / SIMULATED DATA — NOT REAL FINANCIAL DATA
TXN000217,2026-08-07 22:19:50,2026-08-07,22:19:50,Friday,22,17.446428,78.383544,ATM_HYD_204,ICICI Bank Express ATM - Madhapur Police Station,Madhapur Tech Corridor,Hyderabad,25000,Branch_13,ATM_CASH_WITHDRAWAL,SYNTHETIC / SIMULATED DATA — NOT REAL FINANCIAL DATA
TXN002226,2026-08-07 23:15:49,2026-08-07,23:15:49,Friday,23,17.445351,78.386775,ATM_HYD_203,HDFC Bank E-Corner - Inorbit Road,Madhapur Tech Corridor,Hyderabad,8000,Branch_10,ATM_CASH_WITHDRAWAL,SYNTHETIC / SIMULATED DATA — NOT REAL FINANCIAL DATA
TXN002423,2026-08-08 00:15:13,2026-08-08,00:15:13,Saturday,0,17.393818,78.481548,ATM_HYD_903,Market Yard Cash Point - Shamshabad Link,Isolated / Peripheral Zone,Hyderabad,25000,Branch_65,ATM_CASH_WITHDRAWAL,SYNTHETIC / SIMULATED DATA — NOT REAL FINANCIAL DATA
TXN001285,2026-08-08 01:53:40,2026-08-08,01:53:40,Saturday,1,17.4417,78.388415,ATM_HYD_202,SBI ATM - Hitec City Metro Pillar 24,Madhapur Tech Corridor,Hyderabad,30000,Branch_16,ATM_CASH_WITHDRAWAL,SYNTHETIC / SIMULATED DATA — NOT REAL FINANCIAL DATA
TXN001281,2026-08-08 05:27:31,2026-08-08,05:27:31,Saturday,5,17.437119,78.499919,ATM_HYD_304,Union Bank ATM - Patny Circle,Secunderabad Station Transit Hub,Hyderabad,15000,Branch_31,ATM_CASH_WITHDRAWAL,SYNTHETIC / SIMULATED DATA — NOT REAL FINANCIAL DATA
TXN000604,2026-08-08 06:26:55,2026-08-08,06:26:55,Saturday,6,17.43263,78.448637,ATM_HYD_102,HDFC 24x7 Cash Point - Maitrivanam,Ameerpet Commercial Hub,Hyderabad,25000,Branch_31,ATM_CASH_WITHDRAWAL,SYNTHETIC / SIMULATED DATA — NOT REAL FINANCIAL DATA
TXN001550,2026-08-08 09:57:13,2026-08-08,09:57:13,Saturday,9,17.445833,78.5114,ATM_HYD_303,SBI Multi-Service Lounge - Station Rd,Secunderabad Station Transit Hub,Hyderabad,10000,Branch_19,ATM_CASH_WITHDRAWAL,SYNTHETIC / SIMULATED DATA — NOT REAL FINANCIAL DATA
TXN002220,2026-08-08 13:08:55,2026-08-08,13:08:55,Saturday,13,17.439425,78.443843,ATM_HYD_104,Axis Bank ATM - Elephant House,Ameerpet Commercial Hub,Hyderabad,20000,Branch_49,ATM_CASH_WITHDRAWAL,SYNTHETIC / SIMULATED DATA — NOT REAL FINANCIAL DATA
TXN001068,2026-08-08 13:24:18,2026-08-08,13:24:18,Saturday,13,17.434082,78.449382,ATM_HYD_101,SBI Kiosk - Ameerpet Metro Junction,Ameerpet Commercial Hub,Hyderabad,50000,Branch_29,ATM_CASH_WITHDRAWAL,SYNTHETIC / SIMULATED DATA — NOT REAL FINANCIAL DATA
TXN000903,2026-08-08 13:30:25,2026-08-08,13:30:25,Saturday,13,17.431125,78.447865,ATM_HYD_102,HDFC 24x7 Cash Point - Maitrivanam,Ameerpet Commercial Hub,Hyderabad,15000,Branch_41,ATM_CASH_WITHDRAWAL,SYNTHETIC / SIMULATED DATA — NOT REAL FINANCIAL DATA
TXN000333,2026-08-08 13:59:33,2026-08-08,13:59:33,Saturday,13,17.438286,78.451654,ATM_HYD_103,ICICI e-Lobby - Ameerpet Cross Roads,Ameerpet Commercial Hub,Hyderabad,30000,Branch_42,ATM_CASH_WITHDRAWAL,SYNTHETIC / SIMULATED DATA — NOT REAL FINANCIAL DATA
TXN000987,2026-08-08 14:03:56,2026-08-08,14:03:56,Saturday,14,17.435623,78.505796,ATM_HYD_302,Bank of Baroda ATM - Clock Tower Cir,Secunderabad Station Transit Hub,Hyderabad,15000,Branch_23,ATM_CASH_WITHDRAWAL,SYNTHETIC / SIMULATED DATA — NOT REAL FINANCIAL DATA
TXN001547,2026-08-08 14:23:59,2026-08-08,14:23:59,Saturday,14,17.369705,78.524555,ATM_HYD_403,HDFC Cash Machine - Malakpet Link,Dilsukhnagar Market Corridor,Hyderabad,25000,Branch_15,ATM_CASH_WITHDRAWAL,SYNTHETIC / SIMULATED DATA — NOT REAL FINANCIAL DATA
TXN001155,2026-08-08 14:43:06,2026-08-08,14:43:06,Saturday,14,17.444867,78.502237,ATM_HYD_304,Union Bank ATM - Patny Circle,Secunderabad Station Transit Hub,Hyderabad,20000,Branch_11,ATM_CASH_WITHDRAWAL,SYNTHETIC / SIMULATED DATA — NOT REAL FINANCIAL DATA
TXN001057,2026-08-08 14:48:27,2026-08-08,14:48:27,Saturday,14,17.441981,78.501314,ATM_HYD_301,Punjab National Bank - Railway Gate 1,Secunderabad Station Transit Hub,Hyderabad,18000,Branch_12,ATM_CASH_WITHDRAWAL,SYNTHETIC / SIMULATED DATA — NOT REAL FINANCIAL DATA
TXN001477,2026-08-08 15:05:10,2026-08-08,15:05:10,Saturday,15,17.370344,78.528311,ATM_HYD_401,SBI Express ATM - Dilsukhnagar Metro,Dilsukhnagar Market Corridor,Hyderabad,25000,Branch_15,ATM_CASH_WITHDRAWAL,SYNTHETIC / SIMULATED DATA — NOT REAL FINANCIAL DATA
TXN000166,2026-08-08 15:55:43,2026-08-08,15:55:43,Saturday,15,17.366074,78.525916,ATM_HYD_404,Canara Bank ATM - Dilsukhnagar Bus Depot,Dilsukhnagar Market Corridor,Hyderabad,20000,Branch_35,ATM_CASH_WITHDRAWAL,SYNTHETIC / SIMULATED DATA — NOT REAL FINANCIAL DATA
TXN001827,2026-08-08 16:14:22,2026-08-08,16:14:22,Saturday,16,17.433252,78.445229,ATM_HYD_103,ICICI e-Lobby - Ameerpet Cross Roads,Ameerpet Commercial Hub,Hyderabad,15000,Branch_14,ATM_CASH_WITHDRAWAL,SYNTHETIC / SIMULATED DATA — NOT REAL FINANCIAL DATA
TXN001003,2026-08-08 16:47:59,2026-08-08,16:47:59,Saturday,16,17.371788,78.521234,ATM_HYD_402,Andhra Bank (UBI) ATM - Chaitanyapuri,Dilsukhnagar Market Corridor,Hyderabad,15000,Branch_33,ATM_CASH_WITHDRAWAL,SYNTHETIC / SIMULATED DATA — NOT REAL FINANCIAL DATA
TXN001670,2026-08-08 17:03:13,2026-08-08,17:03:13,Saturday,17,17.367121,78.524162,ATM_HYD_402,Andhra Bank (UBI) ATM - Chaitanyapuri,Dilsukhnagar Market Corridor,Hyderabad,23000,Branch_39,ATM_CASH_WITHDRAWAL,SYNTHETIC / SIMULATED DATA — NOT REAL FINANCIAL DATA
TXN000274,2026-08-08 17:41:04,2026-08-08,17:41:04,Saturday,17,17.36084,78.475903,ATM_HYD_503,HDFC Bank Kiosk - Nayapul Bridge,Charminar Heritage Bazaar,Hyderabad,20000,Branch_43,ATM_CASH_WITHDRAWAL,SYNTHETIC / SIMULATED DATA — NOT REAL FINANCIAL DATA
TXN000384,2026-08-08 17:45:50,2026-08-08,17:45:50,Saturday,17,17.369031,78.526297,ATM_HYD_401,SBI Express ATM - Dilsukhnagar Metro,Dilsukhnagar Market Corridor,Hyderabad,10000,Branch_34,ATM_CASH_WITHDRAWAL,SYNTHETIC / SIMULATED DATA — NOT REAL FINANCIAL DATA
TXN001635,2026-08-08 17:58:53,2026-08-08,17:58:53,Saturday,17,17.360402,78.473883,ATM_HYD_501,Bank of India - Madina Market,Charminar Heritage Bazaar,Hyderabad,30000,Branch_16,ATM_CASH_WITHDRAWAL,SYNTHETIC / SIMULATED DATA — NOT REAL FINANCIAL DATA
TXN000041,2026-08-08 18:40:23,2026-08-08,18:40:23,Saturday,18,17.441613,78.442705,ATM_HYD_105,Canara Bank Express ATM - SR Nagar,Ameerpet Commercial Hub,Hyderabad,28000,Branch_25,ATM_CASH_WITHDRAWAL,SYNTHETIC / SIMULATED DATA — NOT REAL FINANCIAL DATA
TXN000676,2026-08-08 18:58:14,2026-08-08,18:58:14,Saturday,18,17.360073,78.475898,ATM_HYD_503,HDFC Bank Kiosk - Nayapul Bridge,Charminar Heritage Bazaar,Hyderabad,25000,Branch_32,ATM_CASH_WITHDRAWAL,SYNTHETIC / SIMULATED DATA — NOT REAL FINANCIAL DATA
TXN000149,2026-08-08 19:08:53,2026-08-08,19:08:53,Saturday,19,17.443881,78.448222,ATM_HYD_104,Axis Bank ATM - Elephant House,Ameerpet Commercial Hub,Hyderabad,10000,Branch_44,ATM_CASH_WITHDRAWAL,SYNTHETIC / SIMULATED DATA — NOT REAL FINANCIAL DATA
TXN002332,2026-08-08 19:52:31,2026-08-08,19:52:31,Saturday,19,17.311004,78.451812,ATM_HYD_905,Highway Kiosk - Patancheru Depot,Isolated / Peripheral Zone,Hyderabad,20000,Branch_73,ATM_CASH_WITHDRAWAL,SYNTHETIC / SIMULATED DATA — NOT REAL FINANCIAL DATA
TXN000835,2026-08-08 20:08:32,2026-08-08,20:08:32,Saturday,20,17.45322,78.389154,ATM_HYD_203,HDFC Bank E-Corner - Inorbit Road,Madhapur Tech Corridor,Hyderabad,10000,Branch_40,ATM_CASH_WITHDRAWAL,SYNTHETIC / SIMULATED DATA — NOT REAL FINANCIAL DATA
TXN000510,2026-08-08 20:25:37,2026-08-08,20:25:37,Saturday,20,17.43889,78.494903,ATM_HYD_303,SBI Multi-Service Lounge - Station Rd,Secunderabad Station Transit Hub,Hyderabad,27000,Branch_30,ATM_CASH_WITHDRAWAL,SYNTHETIC / SIMULATED DATA — NOT REAL FINANCIAL DATA
TXN000278,2026-08-08 20:35:17,2026-08-08,20:35:17,Saturday,20,17.440306,78.503481,ATM_HYD_303,SBI Multi-Service Lounge - Station Rd,Secunderabad Station Transit Hub,Hyderabad,27000,Branch_49,ATM_CASH_WITHDRAWAL,SYNTHETIC / SIMULATED DATA — NOT REAL FINANCIAL DATA
TXN001157,2026-08-08 20:42:30,2026-08-08,20:42:30,Saturday,20,17.438404,78.447713,ATM_HYD_101,SBI Kiosk - Ameerpet Metro Junction,Ameerpet Commercial Hub,Hyderabad,30000,Branch_27,ATM_CASH_WITHDRAWAL,SYNTHETIC / SIMULATED DATA — NOT REAL FINANCIAL DATA
TXN002312,2026-08-08 21:06:48,2026-08-08,21:06:48,Saturday,21,17.318091,78.434566,ATM_HYD_904,Express ATM - Uppal Outskirts,Isolated / Peripheral Zone,Hyderabad,25000,Branch_71,ATM_CASH_WITHDRAWAL,SYNTHETIC / SIMULATED DATA — NOT REAL FINANCIAL DATA
TXN002042,2026-08-08 21:21:29,2026-08-08,21:21:29,Saturday,21,17.447139,78.393446,ATM_HYD_203,HDFC Bank E-Corner - Inorbit Road,Madhapur Tech Corridor,Hyderabad,10000,Branch_37,ATM_CASH_WITHDRAWAL,SYNTHETIC / SIMULATED DATA — NOT REAL FINANCIAL DATA
TXN002270,2026-08-08 21:27:38,2026-08-08,21:27:38,Saturday,21,17.301588,78.409149,ATM_HYD_905,Highway Kiosk - Patancheru Depot,Isolated / Peripheral Zone,Hyderabad,25000,Branch_81,ATM_CASH_WITHDRAWAL,SYNTHETIC / SIMULATED DATA — NOT REAL FINANCIAL DATA
TXN000921,2026-08-08 21:33:54,2026-08-08,21:33:54,Saturday,21,17.371133,78.520562,ATM_HYD_404,Canara Bank ATM - Dilsukhnagar Bus Depot,Dilsukhnagar Market Corridor,Hyderabad,25000,Branch_27,ATM_CASH_WITHDRAWAL,SYNTHETIC / SIMULATED DATA — NOT REAL FINANCIAL DATA
TXN000372,2026-08-08 21:41:48,2026-08-08,21:41:48,Saturday,21,17.436194,78.450863,ATM_HYD_103,ICICI e-Lobby - Ameerpet Cross Roads,Ameerpet Commercial Hub,Hyderabad,27000,Branch_34,ATM_CASH_WITHDRAWAL,SYNTHETIC / SIMULATED DATA — NOT REAL FINANCIAL DATA
TXN000665,2026-08-08 23:00:45,2026-08-08,23:00:45,Saturday,23,17.441267,78.451157,ATM_HYD_105,Canara Bank Express ATM - SR Nagar,Ameerpet Commercial Hub,Hyderabad,25000,Branch_18,ATM_CASH_WITHDRAWAL,SYNTHETIC / SIMULATED DATA — NOT REAL FINANCIAL DATA
TXN001924,2026-08-08 23:13:27,2026-08-08,23:13:27,Saturday,23,17.441903,78.389785,ATM_HYD_203,HDFC Bank E-Corner - Inorbit Road,Madhapur Tech Corridor,Hyderabad,23000,Branch_19,ATM_CASH_WITHDRAWAL,SYNTHETIC / SIMULATED DATA — NOT REAL FINANCIAL DATA
TXN001242,2026-08-09 05:14:38,2026-08-09,05:14:38,Sunday,5,17.440011,78.493001,ATM_HYD_304,Union Bank ATM - Patny Circle,Secunderabad Station Transit Hub,Hyderabad,30000,Branch_35,ATM_CASH_WITHDRAWAL,SYNTHETIC / SIMULATED DATA — NOT REAL FINANCIAL DATA
TXN000383,2026-08-09 07:40:54,2026-08-09,07:40:54,Sunday,7,17.437924,78.504948,ATM_HYD_304,Union Bank ATM - Patny Circle,Secunderabad Station Transit Hub,Hyderabad,50000,Branch_25,ATM_CASH_WITHDRAWAL,SYNTHETIC / SIMULATED DATA — NOT REAL FINANCIAL DATA
TXN001705,2026-08-09 08:24:09,2026-08-09,08:24:09,Sunday,8,17.44582,78.394286,ATM_HYD_202,SBI ATM - Hitec City Metro Pillar 24,Madhapur Tech Corridor,Hyderabad,35000,Branch_22,ATM_CASH_WITHDRAWAL,SYNTHETIC / SIMULATED DATA — NOT REAL FINANCIAL DATA
TXN002483,2026-08-09 09:16:27,2026-08-09,09:16:27,Sunday,9,17.489997,78.42288,ATM_HYD_905,Highway Kiosk - Patancheru Depot,Isolated / Peripheral Zone,Hyderabad,15000,Branch_61,ATM_CASH_WITHDRAWAL,SYNTHETIC / SIMULATED DATA — NOT REAL FINANCIAL DATA
TXN000451,2026-08-09 09:59:51,2026-08-09,09:59:51,Sunday,9,17.441534,78.49809,ATM_HYD_302,Bank of Baroda ATM - Clock Tower Cir,Secunderabad Station Transit Hub,Hyderabad,48000,Branch_47,ATM_CASH_WITHDRAWAL,SYNTHETIC / SIMULATED DATA — NOT REAL FINANCIAL DATA
TXN002444,2026-08-09 10:19:31,2026-08-09,10:19:31,Sunday,10,17.483306,78.506405,ATM_HYD_904,Express ATM - Uppal Outskirts,Isolated / Peripheral Zone,Hyderabad,25000,Branch_66,ATM_CASH_WITHDRAWAL,SYNTHETIC / SIMULATED DATA — NOT REAL FINANCIAL DATA
TXN001476,2026-08-09 10:35:24,2026-08-09,10:35:24,Sunday,10,17.434889,78.496334,ATM_HYD_303,SBI Multi-Service Lounge - Station Rd,Secunderabad Station Transit Hub,Hyderabad,20000,Branch_30,ATM_CASH_WITHDRAWAL,SYNTHETIC / SIMULATED DATA — NOT REAL FINANCIAL DATA
TXN001896,2026-08-09 11:03:28,2026-08-09,11:03:28,Sunday,11,17.429863,78.505948,ATM_HYD_302,Bank of Baroda ATM - Clock Tower Cir,Secunderabad Station Transit Hub,Hyderabad,10000,Branch_13,ATM_CASH_WITHDRAWAL,SYNTHETIC / SIMULATED DATA — NOT REAL FINANCIAL DATA
TXN002479,2026-08-09 11:17:26,2026-08-09,11:17:26,Sunday,11,17.434029,78.398727,ATM_HYD_903,Market Yard Cash Point - Shamshabad Link,Isolated / Peripheral Zone,Hyderabad,30000,Branch_92,ATM_CASH_WITHDRAWAL,SYNTHETIC / SIMULATED DATA — NOT REAL FINANCIAL DATA
TXN001178,2026-08-09 13:12:07,2026-08-09,13:12:07,Sunday,13,17.434745,78.451382,ATM_HYD_103,ICICI e-Lobby - Ameerpet Cross Roads,Ameerpet Commercial Hub,Hyderabad,25000,Branch_22,ATM_CASH_WITHDRAWAL,SYNTHETIC / SIMULATED DATA — NOT REAL FINANCIAL DATA
TXN001113,2026-08-09 13:49:51,2026-08-09,13:49:51,Sunday,13,17.438102,78.44808,ATM_HYD_104,Axis Bank ATM - Elephant House,Ameerpet Commercial Hub,Hyderabad,10000,Branch_47,ATM_CASH_WITHDRAWAL,SYNTHETIC / SIMULATED DATA — NOT REAL FINANCIAL DATA
TXN002390,2026-08-09 14:01:27,2026-08-09,14:01:27,Sunday,14,17.481929,78.541107,ATM_HYD_905,Highway Kiosk - Patancheru Depot,Isolated / Peripheral Zone,Hyderabad,25000,Branch_73,ATM_CASH_WITHDRAWAL,SYNTHETIC / SIMULATED DATA — NOT REAL FINANCIAL DATA
TXN001713,2026-08-09 14:03:16,2026-08-09,14:03:16,Sunday,14,17.36843,78.528689,ATM_HYD_404,Canara Bank ATM - Dilsukhnagar Bus Depot,Dilsukhnagar Market Corridor,Hyderabad,30000,Branch_29,ATM_CASH_WITHDRAWAL,SYNTHETIC / SIMULATED DATA — NOT REAL FINANCIAL DATA
TXN001677,2026-08-09 14:09:25,2026-08-09,14:09:25,Sunday,14,17.43275,78.444881,ATM_HYD_105,Canara Bank Express ATM - SR Nagar,Ameerpet Commercial Hub,Hyderabad,25000,Branch_42,ATM_CASH_WITHDRAWAL,SYNTHETIC / SIMULATED DATA — NOT REAL FINANCIAL DATA
TXN001237,2026-08-09 14:17:22,2026-08-09,14:17:22,Sunday,14,17.376954,78.527667,ATM_HYD_403,HDFC Cash Machine - Malakpet Link,Dilsukhnagar Market Corridor,Hyderabad,20000,Branch_46,ATM_CASH_WITHDRAWAL,SYNTHETIC / SIMULATED DATA — NOT REAL FINANCIAL DATA
TXN000814,2026-08-09 15:15:39,2026-08-09,15:15:39,Sunday,15,17.362188,78.473775,ATM_HYD_503,HDFC Bank Kiosk - Nayapul Bridge,Charminar Heritage Bazaar,Hyderabad,50000,Branch_28,ATM_CASH_WITHDRAWAL,SYNTHETIC / SIMULATED DATA — NOT REAL FINANCIAL DATA
TXN001132,2026-08-09 15:19:49,2026-08-09,15:19:49,Sunday,15,17.449057,78.39444,ATM_HYD_202,SBI ATM - Hitec City Metro Pillar 24,Madhapur Tech Corridor,Hyderabad,15000,Branch_20,ATM_CASH_WITHDRAWAL,SYNTHETIC / SIMULATED DATA — NOT REAL FINANCIAL DATA
TXN001669,2026-08-09 15:45:05,2026-08-09,15:45:05,Sunday,15,17.435518,78.439547,ATM_HYD_102,HDFC 24x7 Cash Point - Maitrivanam,Ameerpet Commercial Hub,Hyderabad,20000,Branch_25,ATM_CASH_WITHDRAWAL,SYNTHETIC / SIMULATED DATA — NOT REAL FINANCIAL DATA
TXN001110,2026-08-09 15:55:04,2026-08-09,15:55:04,Sunday,15,17.435365,78.449573,ATM_HYD_101,SBI Kiosk - Ameerpet Metro Junction,Ameerpet Commercial Hub,Hyderabad,40000,Branch_36,ATM_CASH_WITHDRAWAL,SYNTHETIC / SIMULATED DATA — NOT REAL FINANCIAL DATA
TXN002176,2026-08-09 17:12:08,2026-08-09,17:12:08,Sunday,17,17.368496,78.52223,ATM_HYD_402,Andhra Bank (UBI) ATM - Chaitanyapuri,Dilsukhnagar Market Corridor,Hyderabad,15000,Branch_12,ATM_CASH_WITHDRAWAL,SYNTHETIC / SIMULATED DATA — NOT REAL FINANCIAL DATA
TXN000475,2026-08-09 17:23:12,2026-08-09,17:23:12,Sunday,17,17.448075,78.393264,ATM_HYD_203,HDFC Bank E-Corner - Inorbit Road,Madhapur Tech Corridor,Hyderabad,30000,Branch_29,ATM_CASH_WITHDRAWAL,SYNTHETIC / SIMULATED DATA — NOT REAL FINANCIAL DATA
TXN000105,2026-08-09 17:31:35,2026-08-09,17:31:35,Sunday,17,17.367677,78.525257,ATM_HYD_402,Andhra Bank (UBI) ATM - Chaitanyapuri,Dilsukhnagar Market Corridor,Hyderabad,40000,Branch_40,ATM_CASH_WITHDRAWAL,SYNTHETIC / SIMULATED DATA — NOT REAL FINANCIAL DATA
TXN000590,2026-08-09 17:54:28,2026-08-09,17:54:28,Sunday,17,17.439264,78.445511,ATM_HYD_102,HDFC 24x7 Cash Point - Maitrivanam,Ameerpet Commercial Hub,Hyderabad,15000,Branch_16,ATM_CASH_WITHDRAWAL,SYNTHETIC / SIMULATED DATA — NOT REAL FINANCIAL DATA
TXN001331,2026-08-09 18:27:49,2026-08-09,18:27:49,Sunday,18,17.447086,78.388674,ATM_HYD_203,HDFC Bank E-Corner - Inorbit Road,Madhapur Tech Corridor,Hyderabad,40000,Branch_36,ATM_CASH_WITHDRAWAL,SYNTHETIC / SIMULATED DATA — NOT REAL FINANCIAL DATA
TXN001556,2026-08-09 18:33:36,2026-08-09,18:33:36,Sunday,18,17.434492,78.449698,ATM_HYD_104,Axis Bank ATM - Elephant House,Ameerpet Commercial Hub,Hyderabad,25000,Branch_24,ATM_CASH_WITHDRAWAL,SYNTHETIC / SIMULATED DATA — NOT REAL FINANCIAL DATA
TXN000846,2026-08-09 18:44:32,2026-08-09,18:44:32,Sunday,18,17.445192,78.393987,ATM_HYD_204,ICICI Bank Express ATM - Madhapur Police Station,Madhapur Tech Corridor,Hyderabad,15000,Branch_44,ATM_CASH_WITHDRAWAL,SYNTHETIC / SIMULATED DATA — NOT REAL FINANCIAL DATA
TXN000481,2026-08-09 19:08:40,2026-08-09,19:08:40,Sunday,19,17.441302,78.50275,ATM_HYD_304,Union Bank ATM - Patny Circle,Secunderabad Station Transit Hub,Hyderabad,10000,Branch_14,ATM_CASH_WITHDRAWAL,SYNTHETIC / SIMULATED DATA — NOT REAL FINANCIAL DATA
TXN001506,2026-08-09 19:53:41,2026-08-09,19:53:41,Sunday,19,17.448159,78.389192,ATM_HYD_202,SBI ATM - Hitec City Metro Pillar 24,Madhapur Tech Corridor,Hyderabad,25000,Branch_43,ATM_CASH_WITHDRAWAL,SYNTHETIC / SIMULATED DATA — NOT REAL FINANCIAL DATA
TXN001180,2026-08-09 20:09:30,2026-08-09,20:09:30,Sunday,20,17.44854,78.383144,ATM_HYD_202,SBI ATM - Hitec City Metro Pillar 24,Madhapur Tech Corridor,Hyderabad,20000,Branch_17,ATM_CASH_WITHDRAWAL,SYNTHETIC / SIMULATED DATA — NOT REAL FINANCIAL DATA
TXN000849,2026-08-09 20:40:23,2026-08-09,20:40:23,Sunday,20,17.452483,78.391682,ATM_HYD_201,Kotak ATM - Cyber Towers Concourse,Madhapur Tech Corridor,Hyderabad,20000,Branch_34,ATM_CASH_WITHDRAWAL,SYNTHETIC / SIMULATED DATA — NOT REAL FINANCIAL DATA
TXN000656,2026-08-09 20:47:57,2026-08-09,20:47:57,Sunday,20,17.439013,78.448858,ATM_HYD_105,Canara Bank Express ATM - SR Nagar,Ameerpet Commercial Hub,Hyderabad,50000,Branch_23,ATM_CASH_WITHDRAWAL,SYNTHETIC / SIMULATED DATA — NOT REAL FINANCIAL DATA
TXN000239,2026-08-09 21:42:29,2026-08-09,21:42:29,Sunday,21,17.439815,78.501141,ATM_HYD_304,Union Bank ATM - Patny Circle,Secunderabad Station Transit Hub,Hyderabad,10000,Branch_38,ATM_CASH_WITHDRAWAL,SYNTHETIC / SIMULATED DATA — NOT REAL FINANCIAL DATA
TXN000942,2026-08-09 21:42:57,2026-08-09,21:42:57,Sunday,21,17.446073,78.392238,ATM_HYD_205,IndusInd Bank 24/7 ATM - Kavuri Hills,Madhapur Tech Corridor,Hyderabad,30000,Branch_48,ATM_CASH_WITHDRAWAL,SYNTHETIC / SIMULATED DATA — NOT REAL FINANCIAL DATA
TXN002230,2026-08-09 21:43:14,2026-08-09,21:43:14,Sunday,21,17.439881,78.447549,ATM_HYD_101,SBI Kiosk - Ameerpet Metro Junction,Ameerpet Commercial Hub,Hyderabad,10000,Branch_15,ATM_CASH_WITHDRAWAL,SYNTHETIC / SIMULATED DATA — NOT REAL FINANCIAL DATA
TXN001111,2026-08-09 21:53:08,2026-08-09,21:53:08,Sunday,21,17.367171,78.521737,ATM_HYD_403,HDFC Cash Machine - Malakpet Link,Dilsukhnagar Market Corridor,Hyderabad,15000,Branch_46,ATM_CASH_WITHDRAWAL,SYNTHETIC / SIMULATED DATA — NOT REAL FINANCIAL DATA
TXN000407,2026-08-09 22:09:22,2026-08-09,22:09:22,Sunday,22,17.451379,78.398656,ATM_HYD_204,ICICI Bank Express ATM - Madhapur Police Station,Madhapur Tech Corridor,Hyderabad,50000,Branch_39,ATM_CASH_WITHDRAWAL,SYNTHETIC / SIMULATED DATA — NOT REAL FINANCIAL DATA
TXN001096,2026-08-09 22:16:38,2026-08-09,22:16:38,Sunday,22,17.434537,78.452026,ATM_HYD_105,Canara Bank Express ATM - SR Nagar,Ameerpet Commercial Hub,Hyderabad,50000,Branch_47,ATM_CASH_WITHDRAWAL,SYNTHETIC / SIMULATED DATA — NOT REAL FINANCIAL DATA
TXN000492,2026-08-09 22:19:32,2026-08-09,22:19:32,Sunday,22,17.437629,78.502064,ATM_HYD_302,Bank of Baroda ATM - Clock Tower Cir,Secunderabad Station Transit Hub,Hyderabad,20000,Branch_31,ATM_CASH_WITHDRAWAL,SYNTHETIC / SIMULATED DATA — NOT REAL FINANCIAL DATA
TXN000070,2026-08-09 22:40:39,2026-08-09,22:40:39,Sunday,22,17.357686,78.472314,ATM_HYD_503,HDFC Bank Kiosk - Nayapul Bridge,Charminar Heritage Bazaar,Hyderabad,15000,Branch_25,ATM_CASH_WITHDRAWAL,SYNTHETIC / SIMULATED DATA — NOT REAL FINANCIAL DATA
TXN000848,2026-08-09 22:41:58,2026-08-09,22:41:58,Sunday,22,17.358469,78.469938,ATM_HYD_502,SBI ATM - Gulzar Houz,Charminar Heritage Bazaar,Hyderabad,10000,Branch_20,ATM_CASH_WITHDRAWAL,SYNTHETIC / SIMULATED DATA — NOT REAL FINANCIAL DATA
TXN002057,2026-08-09 23:24:56,2026-08-09,23:24:56,Sunday,23,17.442579,78.382091,ATM_HYD_202,SBI ATM - Hitec City Metro Pillar 24,Madhapur Tech Corridor,Hyderabad,25000,Branch_27,ATM_CASH_WITHDRAWAL,SYNTHETIC / SIMULATED DATA — NOT REAL FINANCIAL DATA
TXN001897,2026-08-10 11:08:03,2026-08-10,11:08:03,Monday,11,17.446938,78.504395,ATM_HYD_303,SBI Multi-Service Lounge - Station Rd,Secunderabad Station Transit Hub,Hyderabad,25000,Branch_22,ATM_CASH_WITHDRAWAL,SYNTHETIC / SIMULATED DATA — NOT REAL FINANCIAL DATA
TXN002006,2026-08-10 11:20:50,2026-08-10,11:20:50,Monday,11,17.444243,78.50235,ATM_HYD_304,Union Bank ATM - Patny Circle,Secunderabad Station Transit Hub,Hyderabad,30000,Branch_22,ATM_CASH_WITHDRAWAL,SYNTHETIC / SIMULATED DATA — NOT REAL FINANCIAL DATA
TXN001743,2026-08-10 12:57:00,2026-08-10,12:57:00,Monday,12,17.438469,78.501643,ATM_HYD_301,Punjab National Bank - Railway Gate 1,Secunderabad Station Transit Hub,Hyderabad,25000,Branch_36,ATM_CASH_WITHDRAWAL,SYNTHETIC / SIMULATED DATA — NOT REAL FINANCIAL DATA
TXN000689,2026-08-10 12:57:38,2026-08-10,12:57:38,Monday,12,17.444496,78.501227,ATM_HYD_301,Punjab National Bank - Railway Gate 1,Secunderabad Station Transit Hub,Hyderabad,40000,Branch_10,ATM_CASH_WITHDRAWAL,SYNTHETIC / SIMULATED DATA — NOT REAL FINANCIAL DATA
TXN000799,2026-08-10 13:09:08,2026-08-10,13:09:08,Monday,13,17.440775,78.493935,ATM_HYD_302,Bank of Baroda ATM - Clock Tower Cir,Secunderabad Station Transit Hub,Hyderabad,15000,Branch_47,ATM_CASH_WITHDRAWAL,SYNTHETIC / SIMULATED DATA — NOT REAL FINANCIAL DATA
TXN000359,2026-08-10 13:46:25,2026-08-10,13:46:25,Monday,13,17.360273,78.473893,ATM_HYD_502,SBI ATM - Gulzar Houz,Charminar Heritage Bazaar,Hyderabad,15000,Branch_30,ATM_CASH_WITHDRAWAL,SYNTHETIC / SIMULATED DATA — NOT REAL FINANCIAL DATA
TXN000370,2026-08-10 14:12:39,2026-08-10,14:12:39,Monday,14,17.433761,78.440526,ATM_HYD_101,SBI Kiosk - Ameerpet Metro Junction,Ameerpet Commercial Hub,Hyderabad,30000,Branch_32,ATM_CASH_WITHDRAWAL,SYNTHETIC / SIMULATED DATA — NOT REAL FINANCIAL DATA
TXN001935,2026-08-10 14:51:51,2026-08-10,14:51:51,Monday,14,17.444178,78.498156,ATM_HYD_303,SBI Multi-Service Lounge - Station Rd,Secunderabad Station Transit Hub,Hyderabad,12000,Branch_18,ATM_CASH_WITHDRAWAL,SYNTHETIC / SIMULATED DATA — NOT REAL FINANCIAL DATA
TXN000032,2026-08-10 15:27:26,2026-08-10,15:27:26,Monday,15,17.437684,78.445738,ATM_HYD_101,SBI Kiosk - Ameerpet Metro Junction,Ameerpet Commercial Hub,Hyderabad,10000,Branch_13,ATM_CASH_WITHDRAWAL,SYNTHETIC / SIMULATED DATA — NOT REAL FINANCIAL DATA
TXN000190,2026-08-10 15:42:16,2026-08-10,15:42:16,Monday,15,17.440223,78.450116,ATM_HYD_104,Axis Bank ATM - Elephant House,Ameerpet Commercial Hub,Hyderabad,15000,Branch_19,ATM_CASH_WITHDRAWAL,SYNTHETIC / SIMULATED DATA — NOT REAL FINANCIAL DATA
TXN000489,2026-08-10 16:07:00,2026-08-10,16:07:00,Monday,16,17.356921,78.478933,ATM_HYD_501,Bank of India - Madina Market,Charminar Heritage Bazaar,Hyderabad,48000,Branch_18,ATM_CASH_WITHDRAWAL,SYNTHETIC / SIMULATED DATA — NOT REAL FINANCIAL DATA
TXN001166,2026-08-10 16:29:43,2026-08-10,16:29:43,Monday,16,17.367734,78.529104,ATM_HYD_404,Canara Bank ATM - Dilsukhnagar Bus Depot,Dilsukhnagar Market Corridor,Hyderabad,10000,Branch_19,ATM_CASH_WITHDRAWAL,SYNTHETIC / SIMULATED DATA — NOT REAL FINANCIAL DATA
TXN001407,2026-08-10 16:48:00,2026-08-10,16:48:00,Monday,16,17.369935,78.520944,ATM_HYD_404,Canara Bank ATM - Dilsukhnagar Bus Depot,Dilsukhnagar Market Corridor,Hyderabad,25000,Branch_12,ATM_CASH_WITHDRAWAL,SYNTHETIC / SIMULATED DATA — NOT REAL FINANCIAL DATA
TXN001348,2026-08-10 17:15:56,2026-08-10,17:15:56,Monday,17,17.45109,78.381219,ATM_HYD_205,IndusInd Bank 24/7 ATM - Kavuri Hills,Madhapur Tech Corridor,Hyderabad,10000,Branch_27,ATM_CASH_WITHDRAWAL,SYNTHETIC / SIMULATED DATA — NOT REAL FINANCIAL DATA
TXN000541,2026-08-10 17:29:32,2026-08-10,17:29:32,Monday,17,17.363982,78.476742,ATM_HYD_503,HDFC Bank Kiosk - Nayapul Bridge,Charminar Heritage Bazaar,Hyderabad,10000,Branch_16,ATM_CASH_WITHDRAWAL,SYNTHETIC / SIMULATED DATA — NOT REAL FINANCIAL DATA
TXN000532,2026-08-10 17:51:34,2026-08-10,17:51:34,Monday,17,17.358715,78.473908,ATM_HYD_501,Bank of India - Madina Market,Charminar Heritage Bazaar,Hyderabad,30000,Branch_47,ATM_CASH_WITHDRAWAL,SYNTHETIC / SIMULATED DATA — NOT REAL FINANCIAL DATA
TXN001629,2026-08-10 18:00:40,2026-08-10,18:00:40,Monday,18,17.440973,78.450568,ATM_HYD_102,HDFC 24x7 Cash Point - Maitrivanam,Ameerpet Commercial Hub,Hyderabad,20000,Branch_19,ATM_CASH_WITHDRAWAL,SYNTHETIC / SIMULATED DATA — NOT REAL FINANCIAL DATA
TXN001946,2026-08-10 18:40:31,2026-08-10,18:40:31,Monday,18,17.443015,78.398025,ATM_HYD_205,IndusInd Bank 24/7 ATM - Kavuri Hills,Madhapur Tech Corridor,Hyderabad,15000,Branch_27,ATM_CASH_WITHDRAWAL,SYNTHETIC / SIMULATED DATA — NOT REAL FINANCIAL DATA
TXN000480,2026-08-10 18:57:54,2026-08-10,18:57:54,Monday,18,17.447271,78.389362,ATM_HYD_203,HDFC Bank E-Corner - Inorbit Road,Madhapur Tech Corridor,Hyderabad,20000,Branch_33,ATM_CASH_WITHDRAWAL,SYNTHETIC / SIMULATED DATA — NOT REAL FINANCIAL DATA
TXN000002,2026-08-10 19:05:37,2026-08-10,19:05:37,Monday,19,17.363366,78.48231,ATM_HYD_503,HDFC Bank Kiosk - Nayapul Bridge,Charminar Heritage Bazaar,Hyderabad,20000,Branch_11,ATM_CASH_WITHDRAWAL,SYNTHETIC / SIMULATED DATA — NOT REAL FINANCIAL DATA
TXN002104,2026-08-10 19:39:08,2026-08-10,19:39:08,Monday,19,17.437836,78.506019,ATM_HYD_301,Punjab National Bank - Railway Gate 1,Secunderabad Station Transit Hub,Hyderabad,15000,Branch_47,ATM_CASH_WITHDRAWAL,SYNTHETIC / SIMULATED DATA — NOT REAL FINANCIAL DATA
TXN001440,2026-08-10 19:55:51,2026-08-10,19:55:51,Monday,19,17.44296,78.496986,ATM_HYD_304,Union Bank ATM - Patny Circle,Secunderabad Station Transit Hub,Hyderabad,30000,Branch_29,ATM_CASH_WITHDRAWAL,SYNTHETIC / SIMULATED DATA — NOT REAL FINANCIAL DATA
TXN002246,2026-08-10 20:09:17,2026-08-10,20:09:17,Monday,20,17.450363,78.382638,ATM_HYD_202,SBI ATM - Hitec City Metro Pillar 24,Madhapur Tech Corridor,Hyderabad,10000,Branch_11,ATM_CASH_WITHDRAWAL,SYNTHETIC / SIMULATED DATA — NOT REAL FINANCIAL DATA
TXN001444,2026-08-10 20:11:03,2026-08-10,20:11:03,Monday,20,17.447904,78.392684,ATM_HYD_201,Kotak ATM - Cyber Towers Concourse,Madhapur Tech Corridor,Hyderabad,15000,Branch_31,ATM_CASH_WITHDRAWAL,SYNTHETIC / SIMULATED DATA — NOT REAL FINANCIAL DATA
TXN000260,2026-08-10 20:18:19,2026-08-10,20:18:19,Monday,20,17.435295,78.446573,ATM_HYD_103,ICICI e-Lobby - Ameerpet Cross Roads,Ameerpet Commercial Hub,Hyderabad,15000,Branch_37,ATM_CASH_WITHDRAWAL,SYNTHETIC / SIMULATED DATA — NOT REAL FINANCIAL DATA
TXN001690,2026-08-10 20:21:28,2026-08-10,20:21:28,Monday,20,17.441603,78.49885,ATM_HYD_302,Bank of Baroda ATM - Clock Tower Cir,Secunderabad Station Transit Hub,Hyderabad,25000,Branch_32,ATM_CASH_WITHDRAWAL,SYNTHETIC / SIMULATED DATA — NOT REAL FINANCIAL DATA
TXN000646,2026-08-10 20:34:00,2026-08-10,20:34:00,Monday,20,17.372005,78.525363,ATM_HYD_401,SBI Express ATM - Dilsukhnagar Metro,Dilsukhnagar Market Corridor,Hyderabad,25000,Branch_23,ATM_CASH_WITHDRAWAL,SYNTHETIC / SIMULATED DATA — NOT REAL FINANCIAL DATA
TXN002069,2026-08-10 20:53:54,2026-08-10,20:53:54,Monday,20,17.43637,78.444151,ATM_HYD_105,Canara Bank Express ATM - SR Nagar,Ameerpet Commercial Hub,Hyderabad,20000,Branch_18,ATM_CASH_WITHDRAWAL,SYNTHETIC / SIMULATED DATA — NOT REAL FINANCIAL DATA
TXN000414,2026-08-10 21:05:58,2026-08-10,21:05:58,Monday,21,17.449943,78.393067,ATM_HYD_205,IndusInd Bank 24/7 ATM - Kavuri Hills,Madhapur Tech Corridor,Hyderabad,20000,Branch_33,ATM_CASH_WITHDRAWAL,SYNTHETIC / SIMULATED DATA — NOT REAL FINANCIAL DATA
TXN001645,2026-08-10 21:37:19,2026-08-10,21:37:19,Monday,21,17.440333,78.451917,ATM_HYD_104,Axis Bank ATM - Elephant House,Ameerpet Commercial Hub,Hyderabad,40000,Branch_23,ATM_CASH_WITHDRAWAL,SYNTHETIC / SIMULATED DATA — NOT REAL FINANCIAL DATA
TXN002309,2026-08-10 22:16:02,2026-08-10,22:16:02,Monday,22,17.434239,78.368494,ATM_HYD_905,Highway Kiosk - Patancheru Depot,Isolated / Peripheral Zone,Hyderabad,30000,Branch_60,ATM_CASH_WITHDRAWAL,SYNTHETIC / SIMULATED DATA — NOT REAL FINANCIAL DATA
TXN001184,2026-08-10 22:27:26,2026-08-10,22:27:26,Monday,22,17.36414,78.473597,ATM_HYD_501,Bank of India - Madina Market,Charminar Heritage Bazaar,Hyderabad,20000,Branch_47,ATM_CASH_WITHDRAWAL,SYNTHETIC / SIMULATED DATA — NOT REAL FINANCIAL DATA
TXN000428,2026-08-10 22:38:51,2026-08-10,22:38:51,Monday,22,17.368585,78.518062,ATM_HYD_404,Canara Bank ATM - Dilsukhnagar Bus Depot,Dilsukhnagar Market Corridor,Hyderabad,20000,Branch_25,ATM_CASH_WITHDRAWAL,SYNTHETIC / SIMULATED DATA — NOT REAL FINANCIAL DATA
TXN000221,2026-08-11 01:10:36,2026-08-11,01:10:36,Tuesday,1,17.43841,78.502783,ATM_HYD_304,Union Bank ATM - Patny Circle,Secunderabad Station Transit Hub,Hyderabad,20000,Branch_15,ATM_CASH_WITHDRAWAL,SYNTHETIC / SIMULATED DATA — NOT REAL FINANCIAL DATA
TXN002102,2026-08-11 05:06:38,2026-08-11,05:06:38,Tuesday,5,17.44949,78.397905,ATM_HYD_201,Kotak ATM - Cyber Towers Concourse,Madhapur Tech Corridor,Hyderabad,40000,Branch_27,ATM_CASH_WITHDRAWAL,SYNTHETIC / SIMULATED DATA — NOT REAL FINANCIAL DATA
TXN001201,2026-08-11 06:44:45,2026-08-11,06:44:45,Tuesday,6,17.440795,78.502095,ATM_HYD_301,Punjab National Bank - Railway Gate 1,Secunderabad Station Transit Hub,Hyderabad,30000,Branch_16,ATM_CASH_WITHDRAWAL,SYNTHETIC / SIMULATED DATA — NOT REAL FINANCIAL DATA
TXN001175,2026-08-11 11:00:25,2026-08-11,11:00:25,Tuesday,11,17.442534,78.503834,ATM_HYD_303,SBI Multi-Service Lounge - Station Rd,Secunderabad Station Transit Hub,Hyderabad,48000,Branch_40,ATM_CASH_WITHDRAWAL,SYNTHETIC / SIMULATED DATA — NOT REAL FINANCIAL DATA
TXN002422,2026-08-11 11:11:39,2026-08-11,11:11:39,Tuesday,11,17.490904,78.442769,ATM_HYD_904,Express ATM - Uppal Outskirts,Isolated / Peripheral Zone,Hyderabad,10000,Branch_59,ATM_CASH_WITHDRAWAL,SYNTHETIC / SIMULATED DATA — NOT REAL FINANCIAL DATA
TXN000613,2026-08-11 12:31:08,2026-08-11,12:31:08,Tuesday,12,17.438262,78.500974,ATM_HYD_303,SBI Multi-Service Lounge - Station Rd,Secunderabad Station Transit Hub,Hyderabad,15000,Branch_36,ATM_CASH_WITHDRAWAL,SYNTHETIC / SIMULATED DATA — NOT REAL FINANCIAL DATA
TXN000792,2026-08-11 12:35:25,2026-08-11,12:35:25,Tuesday,12,17.441101,78.502442,ATM_HYD_304,Union Bank ATM - Patny Circle,Secunderabad Station Transit Hub,Hyderabad,25000,Branch_20,ATM_CASH_WITHDRAWAL,SYNTHETIC / SIMULATED DATA — NOT REAL FINANCIAL DATA
TXN001492,2026-08-11 13:16:39,2026-08-11,13:16:39,Tuesday,13,17.44796,78.388522,ATM_HYD_203,HDFC Bank E-Corner - Inorbit Road,Madhapur Tech Corridor,Hyderabad,25000,Branch_38,ATM_CASH_WITHDRAWAL,SYNTHETIC / SIMULATED DATA — NOT REAL FINANCIAL DATA
TXN001405,2026-08-11 14:26:37,2026-08-11,14:26:37,Tuesday,14,17.444423,78.49992,ATM_HYD_304,Union Bank ATM - Patny Circle,Secunderabad Station Transit Hub,Hyderabad,20000,Branch_28,ATM_CASH_WITHDRAWAL,SYNTHETIC / SIMULATED DATA — NOT REAL FINANCIAL DATA
TXN001004,2026-08-11 14:39:02,2026-08-11,14:39:02,Tuesday,14,17.445125,78.496413,ATM_HYD_301,Punjab National Bank - Railway Gate 1,Secunderabad Station Transit Hub,Hyderabad,10000,Branch_21,ATM_CASH_WITHDRAWAL,SYNTHETIC / SIMULATED DATA — NOT REAL FINANCIAL DATA
TXN000402,2026-08-11 14:50:57,2026-08-11,14:50:57,Tuesday,14,17.363483,78.523619,ATM_HYD_401,SBI Express ATM - Dilsukhnagar Metro,Dilsukhnagar Market Corridor,Hyderabad,10000,Branch_32,ATM_CASH_WITHDRAWAL,SYNTHETIC / SIMULATED DATA — NOT REAL FINANCIAL DATA
TXN002462,2026-08-11 15:33:36,2026-08-11,15:33:36,Tuesday,15,17.465771,78.461276,ATM_HYD_902,Petrol Pump ATM - Medchal Highway,Isolated / Peripheral Zone,Hyderabad,20000,Branch_54,ATM_CASH_WITHDRAWAL,SYNTHETIC / SIMULATED DATA — NOT REAL FINANCIAL DATA
TXN001617,2026-08-11 15:39:59,2026-08-11,15:39:59,Tuesday,15,17.358332,78.474861,ATM_HYD_501,Bank of India - Madina Market,Charminar Heritage Bazaar,Hyderabad,50000,Branch_41,ATM_CASH_WITHDRAWAL,SYNTHETIC / SIMULATED DATA — NOT REAL FINANCIAL DATA
TXN001498,2026-08-11 15:41:45,2026-08-11,15:41:45,Tuesday,15,17.444146,78.383503,ATM_HYD_202,SBI ATM - Hitec City Metro Pillar 24,Madhapur Tech Corridor,Hyderabad,20000,Branch_18,ATM_CASH_WITHDRAWAL,SYNTHETIC / SIMULATED DATA — NOT REAL FINANCIAL DATA
TXN000292,2026-08-11 15:46:23,2026-08-11,15:46:23,Tuesday,15,17.438552,78.447216,ATM_HYD_101,SBI Kiosk - Ameerpet Metro Junction,Ameerpet Commercial Hub,Hyderabad,40000,Branch_33,ATM_CASH_WITHDRAWAL,SYNTHETIC / SIMULATED DATA — NOT REAL FINANCIAL DATA
TXN000404,2026-08-11 16:14:32,2026-08-11,16:14:32,Tuesday,16,17.366011,78.522741,ATM_HYD_404,Canara Bank ATM - Dilsukhnagar Bus Depot,Dilsukhnagar Market Corridor,Hyderabad,20000,Branch_45,ATM_CASH_WITHDRAWAL,SYNTHETIC / SIMULATED DATA — NOT REAL FINANCIAL DATA
TXN000944,2026-08-11 16:18:29,2026-08-11,16:18:29,Tuesday,16,17.369898,78.52411,ATM_HYD_402,Andhra Bank (UBI) ATM - Chaitanyapuri,Dilsukhnagar Market Corridor,Hyderabad,10000,Branch_14,ATM_CASH_WITHDRAWAL,SYNTHETIC / SIMULATED DATA — NOT REAL FINANCIAL DATA
TXN001351,2026-08-11 16:26:28,2026-08-11,16:26:28,Tuesday,16,17.37263,78.524747,ATM_HYD_401,SBI Express ATM - Dilsukhnagar Metro,Dilsukhnagar Market Corridor,Hyderabad,15000,Branch_23,ATM_CASH_WITHDRAWAL,SYNTHETIC / SIMULATED DATA — NOT REAL FINANCIAL DATA
TXN001700,2026-08-11 16:45:45,2026-08-11,16:45:45,Tuesday,16,17.452231,78.383404,ATM_HYD_203,HDFC Bank E-Corner - Inorbit Road,Madhapur Tech Corridor,Hyderabad,40000,Branch_19,ATM_CASH_WITHDRAWAL,SYNTHETIC / SIMULATED DATA — NOT REAL FINANCIAL DATA
TXN000583,2026-08-11 17:03:44,2026-08-11,17:03:44,Tuesday,17,17.445291,78.391132,ATM_HYD_201,Kotak ATM - Cyber Towers Concourse,Madhapur Tech Corridor,Hyderabad,27000,Branch_34,ATM_CASH_WITHDRAWAL,SYNTHETIC / SIMULATED DATA — NOT REAL FINANCIAL DATA
TXN001665,2026-08-11 17:04:16,2026-08-11,17:04:16,Tuesday,17,17.362928,78.474051,ATM_HYD_501,Bank of India - Madina Market,Charminar Heritage Bazaar,Hyderabad,20000,Branch_49,ATM_CASH_WITHDRAWAL,SYNTHETIC / SIMULATED DATA — NOT REAL FINANCIAL DATA
TXN000770,2026-08-11 17:20:00,2026-08-11,17:20:00,Tuesday,17,17.367661,78.528623,ATM_HYD_402,Andhra Bank (UBI) ATM - Chaitanyapuri,Dilsukhnagar Market Corridor,Hyderabad,10000,Branch_27,ATM_CASH_WITHDRAWAL,SYNTHETIC / SIMULATED DATA — NOT REAL FINANCIAL DATA
TXN001647,2026-08-11 18:12:36,2026-08-11,18:12:36,Tuesday,18,17.436723,78.440594,ATM_HYD_103,ICICI e-Lobby - Ameerpet Cross Roads,Ameerpet Commercial Hub,Hyderabad,20000,Branch_14,ATM_CASH_WITHDRAWAL,SYNTHETIC / SIMULATED DATA — NOT REAL FINANCIAL DATA
TXN002025,2026-08-11 18:20:46,2026-08-11,18:20:46,Tuesday,18,17.446772,78.392049,ATM_HYD_203,HDFC Bank E-Corner - Inorbit Road,Madhapur Tech Corridor,Hyderabad,20000,Branch_47,ATM_CASH_WITHDRAWAL,SYNTHETIC / SIMULATED DATA — NOT REAL FINANCIAL DATA
TXN000811,2026-08-11 18:23:22,2026-08-11,18:23:22,Tuesday,18,17.360201,78.474451,ATM_HYD_501,Bank of India - Madina Market,Charminar Heritage Bazaar,Hyderabad,20000,Branch_32,ATM_CASH_WITHDRAWAL,SYNTHETIC / SIMULATED DATA — NOT REAL FINANCIAL DATA
TXN001067,2026-08-11 18:48:23,2026-08-11,18:48:23,Tuesday,18,17.434201,78.449765,ATM_HYD_104,Axis Bank ATM - Elephant House,Ameerpet Commercial Hub,Hyderabad,40000,Branch_45,ATM_CASH_WITHDRAWAL,SYNTHETIC / SIMULATED DATA — NOT REAL FINANCIAL DATA
TXN000586,2026-08-11 19:07:18,2026-08-11,19:07:18,Tuesday,19,17.435115,78.44877,ATM_HYD_104,Axis Bank ATM - Elephant House,Ameerpet Commercial Hub,Hyderabad,48000,Branch_41,ATM_CASH_WITHDRAWAL,SYNTHETIC / SIMULATED DATA — NOT REAL FINANCIAL DATA
TXN000158,2026-08-11 19:22:36,2026-08-11,19:22:36,Tuesday,19,17.439594,78.497104,ATM_HYD_304,Union Bank ATM - Patny Circle,Secunderabad Station Transit Hub,Hyderabad,30000,Branch_28,ATM_CASH_WITHDRAWAL,SYNTHETIC / SIMULATED DATA — NOT REAL FINANCIAL DATA
TXN001508,2026-08-11 19:22:45,2026-08-11,19:22:45,Tuesday,19,17.449788,78.385694,ATM_HYD_203,HDFC Bank E-Corner - Inorbit Road,Madhapur Tech Corridor,Hyderabad,30000,Branch_30,ATM_CASH_WITHDRAWAL,SYNTHETIC / SIMULATED DATA — NOT REAL FINANCIAL DATA
TXN001558,2026-08-11 19:23:54,2026-08-11,19:23:54,Tuesday,19,17.445169,78.394553,ATM_HYD_202,SBI ATM - Hitec City Metro Pillar 24,Madhapur Tech Corridor,Hyderabad,40000,Branch_18,ATM_CASH_WITHDRAWAL,SYNTHETIC / SIMULATED DATA — NOT REAL FINANCIAL DATA
TXN001634,2026-08-11 20:07:06,2026-08-11,20:07:06,Tuesday,20,17.36696,78.528728,ATM_HYD_401,SBI Express ATM - Dilsukhnagar Metro,Dilsukhnagar Market Corridor,Hyderabad,27000,Branch_21,ATM_CASH_WITHDRAWAL,SYNTHETIC / SIMULATED DATA — NOT REAL FINANCIAL DATA
TXN001680,2026-08-11 20:15:07,2026-08-11,20:15:07,Tuesday,20,17.445351,78.497526,ATM_HYD_304,Union Bank ATM - Patny Circle,Secunderabad Station Transit Hub,Hyderabad,20000,Branch_13,ATM_CASH_WITHDRAWAL,SYNTHETIC / SIMULATED DATA — NOT REAL FINANCIAL DATA
TXN000315,2026-08-11 20:15:15,2026-08-11,20:15:15,Tuesday,20,17.370549,78.528397,ATM_HYD_402,Andhra Bank (UBI) ATM - Chaitanyapuri,Dilsukhnagar Market Corridor,Hyderabad,35000,Branch_24,ATM_CASH_WITHDRAWAL,SYNTHETIC / SIMULATED DATA — NOT REAL FINANCIAL DATA
TXN001552,2026-08-11 20:17:09,2026-08-11,20:17:09,Tuesday,20,17.442151,78.497641,ATM_HYD_301,Punjab National Bank - Railway Gate 1,Secunderabad Station Transit Hub,Hyderabad,8000,Branch_21,ATM_CASH_WITHDRAWAL,SYNTHETIC / SIMULATED DATA — NOT REAL FINANCIAL DATA
TXN002410,2026-08-11 20:41:57,2026-08-11,20:41:57,Tuesday,20,17.363187,78.565044,ATM_HYD_905,Highway Kiosk - Patancheru Depot,Isolated / Peripheral Zone,Hyderabad,30000,Branch_84,ATM_CASH_WITHDRAWAL,SYNTHETIC / SIMULATED DATA — NOT REAL FINANCIAL DATA
TXN001769,2026-08-11 20:45:39,2026-08-11,20:45:39,Tuesday,20,17.454415,78.39201,ATM_HYD_205,IndusInd Bank 24/7 ATM - Kavuri Hills,Madhapur Tech Corridor,Hyderabad,25000,Branch_15,ATM_CASH_WITHDRAWAL,SYNTHETIC / SIMULATED DATA — NOT REAL FINANCIAL DATA
TXN000211,2026-08-11 21:25:33,2026-08-11,21:25:33,Tuesday,21,17.446659,78.387134,ATM_HYD_204,ICICI Bank Express ATM - Madhapur Police Station,Madhapur Tech Corridor,Hyderabad,22000,Branch_31,ATM_CASH_WITHDRAWAL,SYNTHETIC / SIMULATED DATA — NOT REAL FINANCIAL DATA
TXN001693,2026-08-11 21:46:40,2026-08-11,21:46:40,Tuesday,21,17.452919,78.389703,ATM_HYD_204,ICICI Bank Express ATM - Madhapur Police Station,Madhapur Tech Corridor,Hyderabad,22000,Branch_24,ATM_CASH_WITHDRAWAL,SYNTHETIC / SIMULATED DATA — NOT REAL FINANCIAL DATA
TXN001566,2026-08-11 22:02:38,2026-08-11,22:02:38,Tuesday,22,17.437118,78.395728,ATM_HYD_203,HDFC Bank E-Corner - Inorbit Road,Madhapur Tech Corridor,Hyderabad,10000,Branch_42,ATM_CASH_WITHDRAWAL,SYNTHETIC / SIMULATED DATA — NOT REAL FINANCIAL DATA
TXN001968,2026-08-11 22:40:48,2026-08-11,22:40:48,Tuesday,22,17.450547,78.389606,ATM_HYD_203,HDFC Bank E-Corner - Inorbit Road,Madhapur Tech Corridor,Hyderabad,50000,Branch_42,ATM_CASH_WITHDRAWAL,SYNTHETIC / SIMULATED DATA — NOT REAL FINANCIAL DATA
TXN002493,2026-08-11 22:43:57,2026-08-11,22:43:57,Tuesday,22,17.369312,78.460918,ATM_HYD_905,Highway Kiosk - Patancheru Depot,Isolated / Peripheral Zone,Hyderabad,20000,Branch_92,ATM_CASH_WITHDRAWAL,SYNTHETIC / SIMULATED DATA — NOT REAL FINANCIAL DATA
TXN001608,2026-08-12 00:43:23,2026-08-12,00:43:23,Wednesday,0,17.367474,78.520764,ATM_HYD_403,HDFC Cash Machine - Malakpet Link,Dilsukhnagar Market Corridor,Hyderabad,10000,Branch_26,ATM_CASH_WITHDRAWAL,SYNTHETIC / SIMULATED DATA — NOT REAL FINANCIAL DATA
TXN001245,2026-08-12 03:08:28,2026-08-12,03:08:28,Wednesday,3,17.442063,78.505418,ATM_HYD_301,Punjab National Bank - Railway Gate 1,Secunderabad Station Transit Hub,Hyderabad,25000,Branch_28,ATM_CASH_WITHDRAWAL,SYNTHETIC / SIMULATED DATA — NOT REAL FINANCIAL DATA
TXN001354,2026-08-12 03:13:48,2026-08-12,03:13:48,Wednesday,3,17.441563,78.506714,ATM_HYD_303,SBI Multi-Service Lounge - Station Rd,Secunderabad Station Transit Hub,Hyderabad,25000,Branch_39,ATM_CASH_WITHDRAWAL,SYNTHETIC / SIMULATED DATA — NOT REAL FINANCIAL DATA
TXN001641,2026-08-12 03:28:35,2026-08-12,03:28:35,Wednesday,3,17.443859,78.387736,ATM_HYD_203,HDFC Bank E-Corner - Inorbit Road,Madhapur Tech Corridor,Hyderabad,18000,Branch_24,ATM_CASH_WITHDRAWAL,SYNTHETIC / SIMULATED DATA — NOT REAL FINANCIAL DATA
TXN002318,2026-08-12 04:32:59,2026-08-12,04:32:59,Wednesday,4,17.379902,78.401788,ATM_HYD_903,Market Yard Cash Point - Shamshabad Link,Isolated / Peripheral Zone,Hyderabad,25000,Branch_64,ATM_CASH_WITHDRAWAL,SYNTHETIC / SIMULATED DATA — NOT REAL FINANCIAL DATA
TXN002488,2026-08-12 05:56:58,2026-08-12,05:56:58,Wednesday,5,17.449635,78.344533,ATM_HYD_905,Highway Kiosk - Patancheru Depot,Isolated / Peripheral Zone,Hyderabad,50000,Branch_52,ATM_CASH_WITHDRAWAL,SYNTHETIC / SIMULATED DATA — NOT REAL FINANCIAL DATA
TXN002469,2026-08-12 06:30:29,2026-08-12,06:30:29,Wednesday,6,17.480231,78.349973,ATM_HYD_901,Rural Kiosk - Outer Ring Road Exit 4,Isolated / Peripheral Zone,Hyderabad,40000,Branch_60,ATM_CASH_WITHDRAWAL,SYNTHETIC / SIMULATED DATA — NOT REAL FINANCIAL DATA
TXN001951,2026-08-12 07:17:27,2026-08-12,07:17:27,Wednesday,7,17.437319,78.448032,ATM_HYD_104,Axis Bank ATM - Elephant House,Ameerpet Commercial Hub,Hyderabad,50000,Branch_29,ATM_CASH_WITHDRAWAL,SYNTHETIC / SIMULATED DATA — NOT REAL FINANCIAL DATA
TXN002415,2026-08-12 08:26:47,2026-08-12,08:26:47,Wednesday,8,17.381943,78.443934,ATM_HYD_903,Market Yard Cash Point - Shamshabad Link,Isolated / Peripheral Zone,Hyderabad,15000,Branch_96,ATM_CASH_WITHDRAWAL,SYNTHETIC / SIMULATED DATA — NOT REAL FINANCIAL DATA
TXN002108,2026-08-12 09:43:57,2026-08-12,09:43:57,Wednesday,9,17.363665,78.524678,ATM_HYD_401,SBI Express ATM - Dilsukhnagar Metro,Dilsukhnagar Market Corridor,Hyderabad,20000,Branch_47,ATM_CASH_WITHDRAWAL,SYNTHETIC / SIMULATED DATA — NOT REAL FINANCIAL DATA
TXN002458,2026-08-12 10:11:15,2026-08-12,10:11:15,Wednesday,10,17.422496,78.507182,ATM_HYD_905,Highway Kiosk - Patancheru Depot,Isolated / Peripheral Zone,Hyderabad,10000,Branch_81,ATM_CASH_WITHDRAWAL,SYNTHETIC / SIMULATED DATA — NOT REAL FINANCIAL DATA
TXN000170,2026-08-12 11:19:31,2026-08-12,11:19:31,Wednesday,11,17.441365,78.495833,ATM_HYD_304,Union Bank ATM - Patny Circle,Secunderabad Station Transit Hub,Hyderabad,18000,Branch_44,ATM_CASH_WITHDRAWAL,SYNTHETIC / SIMULATED DATA — NOT REAL FINANCIAL DATA
TXN001135,2026-08-12 12:12:55,2026-08-12,12:12:55,Wednesday,12,17.445895,78.502953,ATM_HYD_304,Union Bank ATM - Patny Circle,Secunderabad Station Transit Hub,Hyderabad,30000,Branch_27,ATM_CASH_WITHDRAWAL,SYNTHETIC / SIMULATED DATA — NOT REAL FINANCIAL DATA
TXN000607,2026-08-12 12:36:25,2026-08-12,12:36:25,Wednesday,12,17.437097,78.446347,ATM_HYD_103,ICICI e-Lobby - Ameerpet Cross Roads,Ameerpet Commercial Hub,Hyderabad,25000,Branch_11,ATM_CASH_WITHDRAWAL,SYNTHETIC / SIMULATED DATA — NOT REAL FINANCIAL DATA
TXN001250,2026-08-12 13:29:35,2026-08-12,13:29:35,Wednesday,13,17.439804,78.507301,ATM_HYD_304,Union Bank ATM - Patny Circle,Secunderabad Station Transit Hub,Hyderabad,40000,Branch_40,ATM_CASH_WITHDRAWAL,SYNTHETIC / SIMULATED DATA — NOT REAL FINANCIAL DATA
TXN000771,2026-08-12 14:00:02,2026-08-12,14:00:02,Wednesday,14,17.442763,78.445085,ATM_HYD_105,Canara Bank Express ATM - SR Nagar,Ameerpet Commercial Hub,Hyderabad,20000,Branch_40,ATM_CASH_WITHDRAWAL,SYNTHETIC / SIMULATED DATA — NOT REAL FINANCIAL DATA
TXN000971,2026-08-12 14:10:44,2026-08-12,14:10:44,Wednesday,14,17.442963,78.503378,ATM_HYD_301,Punjab National Bank - Railway Gate 1,Secunderabad Station Transit Hub,Hyderabad,50000,Branch_20,ATM_CASH_WITHDRAWAL,SYNTHETIC / SIMULATED DATA — NOT REAL FINANCIAL DATA
TXN001772,2026-08-12 14:17:17,2026-08-12,14:17:17,Wednesday,14,17.37234,78.526824,ATM_HYD_404,Canara Bank ATM - Dilsukhnagar Bus Depot,Dilsukhnagar Market Corridor,Hyderabad,25000,Branch_29,ATM_CASH_WITHDRAWAL,SYNTHETIC / SIMULATED DATA — NOT REAL FINANCIAL DATA
TXN002225,2026-08-12 14:51:48,2026-08-12,14:51:48,Wednesday,14,17.436514,78.451607,ATM_HYD_105,Canara Bank Express ATM - SR Nagar,Ameerpet Commercial Hub,Hyderabad,38000,Branch_21,ATM_CASH_WITHDRAWAL,SYNTHETIC / SIMULATED DATA — NOT REAL FINANCIAL DATA
TXN000042,2026-08-12 15:21:21,2026-08-12,15:21:21,Wednesday,15,17.4446,78.397098,ATM_HYD_204,ICICI Bank Express ATM - Madhapur Police Station,Madhapur Tech Corridor,Hyderabad,15000,Branch_47,ATM_CASH_WITHDRAWAL,SYNTHETIC / SIMULATED DATA — NOT REAL FINANCIAL DATA
TXN001089,2026-08-12 15:34:20,2026-08-12,15:34:20,Wednesday,15,17.362914,78.46918,ATM_HYD_502,SBI ATM - Gulzar Houz,Charminar Heritage Bazaar,Hyderabad,30000,Branch_37,ATM_CASH_WITHDRAWAL,SYNTHETIC / SIMULATED DATA — NOT REAL FINANCIAL DATA
TXN000536,2026-08-12 16:16:37,2026-08-12,16:16:37,Wednesday,16,17.363364,78.471478,ATM_HYD_501,Bank of India - Madina Market,Charminar Heritage Bazaar,Hyderabad,25000,Branch_20,ATM_CASH_WITHDRAWAL,SYNTHETIC / SIMULATED DATA — NOT REAL FINANCIAL DATA
TXN002282,2026-08-12 16:27:53,2026-08-12,16:27:53,Wednesday,16,17.351201,78.452837,ATM_HYD_903,Market Yard Cash Point - Shamshabad Link,Isolated / Peripheral Zone,Hyderabad,40000,Branch_96,ATM_CASH_WITHDRAWAL,SYNTHETIC / SIMULATED DATA — NOT REAL FINANCIAL DATA
TXN001656,2026-08-12 16:38:20,2026-08-12,16:38:20,Wednesday,16,17.358977,78.479592,ATM_HYD_502,SBI ATM - Gulzar Houz,Charminar Heritage Bazaar,Hyderabad,20000,Branch_25,ATM_CASH_WITHDRAWAL,SYNTHETIC / SIMULATED DATA — NOT REAL FINANCIAL DATA
TXN001428,2026-08-12 16:54:20,2026-08-12,16:54:20,Wednesday,16,17.362925,78.476838,ATM_HYD_501,Bank of India - Madina Market,Charminar Heritage Bazaar,Hyderabad,10000,Branch_46,ATM_CASH_WITHDRAWAL,SYNTHETIC / SIMULATED DATA — NOT REAL FINANCIAL DATA
TXN000109,2026-08-12 17:08:54,2026-08-12,17:08:54,Wednesday,17,17.440183,78.447746,ATM_HYD_102,HDFC 24x7 Cash Point - Maitrivanam,Ameerpet Commercial Hub,Hyderabad,20000,Branch_44,ATM_CASH_WITHDRAWAL,SYNTHETIC / SIMULATED DATA — NOT REAL FINANCIAL DATA
TXN000726,2026-08-12 17:20:44,2026-08-12,17:20:44,Wednesday,17,17.365184,78.520903,ATM_HYD_404,Canara Bank ATM - Dilsukhnagar Bus Depot,Dilsukhnagar Market Corridor,Hyderabad,25000,Branch_23,ATM_CASH_WITHDRAWAL,SYNTHETIC / SIMULATED DATA — NOT REAL FINANCIAL DATA
TXN000969,2026-08-12 17:29:24,2026-08-12,17:29:24,Wednesday,17,17.452018,78.395742,ATM_HYD_203,HDFC Bank E-Corner - Inorbit Road,Madhapur Tech Corridor,Hyderabad,15000,Branch_18,ATM_CASH_WITHDRAWAL,SYNTHETIC / SIMULATED DATA — NOT REAL FINANCIAL DATA
TXN000680,2026-08-12 17:30:13,2026-08-12,17:30:13,Wednesday,17,17.368359,78.525922,ATM_HYD_403,HDFC Cash Machine - Malakpet Link,Dilsukhnagar Market Corridor,Hyderabad,25000,Branch_36,ATM_CASH_WITHDRAWAL,SYNTHETIC / SIMULATED DATA — NOT REAL FINANCIAL DATA
TXN000117,2026-08-12 17:38:38,2026-08-12,17:38:38,Wednesday,17,17.366915,78.520321,ATM_HYD_402,Andhra Bank (UBI) ATM - Chaitanyapuri,Dilsukhnagar Market Corridor,Hyderabad,20000,Branch_24,ATM_CASH_WITHDRAWAL,SYNTHETIC / SIMULATED DATA — NOT REAL FINANCIAL DATA
TXN002482,2026-08-12 17:58:32,2026-08-12,17:58:32,Wednesday,17,17.392464,78.474269,ATM_HYD_901,Rural Kiosk - Outer Ring Road Exit 4,Isolated / Peripheral Zone,Hyderabad,40000,Branch_60,ATM_CASH_WITHDRAWAL,SYNTHETIC / SIMULATED DATA — NOT REAL FINANCIAL DATA
TXN000096,2026-08-12 18:04:43,2026-08-12,18:04:43,Wednesday,18,17.445135,78.392224,ATM_HYD_205,IndusInd Bank 24/7 ATM - Kavuri Hills,Madhapur Tech Corridor,Hyderabad,40000,Branch_12,ATM_CASH_WITHDRAWAL,SYNTHETIC / SIMULATED DATA — NOT REAL FINANCIAL DATA
TXN001229,2026-08-12 18:07:07,2026-08-12,18:07:07,Wednesday,18,17.362191,78.473436,ATM_HYD_502,SBI ATM - Gulzar Houz,Charminar Heritage Bazaar,Hyderabad,50000,Branch_28,ATM_CASH_WITHDRAWAL,SYNTHETIC / SIMULATED DATA — NOT REAL FINANCIAL DATA
TXN001722,2026-08-12 18:11:52,2026-08-12,18:11:52,Wednesday,18,17.438681,78.446848,ATM_HYD_101,SBI Kiosk - Ameerpet Metro Junction,Ameerpet Commercial Hub,Hyderabad,10000,Branch_44,ATM_CASH_WITHDRAWAL,SYNTHETIC / SIMULATED DATA — NOT REAL FINANCIAL DATA
TXN001228,2026-08-12 18:30:02,2026-08-12,18:30:02,Wednesday,18,17.442399,78.441606,ATM_HYD_105,Canara Bank Express ATM - SR Nagar,Ameerpet Commercial Hub,Hyderabad,10000,Branch_45,ATM_CASH_WITHDRAWAL,SYNTHETIC / SIMULATED DATA — NOT REAL FINANCIAL DATA
TXN000529,2026-08-12 18:30:31,2026-08-12,18:30:31,Wednesday,18,17.438082,78.4513,ATM_HYD_104,Axis Bank ATM - Elephant House,Ameerpet Commercial Hub,Hyderabad,25000,Branch_26,ATM_CASH_WITHDRAWAL,SYNTHETIC / SIMULATED DATA — NOT REAL FINANCIAL DATA
TXN001799,2026-08-12 18:30:54,2026-08-12,18:30:54,Wednesday,18,17.436869,78.452825,ATM_HYD_105,Canara Bank Express ATM - SR Nagar,Ameerpet Commercial Hub,Hyderabad,25000,Branch_13,ATM_CASH_WITHDRAWAL,SYNTHETIC / SIMULATED DATA — NOT REAL FINANCIAL DATA
TXN000137,2026-08-12 18:31:59,2026-08-12,18:31:59,Wednesday,18,17.448181,78.383817,ATM_HYD_204,ICICI Bank Express ATM - Madhapur Police Station,Madhapur Tech Corridor,Hyderabad,30000,Branch_42,ATM_CASH_WITHDRAWAL,SYNTHETIC / SIMULATED DATA — NOT REAL FINANCIAL DATA
TXN001071,2026-08-12 18:44:37,2026-08-12,18:44:37,Wednesday,18,17.437505,78.449571,ATM_HYD_101,SBI Kiosk - Ameerpet Metro Junction,Ameerpet Commercial Hub,Hyderabad,20000,Branch_20,ATM_CASH_WITHDRAWAL,SYNTHETIC / SIMULATED DATA — NOT REAL FINANCIAL DATA
TXN001073,2026-08-12 18:46:31,2026-08-12,18:46:31,Wednesday,18,17.434762,78.448523,ATM_HYD_104,Axis Bank ATM - Elephant House,Ameerpet Commercial Hub,Hyderabad,20000,Branch_47,ATM_CASH_WITHDRAWAL,SYNTHETIC / SIMULATED DATA — NOT REAL FINANCIAL DATA
TXN000943,2026-08-12 19:08:24,2026-08-12,19:08:24,Wednesday,19,17.442926,78.496672,ATM_HYD_301,Punjab National Bank - Railway Gate 1,Secunderabad Station Transit Hub,Hyderabad,20000,Branch_46,ATM_CASH_WITHDRAWAL,SYNTHETIC / SIMULATED DATA — NOT REAL FINANCIAL DATA
TXN001134,2026-08-12 19:27:49,2026-08-12,19:27:49,Wednesday,19,17.440308,78.449409,ATM_HYD_105,Canara Bank Express ATM - SR Nagar,Ameerpet Commercial Hub,Hyderabad,40000,Branch_39,ATM_CASH_WITHDRAWAL,SYNTHETIC / SIMULATED DATA — NOT REAL FINANCIAL DATA
TXN001156,2026-08-12 19:59:06,2026-08-12,19:59:06,Wednesday,19,17.447262,78.502896,ATM_HYD_303,SBI Multi-Service Lounge - Station Rd,Secunderabad Station Transit Hub,Hyderabad,20000,Branch_19,ATM_CASH_WITHDRAWAL,SYNTHETIC / SIMULATED DATA — NOT REAL FINANCIAL DATA
TXN002007,2026-08-12 20:12:06,2026-08-12,20:12:06,Wednesday,20,17.450921,78.392487,ATM_HYD_204,ICICI Bank Express ATM - Madhapur Police Station,Madhapur Tech Corridor,Hyderabad,25000,Branch_23,ATM_CASH_WITHDRAWAL,SYNTHETIC / SIMULATED DATA — NOT REAL FINANCIAL DATA
TXN001304,2026-08-12 20:12:40,2026-08-12,20:12:40,Wednesday,20,17.453027,78.384526,ATM_HYD_205,IndusInd Bank 24/7 ATM - Kavuri Hills,Madhapur Tech Corridor,Hyderabad,20000,Branch_33,ATM_CASH_WITHDRAWAL,SYNTHETIC / SIMULATED DATA — NOT REAL FINANCIAL DATA
TXN001076,2026-08-12 20:14:40,2026-08-12,20:14:40,Wednesday,20,17.453401,78.388293,ATM_HYD_201,Kotak ATM - Cyber Towers Concourse,Madhapur Tech Corridor,Hyderabad,15000,Branch_11,ATM_CASH_WITHDRAWAL,SYNTHETIC / SIMULATED DATA — NOT REAL FINANCIAL DATA
TXN000642,2026-08-12 20:15:57,2026-08-12,20:15:57,Wednesday,20,17.44886,78.38927,ATM_HYD_201,Kotak ATM - Cyber Towers Concourse,Madhapur Tech Corridor,Hyderabad,50000,Branch_49,ATM_CASH_WITHDRAWAL,SYNTHETIC / SIMULATED DATA — NOT REAL FINANCIAL DATA
TXN001485,2026-08-12 20:18:16,2026-08-12,20:18:16,Wednesday,20,17.447648,78.387003,ATM_HYD_205,IndusInd Bank 24/7 ATM - Kavuri Hills,Madhapur Tech Corridor,Hyderabad,20000,Branch_46,ATM_CASH_WITHDRAWAL,SYNTHETIC / SIMULATED DATA — NOT REAL FINANCIAL DATA
TXN000206,2026-08-12 20:27:11,2026-08-12,20:27:11,Wednesday,20,17.43731,78.449703,ATM_HYD_103,ICICI e-Lobby - Ameerpet Cross Roads,Ameerpet Commercial Hub,Hyderabad,20000,Branch_24,ATM_CASH_WITHDRAWAL,SYNTHETIC / SIMULATED DATA — NOT REAL FINANCIAL DATA
TXN000612,2026-08-12 21:14:00,2026-08-12,21:14:00,Wednesday,21,17.376002,78.526839,ATM_HYD_404,Canara Bank ATM - Dilsukhnagar Bus Depot,Dilsukhnagar Market Corridor,Hyderabad,10000,Branch_28,ATM_CASH_WITHDRAWAL,SYNTHETIC / SIMULATED DATA — NOT REAL FINANCIAL DATA
TXN002173,2026-08-12 21:31:04,2026-08-12,21:31:04,Wednesday,21,17.446534,78.445219,ATM_HYD_101,SBI Kiosk - Ameerpet Metro Junction,Ameerpet Commercial Hub,Hyderabad,20000,Branch_30,ATM_CASH_WITHDRAWAL,SYNTHETIC / SIMULATED DATA — NOT REAL FINANCIAL DATA
TXN001808,2026-08-12 21:35:45,2026-08-12,21:35:45,Wednesday,21,17.446893,78.447832,ATM_HYD_102,HDFC 24x7 Cash Point - Maitrivanam,Ameerpet Commercial Hub,Hyderabad,25000,Branch_16,ATM_CASH_WITHDRAWAL,SYNTHETIC / SIMULATED DATA — NOT REAL FINANCIAL DATA
TXN001112,2026-08-12 21:37:49,2026-08-12,21:37:49,Wednesday,21,17.433196,78.445852,ATM_HYD_105,Canara Bank Express ATM - SR Nagar,Ameerpet Commercial Hub,Hyderabad,20000,Branch_26,ATM_CASH_WITHDRAWAL,SYNTHETIC / SIMULATED DATA — NOT REAL FINANCIAL DATA
TXN001454,2026-08-12 21:44:11,2026-08-12,21:44:11,Wednesday,21,17.445968,78.389611,ATM_HYD_202,SBI ATM - Hitec City Metro Pillar 24,Madhapur Tech Corridor,Hyderabad,50000,Branch_30,ATM_CASH_WITHDRAWAL,SYNTHETIC / SIMULATED DATA — NOT REAL FINANCIAL DATA
TXN000123,2026-08-12 22:09:58,2026-08-12,22:09:58,Wednesday,22,17.443778,78.397781,ATM_HYD_204,ICICI Bank Express ATM - Madhapur Police Station,Madhapur Tech Corridor,Hyderabad,30000,Branch_19,ATM_CASH_WITHDRAWAL,SYNTHETIC / SIMULATED DATA — NOT REAL FINANCIAL DATA
TXN001059,2026-08-13 00:27:35,2026-08-13,00:27:35,Thursday,0,17.446134,78.393318,ATM_HYD_201,Kotak ATM - Cyber Towers Concourse,Madhapur Tech Corridor,Hyderabad,40000,Branch_22,ATM_CASH_WITHDRAWAL,SYNTHETIC / SIMULATED DATA — NOT REAL FINANCIAL DATA
TXN001490,2026-08-13 00:34:27,2026-08-13,00:34:27,Thursday,0,17.449629,78.386987,ATM_HYD_204,ICICI Bank Express ATM - Madhapur Police Station,Madhapur Tech Corridor,Hyderabad,45000,Branch_26,ATM_CASH_WITHDRAWAL,SYNTHETIC / SIMULATED DATA — NOT REAL FINANCIAL DATA
TXN001589,2026-08-13 00:51:44,2026-08-13,00:51:44,Thursday,0,17.443889,78.397523,ATM_HYD_202,SBI ATM - Hitec City Metro Pillar 24,Madhapur Tech Corridor,Hyderabad,25000,Branch_33,ATM_CASH_WITHDRAWAL,SYNTHETIC / SIMULATED DATA — NOT REAL FINANCIAL DATA
TXN002234,2026-08-13 00:57:53,2026-08-13,00:57:53,Thursday,0,17.375392,78.520743,ATM_HYD_402,Andhra Bank (UBI) ATM - Chaitanyapuri,Dilsukhnagar Market Corridor,Hyderabad,28000,Branch_30,ATM_CASH_WITHDRAWAL,SYNTHETIC / SIMULATED DATA — NOT REAL FINANCIAL DATA
TXN000256,2026-08-13 02:02:52,2026-08-13,02:02:52,Thursday,2,17.442051,78.38215,ATM_HYD_203,HDFC Bank E-Corner - Inorbit Road,Madhapur Tech Corridor,Hyderabad,25000,Branch_35,ATM_CASH_WITHDRAWAL,SYNTHETIC / SIMULATED DATA — NOT REAL FINANCIAL DATA
TXN002193,2026-08-13 03:19:39,2026-08-13,03:19:39,Thursday,3,17.441031,78.496192,ATM_HYD_304,Union Bank ATM - Patny Circle,Secunderabad Station Transit Hub,Hyderabad,30000,Branch_35,ATM_CASH_WITHDRAWAL,SYNTHETIC / SIMULATED DATA — NOT REAL FINANCIAL DATA
TXN000761,2026-08-13 03:21:44,2026-08-13,03:21:44,Thursday,3,17.440496,78.449003,ATM_HYD_103,ICICI e-Lobby - Ameerpet Cross Roads,Ameerpet Commercial Hub,Hyderabad,10000,Branch_24,ATM_CASH_WITHDRAWAL,SYNTHETIC / SIMULATED DATA — NOT REAL FINANCIAL DATA
TXN001569,2026-08-13 03:34:54,2026-08-13,03:34:54,Thursday,3,17.446719,78.498462,ATM_HYD_304,Union Bank ATM - Patny Circle,Secunderabad Station Transit Hub,Hyderabad,30000,Branch_13,ATM_CASH_WITHDRAWAL,SYNTHETIC / SIMULATED DATA — NOT REAL FINANCIAL DATA
TXN000466,2026-08-13 07:46:11,2026-08-13,07:46:11,Thursday,7,17.454537,78.388413,ATM_HYD_203,HDFC Bank E-Corner - Inorbit Road,Madhapur Tech Corridor,Hyderabad,25000,Branch_17,ATM_CASH_WITHDRAWAL,SYNTHETIC / SIMULATED DATA — NOT REAL FINANCIAL DATA
TXN002256,2026-08-13 10:34:21,2026-08-13,10:34:21,Thursday,10,17.304378,78.504757,ATM_HYD_903,Market Yard Cash Point - Shamshabad Link,Isolated / Peripheral Zone,Hyderabad,20000,Branch_86,ATM_CASH_WITHDRAWAL,SYNTHETIC / SIMULATED DATA — NOT REAL FINANCIAL DATA
TXN000275,2026-08-13 11:02:28,2026-08-13,11:02:28,Thursday,11,17.44772,78.389489,ATM_HYD_203,HDFC Bank E-Corner - Inorbit Road,Madhapur Tech Corridor,Hyderabad,25000,Branch_47,ATM_CASH_WITHDRAWAL,SYNTHETIC / SIMULATED DATA — NOT REAL FINANCIAL DATA
TXN002452,2026-08-13 11:09:24,2026-08-13,11:09:24,Thursday,11,17.495785,78.49272,ATM_HYD_905,Highway Kiosk - Patancheru Depot,Isolated / Peripheral Zone,Hyderabad,20000,Branch_93,ATM_CASH_WITHDRAWAL,SYNTHETIC / SIMULATED DATA — NOT REAL FINANCIAL DATA
TXN001844,2026-08-13 11:46:01,2026-08-13,11:46:01,Thursday,11,17.438425,78.502671,ATM_HYD_303,SBI Multi-Service Lounge - Station Rd,Secunderabad Station Transit Hub,Hyderabad,25000,Branch_15,ATM_CASH_WITHDRAWAL,SYNTHETIC / SIMULATED DATA — NOT REAL FINANCIAL DATA
TXN000295,2026-08-13 11:48:26,2026-08-13,11:48:26,Thursday,11,17.435587,78.448898,ATM_HYD_101,SBI Kiosk - Ameerpet Metro Junction,Ameerpet Commercial Hub,Hyderabad,20000,Branch_31,ATM_CASH_WITHDRAWAL,SYNTHETIC / SIMULATED DATA — NOT REAL FINANCIAL DATA
TXN001927,2026-08-13 12:25:49,2026-08-13,12:25:49,Thursday,12,17.442374,78.504599,ATM_HYD_304,Union Bank ATM - Patny Circle,Secunderabad Station Transit Hub,Hyderabad,30000,Branch_28,ATM_CASH_WITHDRAWAL,SYNTHETIC / SIMULATED DATA — NOT REAL FINANCIAL DATA
TXN000226,2026-08-13 13:19:35,2026-08-13,13:19:35,Thursday,13,17.434888,78.446009,ATM_HYD_104,Axis Bank ATM - Elephant House,Ameerpet Commercial Hub,Hyderabad,20000,Branch_31,ATM_CASH_WITHDRAWAL,SYNTHETIC / SIMULATED DATA — NOT REAL FINANCIAL DATA
TXN002254,2026-08-13 13:35:21,2026-08-13,13:35:21,Thursday,13,17.369999,78.396676,ATM_HYD_905,Highway Kiosk - Patancheru Depot,Isolated / Peripheral Zone,Hyderabad,50000,Branch_68,ATM_CASH_WITHDRAWAL,SYNTHETIC / SIMULATED DATA — NOT REAL FINANCIAL DATA
TXN000998,2026-08-13 14:41:05,2026-08-13,14:41:05,Thursday,14,17.442304,78.443684,ATM_HYD_102,HDFC 24x7 Cash Point - Maitrivanam,Ameerpet Commercial Hub,Hyderabad,25000,Branch_29,ATM_CASH_WITHDRAWAL,SYNTHETIC / SIMULATED DATA — NOT REAL FINANCIAL DATA
TXN000552,2026-08-13 15:23:31,2026-08-13,15:23:31,Thursday,15,17.365661,78.525872,ATM_HYD_404,Canara Bank ATM - Dilsukhnagar Bus Depot,Dilsukhnagar Market Corridor,Hyderabad,25000,Branch_21,ATM_CASH_WITHDRAWAL,SYNTHETIC / SIMULATED DATA — NOT REAL FINANCIAL DATA
TXN000125,2026-08-13 15:44:25,2026-08-13,15:44:25,Thursday,15,17.435784,78.447662,ATM_HYD_104,Axis Bank ATM - Elephant House,Ameerpet Commercial Hub,Hyderabad,10000,Branch_42,ATM_CASH_WITHDRAWAL,SYNTHETIC / SIMULATED DATA — NOT REAL FINANCIAL DATA
TXN000179,2026-08-13 16:07:42,2026-08-13,16:07:42,Thursday,16,17.358215,78.47573,ATM_HYD_501,Bank of India - Madina Market,Charminar Heritage Bazaar,Hyderabad,20000,Branch_18,ATM_CASH_WITHDRAWAL,SYNTHETIC / SIMULATED DATA — NOT REAL FINANCIAL DATA
TXN000447,2026-08-13 16:24:05,2026-08-13,16:24:05,Thursday,16,17.360488,78.477968,ATM_HYD_502,SBI ATM - Gulzar Houz,Charminar Heritage Bazaar,Hyderabad,20000,Branch_16,ATM_CASH_WITHDRAWAL,SYNTHETIC / SIMULATED DATA — NOT REAL FINANCIAL DATA
TXN001673,2026-08-13 16:24:28,2026-08-13,16:24:28,Thursday,16,17.364064,78.527934,ATM_HYD_401,SBI Express ATM - Dilsukhnagar Metro,Dilsukhnagar Market Corridor,Hyderabad,15000,Branch_42,ATM_CASH_WITHDRAWAL,SYNTHETIC / SIMULATED DATA — NOT REAL FINANCIAL DATA
TXN000285,2026-08-13 16:42:25,2026-08-13,16:42:25,Thursday,16,17.442994,78.500914,ATM_HYD_304,Union Bank ATM - Patny Circle,Secunderabad Station Transit Hub,Hyderabad,15000,Branch_16,ATM_CASH_WITHDRAWAL,SYNTHETIC / SIMULATED DATA — NOT REAL FINANCIAL DATA
TXN001642,2026-08-13 17:12:05,2026-08-13,17:12:05,Thursday,17,17.375957,78.527649,ATM_HYD_401,SBI Express ATM - Dilsukhnagar Metro,Dilsukhnagar Market Corridor,Hyderabad,20000,Branch_45,ATM_CASH_WITHDRAWAL,SYNTHETIC / SIMULATED DATA — NOT REAL FINANCIAL DATA
TXN000784,2026-08-13 17:12:06,2026-08-13,17:12:06,Thursday,17,17.441929,78.397198,ATM_HYD_201,Kotak ATM - Cyber Towers Concourse,Madhapur Tech Corridor,Hyderabad,20000,Branch_16,ATM_CASH_WITHDRAWAL,SYNTHETIC / SIMULATED DATA — NOT REAL FINANCIAL DATA
TXN000386,2026-08-13 17:28:35,2026-08-13,17:28:35,Thursday,17,17.369198,78.521669,ATM_HYD_401,SBI Express ATM - Dilsukhnagar Metro,Dilsukhnagar Market Corridor,Hyderabad,40000,Branch_36,ATM_CASH_WITHDRAWAL,SYNTHETIC / SIMULATED DATA — NOT REAL FINANCIAL DATA
TXN001456,2026-08-13 17:34:10,2026-08-13,17:34:10,Thursday,17,17.356831,78.475524,ATM_HYD_501,Bank of India - Madina Market,Charminar Heritage Bazaar,Hyderabad,10000,Branch_10,ATM_CASH_WITHDRAWAL,SYNTHETIC / SIMULATED DATA — NOT REAL FINANCIAL DATA
TXN001191,2026-08-13 17:37:17,2026-08-13,17:37:17,Thursday,17,17.434367,78.448649,ATM_HYD_104,Axis Bank ATM - Elephant House,Ameerpet Commercial Hub,Hyderabad,10000,Branch_34,ATM_CASH_WITHDRAWAL,SYNTHETIC / SIMULATED DATA — NOT REAL FINANCIAL DATA
TXN000828,2026-08-13 18:37:34,2026-08-13,18:37:34,Thursday,18,17.444893,78.388352,ATM_HYD_205,IndusInd Bank 24/7 ATM - Kavuri Hills,Madhapur Tech Corridor,Hyderabad,30000,Branch_22,ATM_CASH_WITHDRAWAL,SYNTHETIC / SIMULATED DATA — NOT REAL FINANCIAL DATA
TXN001514,2026-08-13 19:07:02,2026-08-13,19:07:02,Thursday,19,17.436602,78.450316,ATM_HYD_101,SBI Kiosk - Ameerpet Metro Junction,Ameerpet Commercial Hub,Hyderabad,25000,Branch_22,ATM_CASH_WITHDRAWAL,SYNTHETIC / SIMULATED DATA — NOT REAL FINANCIAL DATA
TXN001505,2026-08-13 19:12:59,2026-08-13,19:12:59,Thursday,19,17.44997,78.388283,ATM_HYD_201,Kotak ATM - Cyber Towers Concourse,Madhapur Tech Corridor,Hyderabad,23000,Branch_49,ATM_CASH_WITHDRAWAL,SYNTHETIC / SIMULATED DATA — NOT REAL FINANCIAL DATA
TXN001811,2026-08-13 19:15:45,2026-08-13,19:15:45,Thursday,19,17.439277,78.500154,ATM_HYD_303,SBI Multi-Service Lounge - Station Rd,Secunderabad Station Transit Hub,Hyderabad,10000,Branch_31,ATM_CASH_WITHDRAWAL,SYNTHETIC / SIMULATED DATA — NOT REAL FINANCIAL DATA
TXN002307,2026-08-13 19:16:18,2026-08-13,19:16:18,Thursday,19,17.334948,78.378917,ATM_HYD_904,Express ATM - Uppal Outskirts,Isolated / Peripheral Zone,Hyderabad,50000,Branch_54,ATM_CASH_WITHDRAWAL,SYNTHETIC / SIMULATED DATA — NOT REAL FINANCIAL DATA
TXN000928,2026-08-13 19:54:16,2026-08-13,19:54:16,Thursday,19,17.444142,78.390341,ATM_HYD_203,HDFC Bank E-Corner - Inorbit Road,Madhapur Tech Corridor,Hyderabad,48000,Branch_48,ATM_CASH_WITHDRAWAL,SYNTHETIC / SIMULATED DATA — NOT REAL FINANCIAL DATA
TXN000891,2026-08-13 20:03:06,2026-08-13,20:03:06,Thursday,20,17.433263,78.50517,ATM_HYD_301,Punjab National Bank - Railway Gate 1,Secunderabad Station Transit Hub,Hyderabad,40000,Branch_15,ATM_CASH_WITHDRAWAL,SYNTHETIC / SIMULATED DATA — NOT REAL FINANCIAL DATA
TXN000965,2026-08-13 20:03:57,2026-08-13,20:03:57,Thursday,20,17.441125,78.44918,ATM_HYD_102,HDFC 24x7 Cash Point - Maitrivanam,Ameerpet Commercial Hub,Hyderabad,10000,Branch_16,ATM_CASH_WITHDRAWAL,SYNTHETIC / SIMULATED DATA — NOT REAL FINANCIAL DATA
TXN001219,2026-08-13 20:07:28,2026-08-13,20:07:28,Thursday,20,17.448101,78.498581,ATM_HYD_303,SBI Multi-Service Lounge - Station Rd,Secunderabad Station Transit Hub,Hyderabad,15000,Branch_10,ATM_CASH_WITHDRAWAL,SYNTHETIC / SIMULATED DATA — NOT REAL FINANCIAL DATA
TXN001143,2026-08-13 20:08:14,2026-08-13,20:08:14,Thursday,20,17.442016,78.501023,ATM_HYD_303,SBI Multi-Service Lounge - Station Rd,Secunderabad Station Transit Hub,Hyderabad,10000,Branch_47,ATM_CASH_WITHDRAWAL,SYNTHETIC / SIMULATED DATA — NOT REAL FINANCIAL DATA
TXN001529,2026-08-13 20:18:20,2026-08-13,20:18:20,Thursday,20,17.371608,78.527632,ATM_HYD_403,HDFC Cash Machine - Malakpet Link,Dilsukhnagar Market Corridor,Hyderabad,30000,Branch_10,ATM_CASH_WITHDRAWAL,SYNTHETIC / SIMULATED DATA — NOT REAL FINANCIAL DATA
TXN000025,2026-08-13 20:35:10,2026-08-13,20:35:10,Thursday,20,17.447511,78.387013,ATM_HYD_205,IndusInd Bank 24/7 ATM - Kavuri Hills,Madhapur Tech Corridor,Hyderabad,20000,Branch_48,ATM_CASH_WITHDRAWAL,SYNTHETIC / SIMULATED DATA — NOT REAL FINANCIAL DATA
TXN000047,2026-08-13 20:38:46,2026-08-13,20:38:46,Thursday,20,17.452512,78.397666,ATM_HYD_203,HDFC Bank E-Corner - Inorbit Road,Madhapur Tech Corridor,Hyderabad,20000,Branch_25,ATM_CASH_WITHDRAWAL,SYNTHETIC / SIMULATED DATA — NOT REAL FINANCIAL DATA
TXN001480,2026-08-13 21:12:58,2026-08-13,21:12:58,Thursday,21,17.457079,78.39065,ATM_HYD_205,IndusInd Bank 24/7 ATM - Kavuri Hills,Madhapur Tech Corridor,Hyderabad,10000,Branch_10,ATM_CASH_WITHDRAWAL,SYNTHETIC / SIMULATED DATA — NOT REAL FINANCIAL DATA
TXN002097,2026-08-13 21:29:09,2026-08-13,21:29:09,Thursday,21,17.440215,78.39118,ATM_HYD_203,HDFC Bank E-Corner - Inorbit Road,Madhapur Tech Corridor,Hyderabad,30000,Branch_31,ATM_CASH_WITHDRAWAL,SYNTHETIC / SIMULATED DATA — NOT REAL FINANCIAL DATA
TXN000619,2026-08-13 21:38:38,2026-08-13,21:38:38,Thursday,21,17.365635,78.518969,ATM_HYD_402,Andhra Bank (UBI) ATM - Chaitanyapuri,Dilsukhnagar Market Corridor,Hyderabad,15000,Branch_42,ATM_CASH_WITHDRAWAL,SYNTHETIC / SIMULATED DATA — NOT REAL FINANCIAL DATA
TXN000556,2026-08-13 21:51:00,2026-08-13,21:51:00,Thursday,21,17.446737,78.383414,ATM_HYD_204,ICICI Bank Express ATM - Madhapur Police Station,Madhapur Tech Corridor,Hyderabad,25000,Branch_48,ATM_CASH_WITHDRAWAL,SYNTHETIC / SIMULATED DATA — NOT REAL FINANCIAL DATA
TXN001783,2026-08-13 22:20:53,2026-08-13,22:20:53,Thursday,22,17.44473,78.393002,ATM_HYD_201,Kotak ATM - Cyber Towers Concourse,Madhapur Tech Corridor,Hyderabad,20000,Branch_21,ATM_CASH_WITHDRAWAL,SYNTHETIC / SIMULATED DATA — NOT REAL FINANCIAL DATA
TXN001740,2026-08-13 22:25:02,2026-08-13,22:25:02,Thursday,22,17.449544,78.385976,ATM_HYD_204,ICICI Bank Express ATM - Madhapur Police Station,Madhapur Tech Corridor,Hyderabad,20000,Branch_22,ATM_CASH_WITHDRAWAL,SYNTHETIC / SIMULATED DATA — NOT REAL FINANCIAL DATA
TXN000075,2026-08-13 22:42:09,2026-08-13,22:42:09,Thursday,22,17.439189,78.501229,ATM_HYD_304,Union Bank ATM - Patny Circle,Secunderabad Station Transit Hub,Hyderabad,40000,Branch_45,ATM_CASH_WITHDRAWAL,SYNTHETIC / SIMULATED DATA — NOT REAL FINANCIAL DATA
TXN000276,2026-08-13 23:03:53,2026-08-13,23:03:53,Thursday,23,17.442853,78.393349,ATM_HYD_202,SBI ATM - Hitec City Metro Pillar 24,Madhapur Tech Corridor,Hyderabad,8000,Branch_29,ATM_CASH_WITHDRAWAL,SYNTHETIC / SIMULATED DATA — NOT REAL FINANCIAL DATA
TXN000747,2026-08-13 23:10:01,2026-08-13,23:10:01,Thursday,23,17.453618,78.392414,ATM_HYD_204,ICICI Bank Express ATM - Madhapur Police Station,Madhapur Tech Corridor,Hyderabad,22000,Branch_30,ATM_CASH_WITHDRAWAL,SYNTHETIC / SIMULATED DATA — NOT REAL FINANCIAL DATA
TXN000264,2026-08-13 23:41:23,2026-08-13,23:41:23,Thursday,23,17.439905,78.393064,ATM_HYD_201,Kotak ATM - Cyber Towers Concourse,Madhapur Tech Corridor,Hyderabad,20000,Branch_46,ATM_CASH_WITHDRAWAL,SYNTHETIC / SIMULATED DATA — NOT REAL FINANCIAL DATA
TXN002067,2026-08-14 01:11:14,2026-08-14,01:11:14,Friday,1,17.440566,78.451085,ATM_HYD_104,Axis Bank ATM - Elephant House,Ameerpet Commercial Hub,Hyderabad,10000,Branch_10,ATM_CASH_WITHDRAWAL,SYNTHETIC / SIMULATED DATA — NOT REAL FINANCIAL DATA
TXN000749,2026-08-14 02:50:25,2026-08-14,02:50:25,Friday,2,17.372151,78.51978,ATM_HYD_404,Canara Bank ATM - Dilsukhnagar Bus Depot,Dilsukhnagar Market Corridor,Hyderabad,25000,Branch_21,ATM_CASH_WITHDRAWAL,SYNTHETIC / SIMULATED DATA — NOT REAL FINANCIAL DATA
TXN001770,2026-08-14 07:32:22,2026-08-14,07:32:22,Friday,7,17.445233,78.389091,ATM_HYD_202,SBI ATM - Hitec City Metro Pillar 24,Madhapur Tech Corridor,Hyderabad,40000,Branch_29,ATM_CASH_WITHDRAWAL,SYNTHETIC / SIMULATED DATA — NOT REAL FINANCIAL DATA
TXN002050,2026-08-14 07:57:37,2026-08-14,07:57:37,Friday,7,17.438004,78.44417,ATM_HYD_101,SBI Kiosk - Ameerpet Metro Junction,Ameerpet Commercial Hub,Hyderabad,25000,Branch_17,ATM_CASH_WITHDRAWAL,SYNTHETIC / SIMULATED DATA — NOT REAL FINANCIAL DATA
TXN001294,2026-08-14 08:48:02,2026-08-14,08:48:02,Friday,8,17.442216,78.504838,ATM_HYD_302,Bank of Baroda ATM - Clock Tower Cir,Secunderabad Station Transit Hub,Hyderabad,22000,Branch_47,ATM_CASH_WITHDRAWAL,SYNTHETIC / SIMULATED DATA — NOT REAL FINANCIAL DATA
TXN001554,2026-08-14 10:04:44,2026-08-14,10:04:44,Friday,10,17.36762,78.517985,ATM_HYD_403,HDFC Cash Machine - Malakpet Link,Dilsukhnagar Market Corridor,Hyderabad,25000,Branch_25,ATM_CASH_WITHDRAWAL,SYNTHETIC / SIMULATED DATA — NOT REAL FINANCIAL DATA
TXN001307,2026-08-14 11:21:59,2026-08-14,11:21:59,Friday,11,17.43562,78.500299,ATM_HYD_301,Punjab National Bank - Railway Gate 1,Secunderabad Station Transit Hub,Hyderabad,25000,Branch_39,ATM_CASH_WITHDRAWAL,SYNTHETIC / SIMULATED DATA — NOT REAL FINANCIAL DATA
TXN002470,2026-08-14 12:22:18,2026-08-14,12:22:18,Friday,12,17.320217,78.538614,ATM_HYD_902,Petrol Pump ATM - Medchal Highway,Isolated / Peripheral Zone,Hyderabad,20000,Branch_97,ATM_CASH_WITHDRAWAL,SYNTHETIC / SIMULATED DATA — NOT REAL FINANCIAL DATA
TXN000431,2026-08-14 12:26:27,2026-08-14,12:26:27,Friday,12,17.441485,78.445403,ATM_HYD_105,Canara Bank Express ATM - SR Nagar,Ameerpet Commercial Hub,Hyderabad,25000,Branch_13,ATM_CASH_WITHDRAWAL,SYNTHETIC / SIMULATED DATA — NOT REAL FINANCIAL DATA
TXN002244,2026-08-14 12:54:00,2026-08-14,12:54:00,Friday,12,17.359494,78.473724,ATM_HYD_501,Bank of India - Madina Market,Charminar Heritage Bazaar,Hyderabad,25000,Branch_19,ATM_CASH_WITHDRAWAL,SYNTHETIC / SIMULATED DATA — NOT REAL FINANCIAL DATA
TXN002408,2026-08-14 13:06:29,2026-08-14,13:06:29,Friday,13,17.429627,78.486616,ATM_HYD_902,Petrol Pump ATM - Medchal Highway,Isolated / Peripheral Zone,Hyderabad,25000,Branch_94,ATM_CASH_WITHDRAWAL,SYNTHETIC / SIMULATED DATA — NOT REAL FINANCIAL DATA
TXN000436,2026-08-14 13:40:26,2026-08-14,13:40:26,Friday,13,17.440437,78.499234,ATM_HYD_304,Union Bank ATM - Patny Circle,Secunderabad Station Transit Hub,Hyderabad,30000,Branch_14,ATM_CASH_WITHDRAWAL,SYNTHETIC / SIMULATED DATA — NOT REAL FINANCIAL DATA
TXN000016,2026-08-14 13:48:03,2026-08-14,13:48:03,Friday,13,17.439014,78.457226,ATM_HYD_102,HDFC 24x7 Cash Point - Maitrivanam,Ameerpet Commercial Hub,Hyderabad,20000,Branch_19,ATM_CASH_WITHDRAWAL,SYNTHETIC / SIMULATED DATA — NOT REAL FINANCIAL DATA
TXN001882,2026-08-14 14:20:04,2026-08-14,14:20:04,Friday,14,17.368068,78.529193,ATM_HYD_402,Andhra Bank (UBI) ATM - Chaitanyapuri,Dilsukhnagar Market Corridor,Hyderabad,25000,Branch_13,ATM_CASH_WITHDRAWAL,SYNTHETIC / SIMULATED DATA — NOT REAL FINANCIAL DATA
TXN001581,2026-08-14 16:14:01,2026-08-14,16:14:01,Friday,16,17.438814,78.452057,ATM_HYD_102,HDFC 24x7 Cash Point - Maitrivanam,Ameerpet Commercial Hub,Hyderabad,40000,Branch_42,ATM_CASH_WITHDRAWAL,SYNTHETIC / SIMULATED DATA — NOT REAL FINANCIAL DATA
TXN001913,2026-08-14 17:23:36,2026-08-14,17:23:36,Friday,17,17.35637,78.474277,ATM_HYD_502,SBI ATM - Gulzar Houz,Charminar Heritage Bazaar,Hyderabad,25000,Branch_47,ATM_CASH_WITHDRAWAL,SYNTHETIC / SIMULATED DATA — NOT REAL FINANCIAL DATA
TXN000964,2026-08-14 17:30:58,2026-08-14,17:30:58,Friday,17,17.443436,78.392224,ATM_HYD_201,Kotak ATM - Cyber Towers Concourse,Madhapur Tech Corridor,Hyderabad,15000,Branch_12,ATM_CASH_WITHDRAWAL,SYNTHETIC / SIMULATED DATA — NOT REAL FINANCIAL DATA
TXN001493,2026-08-14 18:00:22,2026-08-14,18:00:22,Friday,18,17.442777,78.44966,ATM_HYD_102,HDFC 24x7 Cash Point - Maitrivanam,Ameerpet Commercial Hub,Hyderabad,20000,Branch_22,ATM_CASH_WITHDRAWAL,SYNTHETIC / SIMULATED DATA — NOT REAL FINANCIAL DATA
TXN000678,2026-08-14 18:04:32,2026-08-14,18:04:32,Friday,18,17.457603,78.390838,ATM_HYD_205,IndusInd Bank 24/7 ATM - Kavuri Hills,Madhapur Tech Corridor,Hyderabad,25000,Branch_23,ATM_CASH_WITHDRAWAL,SYNTHETIC / SIMULATED DATA — NOT REAL FINANCIAL DATA
TXN001724,2026-08-14 18:09:09,2026-08-14,18:09:09,Friday,18,17.436527,78.453306,ATM_HYD_102,HDFC 24x7 Cash Point - Maitrivanam,Ameerpet Commercial Hub,Hyderabad,30000,Branch_20,ATM_CASH_WITHDRAWAL,SYNTHETIC / SIMULATED DATA — NOT REAL FINANCIAL DATA
TXN002369,2026-08-14 18:30:24,2026-08-14,18:30:24,Friday,18,17.476589,78.364882,ATM_HYD_903,Market Yard Cash Point - Shamshabad Link,Isolated / Peripheral Zone,Hyderabad,30000,Branch_79,ATM_CASH_WITHDRAWAL,SYNTHETIC / SIMULATED DATA — NOT REAL FINANCIAL DATA
TXN000826,2026-08-14 18:33:43,2026-08-14,18:33:43,Friday,18,17.360529,78.472527,ATM_HYD_502,SBI ATM - Gulzar Houz,Charminar Heritage Bazaar,Hyderabad,15000,Branch_24,ATM_CASH_WITHDRAWAL,SYNTHETIC / SIMULATED DATA — NOT REAL FINANCIAL DATA
TXN000080,2026-08-14 18:44:09,2026-08-14,18:44:09,Friday,18,17.441112,78.446443,ATM_HYD_101,SBI Kiosk - Ameerpet Metro Junction,Ameerpet Commercial Hub,Hyderabad,20000,Branch_14,ATM_CASH_WITHDRAWAL,SYNTHETIC / SIMULATED DATA — NOT REAL FINANCIAL DATA
TXN002250,2026-08-14 18:51:13,2026-08-14,18:51:13,Friday,18,17.440221,78.44686,ATM_HYD_103,ICICI e-Lobby - Ameerpet Cross Roads,Ameerpet Commercial Hub,Hyderabad,20000,Branch_10,ATM_CASH_WITHDRAWAL,SYNTHETIC / SIMULATED DATA — NOT REAL FINANCIAL DATA
TXN001056,2026-08-14 19:08:13,2026-08-14,19:08:13,Friday,19,17.453811,78.388142,ATM_HYD_202,SBI ATM - Hitec City Metro Pillar 24,Madhapur Tech Corridor,Hyderabad,38000,Branch_37,ATM_CASH_WITHDRAWAL,SYNTHETIC / SIMULATED DATA — NOT REAL FINANCIAL DATA
TXN001822,2026-08-14 19:53:32,2026-08-14,19:53:32,Friday,19,17.440572,78.44407,ATM_HYD_103,ICICI e-Lobby - Ameerpet Cross Roads,Ameerpet Commercial Hub,Hyderabad,20000,Branch_11,ATM_CASH_WITHDRAWAL,SYNTHETIC / SIMULATED DATA — NOT REAL FINANCIAL DATA
TXN001458,2026-08-14 20:20:33,2026-08-14,20:20:33,Friday,20,17.442324,78.508488,ATM_HYD_304,Union Bank ATM - Patny Circle,Secunderabad Station Transit Hub,Hyderabad,20000,Branch_32,ATM_CASH_WITHDRAWAL,SYNTHETIC / SIMULATED DATA — NOT REAL FINANCIAL DATA
TXN001231,2026-08-14 20:26:03,2026-08-14,20:26:03,Friday,20,17.367537,78.525467,ATM_HYD_401,SBI Express ATM - Dilsukhnagar Metro,Dilsukhnagar Market Corridor,Hyderabad,25000,Branch_29,ATM_CASH_WITHDRAWAL,SYNTHETIC / SIMULATED DATA — NOT REAL FINANCIAL DATA
TXN000685,2026-08-14 20:32:36,2026-08-14,20:32:36,Friday,20,17.361798,78.474275,ATM_HYD_503,HDFC Bank Kiosk - Nayapul Bridge,Charminar Heritage Bazaar,Hyderabad,20000,Branch_21,ATM_CASH_WITHDRAWAL,SYNTHETIC / SIMULATED DATA — NOT REAL FINANCIAL DATA
TXN000654,2026-08-14 20:41:23,2026-08-14,20:41:23,Friday,20,17.444718,78.506267,ATM_HYD_303,SBI Multi-Service Lounge - Station Rd,Secunderabad Station Transit Hub,Hyderabad,30000,Branch_10,ATM_CASH_WITHDRAWAL,SYNTHETIC / SIMULATED DATA — NOT REAL FINANCIAL DATA
TXN000622,2026-08-14 20:56:47,2026-08-14,20:56:47,Friday,20,17.43467,78.443863,ATM_HYD_102,HDFC 24x7 Cash Point - Maitrivanam,Ameerpet Commercial Hub,Hyderabad,30000,Branch_45,ATM_CASH_WITHDRAWAL,SYNTHETIC / SIMULATED DATA — NOT REAL FINANCIAL DATA
TXN001473,2026-08-14 21:17:03,2026-08-14,21:17:03,Friday,21,17.371102,78.519318,ATM_HYD_402,Andhra Bank (UBI) ATM - Chaitanyapuri,Dilsukhnagar Market Corridor,Hyderabad,40000,Branch_33,ATM_CASH_WITHDRAWAL,SYNTHETIC / SIMULATED DATA — NOT REAL FINANCIAL DATA
TXN000759,2026-08-14 21:29:39,2026-08-14,21:29:39,Friday,21,17.365043,78.519402,ATM_HYD_402,Andhra Bank (UBI) ATM - Chaitanyapuri,Dilsukhnagar Market Corridor,Hyderabad,30000,Branch_49,ATM_CASH_WITHDRAWAL,SYNTHETIC / SIMULATED DATA — NOT REAL FINANCIAL DATA
TXN000155,2026-08-14 22:16:29,2026-08-14,22:16:29,Friday,22,17.367071,78.47084,ATM_HYD_503,HDFC Bank Kiosk - Nayapul Bridge,Charminar Heritage Bazaar,Hyderabad,10000,Branch_10,ATM_CASH_WITHDRAWAL,SYNTHETIC / SIMULATED DATA — NOT REAL FINANCIAL DATA
TXN002185,2026-08-14 22:20:51,2026-08-14,22:20:51,Friday,22,17.443909,78.501531,ATM_HYD_301,Punjab National Bank - Railway Gate 1,Secunderabad Station Transit Hub,Hyderabad,10000,Branch_10,ATM_CASH_WITHDRAWAL,SYNTHETIC / SIMULATED DATA — NOT REAL FINANCIAL DATA
TXN002214,2026-08-14 22:25:58,2026-08-14,22:25:58,Friday,22,17.360187,78.472625,ATM_HYD_501,Bank of India - Madina Market,Charminar Heritage Bazaar,Hyderabad,15000,Branch_22,ATM_CASH_WITHDRAWAL,SYNTHETIC / SIMULATED DATA — NOT REAL FINANCIAL DATA
TXN000546,2026-08-14 22:28:49,2026-08-14,22:28:49,Friday,22,17.442969,78.388271,ATM_HYD_202,SBI ATM - Hitec City Metro Pillar 24,Madhapur Tech Corridor,Hyderabad,10000,Branch_27,ATM_CASH_WITHDRAWAL,SYNTHETIC / SIMULATED DATA — NOT REAL FINANCIAL DATA
TXN000896,2026-08-14 22:53:44,2026-08-14,22:53:44,Friday,22,17.442645,78.450256,ATM_HYD_102,HDFC 24x7 Cash Point - Maitrivanam,Ameerpet Commercial Hub,Hyderabad,20000,Branch_33,ATM_CASH_WITHDRAWAL,SYNTHETIC / SIMULATED DATA — NOT REAL FINANCIAL DATA
TXN001432,2026-08-15 01:10:38,2026-08-15,01:10:38,Saturday,1,17.452518,78.387926,ATM_HYD_203,HDFC Bank E-Corner - Inorbit Road,Madhapur Tech Corridor,Hyderabad,10000,Branch_24,ATM_CASH_WITHDRAWAL,SYNTHETIC / SIMULATED DATA — NOT REAL FINANCIAL DATA
TXN000739,2026-08-15 01:31:15,2026-08-15,01:31:15,Saturday,1,17.447048,78.390274,ATM_HYD_204,ICICI Bank Express ATM - Madhapur Police Station,Madhapur Tech Corridor,Hyderabad,15000,Branch_31,ATM_CASH_WITHDRAWAL,SYNTHETIC / SIMULATED DATA — NOT REAL FINANCIAL DATA
TXN001651,2026-08-15 01:58:00,2026-08-15,01:58:00,Saturday,1,17.440358,78.448439,ATM_HYD_103,ICICI e-Lobby - Ameerpet Cross Roads,Ameerpet Commercial Hub,Hyderabad,12000,Branch_10,ATM_CASH_WITHDRAWAL,SYNTHETIC / SIMULATED DATA — NOT REAL FINANCIAL DATA
TXN002406,2026-08-15 01:59:31,2026-08-15,01:59:31,Saturday,1,17.381556,78.376092,ATM_HYD_905,Highway Kiosk - Patancheru Depot,Isolated / Peripheral Zone,Hyderabad,20000,Branch_71,ATM_CASH_WITHDRAWAL,SYNTHETIC / SIMULATED DATA — NOT REAL FINANCIAL DATA
TXN001023,2026-08-15 02:46:08,2026-08-15,02:46:08,Saturday,2,17.358648,78.473982,ATM_HYD_502,SBI ATM - Gulzar Houz,Charminar Heritage Bazaar,Hyderabad,10000,Branch_19,ATM_CASH_WITHDRAWAL,SYNTHETIC / SIMULATED DATA — NOT REAL FINANCIAL DATA
TXN002394,2026-08-15 03:29:44,2026-08-15,03:29:44,Saturday,3,17.397767,78.477236,ATM_HYD_903,Market Yard Cash Point - Shamshabad Link,Isolated / Peripheral Zone,Hyderabad,10000,Branch_97,ATM_CASH_WITHDRAWAL,SYNTHETIC / SIMULATED DATA — NOT REAL FINANCIAL DATA
TXN001986,2026-08-15 04:10:00,2026-08-15,04:10:00,Saturday,4,17.436169,78.448321,ATM_HYD_101,SBI Kiosk - Ameerpet Metro Junction,Ameerpet Commercial Hub,Hyderabad,10000,Branch_47,ATM_CASH_WITHDRAWAL,SYNTHETIC / SIMULATED DATA — NOT REAL FINANCIAL DATA
TXN001467,2026-08-15 04:58:21,2026-08-15,04:58:21,Saturday,4,17.360695,78.46962,ATM_HYD_502,SBI ATM - Gulzar Houz,Charminar Heritage Bazaar,Hyderabad,15000,Branch_10,ATM_CASH_WITHDRAWAL,SYNTHETIC / SIMULATED DATA — NOT REAL FINANCIAL DATA
TXN002210,2026-08-15 05:42:38,2026-08-15,05:42:38,Saturday,5,17.365568,78.52759,ATM_HYD_401,SBI Express ATM - Dilsukhnagar Metro,Dilsukhnagar Market Corridor,Hyderabad,13000,Branch_18,ATM_CASH_WITHDRAWAL,SYNTHETIC / SIMULATED DATA — NOT REAL FINANCIAL DATA
TXN001787,2026-08-15 06:18:21,2026-08-15,06:18:21,Saturday,6,17.447339,78.502397,ATM_HYD_302,Bank of Baroda ATM - Clock Tower Cir,Secunderabad Station Transit Hub,Hyderabad,40000,Branch_24,ATM_CASH_WITHDRAWAL,SYNTHETIC / SIMULATED DATA — NOT REAL FINANCIAL DATA
TXN000178,2026-08-15 07:49:34,2026-08-15,07:49:34,Saturday,7,17.447137,78.376048,ATM_HYD_203,HDFC Bank E-Corner - Inorbit Road,Madhapur Tech Corridor,Hyderabad,15000,Branch_27,ATM_CASH_WITHDRAWAL,SYNTHETIC / SIMULATED DATA — NOT REAL FINANCIAL DATA
TXN002269,2026-08-15 09:41:35,2026-08-15,09:41:35,Saturday,9,17.4362,78.365923,ATM_HYD_905,Highway Kiosk - Patancheru Depot,Isolated / Peripheral Zone,Hyderabad,25000,Branch_70,ATM_CASH_WITHDRAWAL,SYNTHETIC / SIMULATED DATA — NOT REAL FINANCIAL DATA
TXN000963,2026-08-15 11:05:13,2026-08-15,11:05:13,Saturday,11,17.434731,78.44853,ATM_HYD_105,Canara Bank Express ATM - SR Nagar,Ameerpet Commercial Hub,Hyderabad,30000,Branch_14,ATM_CASH_WITHDRAWAL,SYNTHETIC / SIMULATED DATA — NOT REAL FINANCIAL DATA
TXN001235,2026-08-15 11:09:16,2026-08-15,11:09:16,Saturday,11,17.43685,78.505296,ATM_HYD_304,Union Bank ATM - Patny Circle,Secunderabad Station Transit Hub,Hyderabad,10000,Branch_49,ATM_CASH_WITHDRAWAL,SYNTHETIC / SIMULATED DATA — NOT REAL FINANCIAL DATA
TXN000877,2026-08-15 11:21:24,2026-08-15,11:21:24,Saturday,11,17.440298,78.499434,ATM_HYD_301,Punjab National Bank - Railway Gate 1,Secunderabad Station Transit Hub,Hyderabad,10000,Branch_20,ATM_CASH_WITHDRAWAL,SYNTHETIC / SIMULATED DATA — NOT REAL FINANCIAL DATA
TXN000116,2026-08-15 11:39:20,2026-08-15,11:39:20,Saturday,11,17.359103,78.524761,ATM_HYD_402,Andhra Bank (UBI) ATM - Chaitanyapuri,Dilsukhnagar Market Corridor,Hyderabad,20000,Branch_15,ATM_CASH_WITHDRAWAL,SYNTHETIC / SIMULATED DATA — NOT REAL FINANCIAL DATA
TXN000888,2026-08-15 13:00:39,2026-08-15,13:00:39,Saturday,13,17.441557,78.446184,ATM_HYD_103,ICICI e-Lobby - Ameerpet Cross Roads,Ameerpet Commercial Hub,Hyderabad,15000,Branch_16,ATM_CASH_WITHDRAWAL,SYNTHETIC / SIMULATED DATA — NOT REAL FINANCIAL DATA
TXN000146,2026-08-15 13:08:32,2026-08-15,13:08:32,Saturday,13,17.438541,78.450249,ATM_HYD_104,Axis Bank ATM - Elephant House,Ameerpet Commercial Hub,Hyderabad,10000,Branch_31,ATM_CASH_WITHDRAWAL,SYNTHETIC / SIMULATED DATA — NOT REAL FINANCIAL DATA
TXN000688,2026-08-15 14:30:57,2026-08-15,14:30:57,Saturday,14,17.437787,78.454171,ATM_HYD_104,Axis Bank ATM - Elephant House,Ameerpet Commercial Hub,Hyderabad,25000,Branch_12,ATM_CASH_WITHDRAWAL,SYNTHETIC / SIMULATED DATA — NOT REAL FINANCIAL DATA
TXN002208,2026-08-15 14:34:58,2026-08-15,14:34:58,Saturday,14,17.367424,78.520886,ATM_HYD_402,Andhra Bank (UBI) ATM - Chaitanyapuri,Dilsukhnagar Market Corridor,Hyderabad,40000,Branch_20,ATM_CASH_WITHDRAWAL,SYNTHETIC / SIMULATED DATA — NOT REAL FINANCIAL DATA
TXN001012,2026-08-15 14:41:09,2026-08-15,14:41:09,Saturday,14,17.360913,78.472823,ATM_HYD_502,SBI ATM - Gulzar Houz,Charminar Heritage Bazaar,Hyderabad,50000,Branch_11,ATM_CASH_WITHDRAWAL,SYNTHETIC / SIMULATED DATA — NOT REAL FINANCIAL DATA
TXN001607,2026-08-15 14:42:18,2026-08-15,14:42:18,Saturday,14,17.441882,78.443754,ATM_HYD_101,SBI Kiosk - Ameerpet Metro Junction,Ameerpet Commercial Hub,Hyderabad,50000,Branch_41,ATM_CASH_WITHDRAWAL,SYNTHETIC / SIMULATED DATA — NOT REAL FINANCIAL DATA
TXN001675,2026-08-15 14:47:07,2026-08-15,14:47:07,Saturday,14,17.361088,78.525905,ATM_HYD_401,SBI Express ATM - Dilsukhnagar Metro,Dilsukhnagar Market Corridor,Hyderabad,40000,Branch_39,ATM_CASH_WITHDRAWAL,SYNTHETIC / SIMULATED DATA — NOT REAL FINANCIAL DATA
TXN000461,2026-08-15 15:05:32,2026-08-15,15:05:32,Saturday,15,17.437206,78.446451,ATM_HYD_105,Canara Bank Express ATM - SR Nagar,Ameerpet Commercial Hub,Hyderabad,15000,Branch_19,ATM_CASH_WITHDRAWAL,SYNTHETIC / SIMULATED DATA — NOT REAL FINANCIAL DATA
TXN000682,2026-08-15 15:59:11,2026-08-15,15:59:11,Saturday,15,17.440076,78.446791,ATM_HYD_105,Canara Bank Express ATM - SR Nagar,Ameerpet Commercial Hub,Hyderabad,10000,Branch_35,ATM_CASH_WITHDRAWAL,SYNTHETIC / SIMULATED DATA — NOT REAL FINANCIAL DATA
TXN001199,2026-08-15 16:16:16,2026-08-15,16:16:16,Saturday,16,17.437137,78.502057,ATM_HYD_303,SBI Multi-Service Lounge - Station Rd,Secunderabad Station Transit Hub,Hyderabad,50000,Branch_48,ATM_CASH_WITHDRAWAL,SYNTHETIC / SIMULATED DATA — NOT REAL FINANCIAL DATA
TXN000450,2026-08-15 16:43:38,2026-08-15,16:43:38,Saturday,16,17.437415,78.446502,ATM_HYD_102,HDFC 24x7 Cash Point - Maitrivanam,Ameerpet Commercial Hub,Hyderabad,20000,Branch_38,ATM_CASH_WITHDRAWAL,SYNTHETIC / SIMULATED DATA — NOT REAL FINANCIAL DATA
TXN000627,2026-08-15 17:12:17,2026-08-15,17:12:17,Saturday,17,17.450363,78.39282,ATM_HYD_204,ICICI Bank Express ATM - Madhapur Police Station,Madhapur Tech Corridor,Hyderabad,40000,Branch_20,ATM_CASH_WITHDRAWAL,SYNTHETIC / SIMULATED DATA — NOT REAL FINANCIAL DATA
TXN001445,2026-08-15 17:15:02,2026-08-15,17:15:02,Saturday,17,17.379407,78.523774,ATM_HYD_404,Canara Bank ATM - Dilsukhnagar Bus Depot,Dilsukhnagar Market Corridor,Hyderabad,17000,Branch_41,ATM_CASH_WITHDRAWAL,SYNTHETIC / SIMULATED DATA — NOT REAL FINANCIAL DATA
TXN000390,2026-08-15 17:17:26,2026-08-15,17:17:26,Saturday,17,17.369814,78.526046,ATM_HYD_404,Canara Bank ATM - Dilsukhnagar Bus Depot,Dilsukhnagar Market Corridor,Hyderabad,25000,Branch_14,ATM_CASH_WITHDRAWAL,SYNTHETIC / SIMULATED DATA — NOT REAL FINANCIAL DATA
TXN000527,2026-08-15 17:27:05,2026-08-15,17:27:05,Saturday,17,17.444259,78.398923,ATM_HYD_204,ICICI Bank Express ATM - Madhapur Police Station,Madhapur Tech Corridor,Hyderabad,25000,Branch_48,ATM_CASH_WITHDRAWAL,SYNTHETIC / SIMULATED DATA — NOT REAL FINANCIAL DATA
TXN000907,2026-08-15 17:34:18,2026-08-15,17:34:18,Saturday,17,17.373966,78.526872,ATM_HYD_401,SBI Express ATM - Dilsukhnagar Metro,Dilsukhnagar Market Corridor,Hyderabad,15000,Branch_46,ATM_CASH_WITHDRAWAL,SYNTHETIC / SIMULATED DATA — NOT REAL FINANCIAL DATA
TXN001701,2026-08-15 17:39:35,2026-08-15,17:39:35,Saturday,17,17.360683,78.474583,ATM_HYD_502,SBI ATM - Gulzar Houz,Charminar Heritage Bazaar,Hyderabad,10000,Branch_29,ATM_CASH_WITHDRAWAL,SYNTHETIC / SIMULATED DATA — NOT REAL FINANCIAL DATA
TXN000477,2026-08-15 18:01:14,2026-08-15,18:01:14,Saturday,18,17.435199,78.449394,ATM_HYD_102,HDFC 24x7 Cash Point - Maitrivanam,Ameerpet Commercial Hub,Hyderabad,50000,Branch_10,ATM_CASH_WITHDRAWAL,SYNTHETIC / SIMULATED DATA — NOT REAL FINANCIAL DATA
TXN001386,2026-08-15 18:16:24,2026-08-15,18:16:24,Saturday,18,17.454634,78.395524,ATM_HYD_205,IndusInd Bank 24/7 ATM - Kavuri Hills,Madhapur Tech Corridor,Hyderabad,10000,Branch_39,ATM_CASH_WITHDRAWAL,SYNTHETIC / SIMULATED DATA — NOT REAL FINANCIAL DATA
TXN000762,2026-08-15 18:21:26,2026-08-15,18:21:26,Saturday,18,17.447626,78.383704,ATM_HYD_201,Kotak ATM - Cyber Towers Concourse,Madhapur Tech Corridor,Hyderabad,15000,Branch_41,ATM_CASH_WITHDRAWAL,SYNTHETIC / SIMULATED DATA — NOT REAL FINANCIAL DATA
TXN001551,2026-08-15 18:28:46,2026-08-15,18:28:46,Saturday,18,17.36223,78.472667,ATM_HYD_503,HDFC Bank Kiosk - Nayapul Bridge,Charminar Heritage Bazaar,Hyderabad,50000,Branch_40,ATM_CASH_WITHDRAWAL,SYNTHETIC / SIMULATED DATA — NOT REAL FINANCIAL DATA
TXN001815,2026-08-15 18:46:59,2026-08-15,18:46:59,Saturday,18,17.435494,78.446332,ATM_HYD_101,SBI Kiosk - Ameerpet Metro Junction,Ameerpet Commercial Hub,Hyderabad,20000,Branch_33,ATM_CASH_WITHDRAWAL,SYNTHETIC / SIMULATED DATA — NOT REAL FINANCIAL DATA
TXN001181,2026-08-15 19:10:10,2026-08-15,19:10:10,Saturday,19,17.364632,78.474171,ATM_HYD_501,Bank of India - Madina Market,Charminar Heritage Bazaar,Hyderabad,25000,Branch_41,ATM_CASH_WITHDRAWAL,SYNTHETIC / SIMULATED DATA — NOT REAL FINANCIAL DATA
TXN002030,2026-08-15 19:12:35,2026-08-15,19:12:35,Saturday,19,17.441344,78.503341,ATM_HYD_302,Bank of Baroda ATM - Clock Tower Cir,Secunderabad Station Transit Hub,Hyderabad,13000,Branch_30,ATM_CASH_WITHDRAWAL,SYNTHETIC / SIMULATED DATA — NOT REAL FINANCIAL DATA
TXN001501,2026-08-15 19:20:26,2026-08-15,19:20:26,Saturday,19,17.448101,78.393361,ATM_HYD_205,IndusInd Bank 24/7 ATM - Kavuri Hills,Madhapur Tech Corridor,Hyderabad,25000,Branch_27,ATM_CASH_WITHDRAWAL,SYNTHETIC / SIMULATED DATA — NOT REAL FINANCIAL DATA
TXN000225,2026-08-15 19:42:09,2026-08-15,19:42:09,Saturday,19,17.431679,78.445128,ATM_HYD_105,Canara Bank Express ATM - SR Nagar,Ameerpet Commercial Hub,Hyderabad,20000,Branch_29,ATM_CASH_WITHDRAWAL,SYNTHETIC / SIMULATED DATA — NOT REAL FINANCIAL DATA
TXN001204,2026-08-15 19:52:08,2026-08-15,19:52:08,Saturday,19,17.458083,78.38938,ATM_HYD_201,Kotak ATM - Cyber Towers Concourse,Madhapur Tech Corridor,Hyderabad,8000,Branch_38,ATM_CASH_WITHDRAWAL,SYNTHETIC / SIMULATED DATA — NOT REAL FINANCIAL DATA
TXN001797,2026-08-15 20:05:04,2026-08-15,20:05:04,Saturday,20,17.443419,78.497524,ATM_HYD_301,Punjab National Bank - Railway Gate 1,Secunderabad Station Transit Hub,Hyderabad,25000,Branch_24,ATM_CASH_WITHDRAWAL,SYNTHETIC / SIMULATED DATA — NOT REAL FINANCIAL DATA
TXN000648,2026-08-15 20:21:02,2026-08-15,20:21:02,Saturday,20,17.44042,78.504922,ATM_HYD_301,Punjab National Bank - Railway Gate 1,Secunderabad Station Transit Hub,Hyderabad,13000,Branch_21,ATM_CASH_WITHDRAWAL,SYNTHETIC / SIMULATED DATA — NOT REAL FINANCIAL DATA
TXN002020,2026-08-15 20:22:53,2026-08-15,20:22:53,Saturday,20,17.436669,78.49035,ATM_HYD_303,SBI Multi-Service Lounge - Station Rd,Secunderabad Station Transit Hub,Hyderabad,10000,Branch_38,ATM_CASH_WITHDRAWAL,SYNTHETIC / SIMULATED DATA — NOT REAL FINANCIAL DATA
TXN001940,2026-08-15 20:37:16,2026-08-15,20:37:16,Saturday,20,17.444083,78.446791,ATM_HYD_101,SBI Kiosk - Ameerpet Metro Junction,Ameerpet Commercial Hub,Hyderabad,40000,Branch_49,ATM_CASH_WITHDRAWAL,SYNTHETIC / SIMULATED DATA — NOT REAL FINANCIAL DATA
TXN001045,2026-08-15 21:08:22,2026-08-15,21:08:22,Saturday,21,17.371033,78.518848,ATM_HYD_401,SBI Express ATM - Dilsukhnagar Metro,Dilsukhnagar Market Corridor,Hyderabad,10000,Branch_27,ATM_CASH_WITHDRAWAL,SYNTHETIC / SIMULATED DATA — NOT REAL FINANCIAL DATA
TXN000813,2026-08-15 21:14:12,2026-08-15,21:14:12,Saturday,21,17.43536,78.447148,ATM_HYD_105,Canara Bank Express ATM - SR Nagar,Ameerpet Commercial Hub,Hyderabad,20000,Branch_19,ATM_CASH_WITHDRAWAL,SYNTHETIC / SIMULATED DATA — NOT REAL FINANCIAL DATA
TXN001623,2026-08-15 21:23:25,2026-08-15,21:23:25,Saturday,21,17.444833,78.385981,ATM_HYD_201,Kotak ATM - Cyber Towers Concourse,Madhapur Tech Corridor,Hyderabad,10000,Branch_43,ATM_CASH_WITHDRAWAL,SYNTHETIC / SIMULATED DATA — NOT REAL FINANCIAL DATA
TXN001103,2026-08-15 21:43:48,2026-08-15,21:43:48,Saturday,21,17.373425,78.522355,ATM_HYD_404,Canara Bank ATM - Dilsukhnagar Bus Depot,Dilsukhnagar Market Corridor,Hyderabad,25000,Branch_37,ATM_CASH_WITHDRAWAL,SYNTHETIC / SIMULATED DATA — NOT REAL FINANCIAL DATA
TXN000915,2026-08-15 23:42:08,2026-08-15,23:42:08,Saturday,23,17.450606,78.392429,ATM_HYD_204,ICICI Bank Express ATM - Madhapur Police Station,Madhapur Tech Corridor,Hyderabad,38000,Branch_11,ATM_CASH_WITHDRAWAL,SYNTHETIC / SIMULATED DATA — NOT REAL FINANCIAL DATA
TXN000232,2026-08-15 23:44:49,2026-08-15,23:44:49,Saturday,23,17.442215,78.394735,ATM_HYD_204,ICICI Bank Express ATM - Madhapur Police Station,Madhapur Tech Corridor,Hyderabad,20000,Branch_20,ATM_CASH_WITHDRAWAL,SYNTHETIC / SIMULATED DATA — NOT REAL FINANCIAL DATA
TXN000172,2026-08-16 00:03:52,2026-08-16,00:03:52,Sunday,0,17.432687,78.448308,ATM_HYD_105,Canara Bank Express ATM - SR Nagar,Ameerpet Commercial Hub,Hyderabad,10000,Branch_41,ATM_CASH_WITHDRAWAL,SYNTHETIC / SIMULATED DATA — NOT REAL FINANCIAL DATA
TXN000056,2026-08-16 00:08:07,2026-08-16,00:08:07,Sunday,0,17.365851,78.475409,ATM_HYD_503,HDFC Bank Kiosk - Nayapul Bridge,Charminar Heritage Bazaar,Hyderabad,40000,Branch_20,ATM_CASH_WITHDRAWAL,SYNTHETIC / SIMULATED DATA — NOT REAL FINANCIAL DATA
TXN001593,2026-08-16 00:09:21,2026-08-16,00:09:21,Sunday,0,17.436663,78.452728,ATM_HYD_101,SBI Kiosk - Ameerpet Metro Junction,Ameerpet Commercial Hub,Hyderabad,20000,Branch_20,ATM_CASH_WITHDRAWAL,SYNTHETIC / SIMULATED DATA — NOT REAL FINANCIAL DATA
TXN002316,2026-08-16 01:08:20,2026-08-16,01:08:20,Sunday,1,17.4843,78.368188,ATM_HYD_905,Highway Kiosk - Patancheru Depot,Isolated / Peripheral Zone,Hyderabad,10000,Branch_55,ATM_CASH_WITHDRAWAL,SYNTHETIC / SIMULATED DATA — NOT REAL FINANCIAL DATA
TXN001970,2026-08-16 05:45:41,2026-08-16,05:45:41,Sunday,5,17.436951,78.453865,ATM_HYD_104,Axis Bank ATM - Elephant House,Ameerpet Commercial Hub,Hyderabad,10000,Branch_28,ATM_CASH_WITHDRAWAL,SYNTHETIC / SIMULATED DATA — NOT REAL FINANCIAL DATA
TXN000511,2026-08-16 07:00:38,2026-08-16,07:00:38,Sunday,7,17.434368,78.494699,ATM_HYD_302,Bank of Baroda ATM - Clock Tower Cir,Secunderabad Station Transit Hub,Hyderabad,20000,Branch_41,ATM_CASH_WITHDRAWAL,SYNTHETIC / SIMULATED DATA — NOT REAL FINANCIAL DATA
TXN000983,2026-08-16 08:16:22,2026-08-16,08:16:22,Sunday,8,17.434477,78.44373,ATM_HYD_102,HDFC 24x7 Cash Point - Maitrivanam,Ameerpet Commercial Hub,Hyderabad,25000,Branch_17,ATM_CASH_WITHDRAWAL,SYNTHETIC / SIMULATED DATA — NOT REAL FINANCIAL DATA
TXN000443,2026-08-16 10:26:39,2026-08-16,10:26:39,Sunday,10,17.44822,78.396434,ATM_HYD_203,HDFC Bank E-Corner - Inorbit Road,Madhapur Tech Corridor,Hyderabad,20000,Branch_15,ATM_CASH_WITHDRAWAL,SYNTHETIC / SIMULATED DATA — NOT REAL FINANCIAL DATA
TXN000077,2026-08-16 10:51:53,2026-08-16,10:51:53,Sunday,10,17.442039,78.490693,ATM_HYD_304,Union Bank ATM - Patny Circle,Secunderabad Station Transit Hub,Hyderabad,25000,Branch_26,ATM_CASH_WITHDRAWAL,SYNTHETIC / SIMULATED DATA — NOT REAL FINANCIAL DATA
TXN001462,2026-08-16 11:16:43,2026-08-16,11:16:43,Sunday,11,17.433166,78.503369,ATM_HYD_304,Union Bank ATM - Patny Circle,Secunderabad Station Transit Hub,Hyderabad,15000,Branch_19,ATM_CASH_WITHDRAWAL,SYNTHETIC / SIMULATED DATA — NOT REAL FINANCIAL DATA
TXN001108,2026-08-16 11:16:50,2026-08-16,11:16:50,Sunday,11,17.448325,78.500909,ATM_HYD_302,Bank of Baroda ATM - Clock Tower Cir,Secunderabad Station Transit Hub,Hyderabad,50000,Branch_45,ATM_CASH_WITHDRAWAL,SYNTHETIC / SIMULATED DATA — NOT REAL FINANCIAL DATA
TXN000521,2026-08-16 11:18:01,2026-08-16,11:18:01,Sunday,11,17.436116,78.504661,ATM_HYD_302,Bank of Baroda ATM - Clock Tower Cir,Secunderabad Station Transit Hub,Hyderabad,25000,Branch_16,ATM_CASH_WITHDRAWAL,SYNTHETIC / SIMULATED DATA — NOT REAL FINANCIAL DATA
TXN001194,2026-08-16 11:50:26,2026-08-16,11:50:26,Sunday,11,17.43725,78.5017,ATM_HYD_302,Bank of Baroda ATM - Clock Tower Cir,Secunderabad Station Transit Hub,Hyderabad,25000,Branch_41,ATM_CASH_WITHDRAWAL,SYNTHETIC / SIMULATED DATA — NOT REAL FINANCIAL DATA
TXN002169,2026-08-16 12:39:42,2026-08-16,12:39:42,Sunday,12,17.447303,78.502358,ATM_HYD_301,Punjab National Bank - Railway Gate 1,Secunderabad Station Transit Hub,Hyderabad,20000,Branch_37,ATM_CASH_WITHDRAWAL,SYNTHETIC / SIMULATED DATA — NOT REAL FINANCIAL DATA
TXN000263,2026-08-16 12:47:45,2026-08-16,12:47:45,Sunday,12,17.434078,78.445472,ATM_HYD_105,Canara Bank Express ATM - SR Nagar,Ameerpet Commercial Hub,Hyderabad,30000,Branch_38,ATM_CASH_WITHDRAWAL,SYNTHETIC / SIMULATED DATA — NOT REAL FINANCIAL DATA
TXN001020,2026-08-16 13:20:36,2026-08-16,13:20:36,Sunday,13,17.441742,78.447842,ATM_HYD_102,HDFC 24x7 Cash Point - Maitrivanam,Ameerpet Commercial Hub,Hyderabad,22000,Branch_33,ATM_CASH_WITHDRAWAL,SYNTHETIC / SIMULATED DATA — NOT REAL FINANCIAL DATA
TXN001627,2026-08-16 13:45:51,2026-08-16,13:45:51,Sunday,13,17.434944,78.451032,ATM_HYD_105,Canara Bank Express ATM - SR Nagar,Ameerpet Commercial Hub,Hyderabad,23000,Branch_46,ATM_CASH_WITHDRAWAL,SYNTHETIC / SIMULATED DATA — NOT REAL FINANCIAL DATA
TXN000973,2026-08-16 14:05:00,2026-08-16,14:05:00,Sunday,14,17.441065,78.506649,ATM_HYD_304,Union Bank ATM - Patny Circle,Secunderabad Station Transit Hub,Hyderabad,23000,Branch_47,ATM_CASH_WITHDRAWAL,SYNTHETIC / SIMULATED DATA — NOT REAL FINANCIAL DATA
TXN000484,2026-08-16 14:29:20,2026-08-16,14:29:20,Sunday,14,17.438553,78.499884,ATM_HYD_301,Punjab National Bank - Railway Gate 1,Secunderabad Station Transit Hub,Hyderabad,40000,Branch_44,ATM_CASH_WITHDRAWAL,SYNTHETIC / SIMULATED DATA — NOT REAL FINANCIAL DATA
TXN001189,2026-08-16 14:30:22,2026-08-16,14:30:22,Sunday,14,17.439422,78.443059,ATM_HYD_101,SBI Kiosk - Ameerpet Metro Junction,Ameerpet Commercial Hub,Hyderabad,30000,Branch_42,ATM_CASH_WITHDRAWAL,SYNTHETIC / SIMULATED DATA — NOT REAL FINANCIAL DATA
TXN002237,2026-08-16 14:31:22,2026-08-16,14:31:22,Sunday,14,17.368107,78.524043,ATM_HYD_403,HDFC Cash Machine - Malakpet Link,Dilsukhnagar Market Corridor,Hyderabad,25000,Branch_13,ATM_CASH_WITHDRAWAL,SYNTHETIC / SIMULATED DATA — NOT REAL FINANCIAL DATA
TXN000746,2026-08-16 17:19:14,2026-08-16,17:19:14,Sunday,17,17.364001,78.529435,ATM_HYD_403,HDFC Cash Machine - Malakpet Link,Dilsukhnagar Market Corridor,Hyderabad,10000,Branch_28,ATM_CASH_WITHDRAWAL,SYNTHETIC / SIMULATED DATA — NOT REAL FINANCIAL DATA
TXN000946,2026-08-16 17:24:29,2026-08-16,17:24:29,Sunday,17,17.441695,78.452566,ATM_HYD_103,ICICI e-Lobby - Ameerpet Cross Roads,Ameerpet Commercial Hub,Hyderabad,10000,Branch_13,ATM_CASH_WITHDRAWAL,SYNTHETIC / SIMULATED DATA — NOT REAL FINANCIAL DATA
TXN001828,2026-08-16 17:29:40,2026-08-16,17:29:40,Sunday,17,17.359272,78.477094,ATM_HYD_502,SBI ATM - Gulzar Houz,Charminar Heritage Bazaar,Hyderabad,20000,Branch_14,ATM_CASH_WITHDRAWAL,SYNTHETIC / SIMULATED DATA — NOT REAL FINANCIAL DATA
TXN000851,2026-08-16 17:46:35,2026-08-16,17:46:35,Sunday,17,17.435182,78.453674,ATM_HYD_102,HDFC 24x7 Cash Point - Maitrivanam,Ameerpet Commercial Hub,Hyderabad,25000,Branch_13,ATM_CASH_WITHDRAWAL,SYNTHETIC / SIMULATED DATA — NOT REAL FINANCIAL DATA
TXN001083,2026-08-16 18:19:45,2026-08-16,18:19:45,Sunday,18,17.44416,78.3773,ATM_HYD_203,HDFC Bank E-Corner - Inorbit Road,Madhapur Tech Corridor,Hyderabad,40000,Branch_17,ATM_CASH_WITHDRAWAL,SYNTHETIC / SIMULATED DATA — NOT REAL FINANCIAL DATA
TXN001227,2026-08-16 18:31:45,2026-08-16,18:31:45,Sunday,18,17.450828,78.398455,ATM_HYD_204,ICICI Bank Express ATM - Madhapur Police Station,Madhapur Tech Corridor,Hyderabad,20000,Branch_42,ATM_CASH_WITHDRAWAL,SYNTHETIC / SIMULATED DATA — NOT REAL FINANCIAL DATA
TXN002092,2026-08-16 18:37:12,2026-08-16,18:37:12,Sunday,18,17.359274,78.472186,ATM_HYD_502,SBI ATM - Gulzar Houz,Charminar Heritage Bazaar,Hyderabad,10000,Branch_32,ATM_CASH_WITHDRAWAL,SYNTHETIC / SIMULATED DATA — NOT REAL FINANCIAL DATA
TXN001441,2026-08-16 18:44:30,2026-08-16,18:44:30,Sunday,18,17.361227,78.476374,ATM_HYD_502,SBI ATM - Gulzar Houz,Charminar Heritage Bazaar,Hyderabad,25000,Branch_19,ATM_CASH_WITHDRAWAL,SYNTHETIC / SIMULATED DATA — NOT REAL FINANCIAL DATA
TXN001125,2026-08-16 19:04:22,2026-08-16,19:04:22,Sunday,19,17.436065,78.501763,ATM_HYD_301,Punjab National Bank - Railway Gate 1,Secunderabad Station Transit Hub,Hyderabad,20000,Branch_45,ATM_CASH_WITHDRAWAL,SYNTHETIC / SIMULATED DATA — NOT REAL FINANCIAL DATA
TXN002460,2026-08-16 19:13:33,2026-08-16,19:13:33,Sunday,19,17.374696,78.357036,ATM_HYD_901,Rural Kiosk - Outer Ring Road Exit 4,Isolated / Peripheral Zone,Hyderabad,25000,Branch_68,ATM_CASH_WITHDRAWAL,SYNTHETIC / SIMULATED DATA — NOT REAL FINANCIAL DATA
TXN000050,2026-08-16 19:13:45,2026-08-16,19:13:45,Sunday,19,17.437178,78.449553,ATM_HYD_105,Canara Bank Express ATM - SR Nagar,Ameerpet Commercial Hub,Hyderabad,10000,Branch_26,ATM_CASH_WITHDRAWAL,SYNTHETIC / SIMULATED DATA — NOT REAL FINANCIAL DATA
TXN002049,2026-08-16 19:14:59,2026-08-16,19:14:59,Sunday,19,17.449433,78.387504,ATM_HYD_203,HDFC Bank E-Corner - Inorbit Road,Madhapur Tech Corridor,Hyderabad,20000,Branch_32,ATM_CASH_WITHDRAWAL,SYNTHETIC / SIMULATED DATA — NOT REAL FINANCIAL DATA
TXN002235,2026-08-16 19:18:38,2026-08-16,19:18:38,Sunday,19,17.438723,78.509299,ATM_HYD_302,Bank of Baroda ATM - Clock Tower Cir,Secunderabad Station Transit Hub,Hyderabad,20000,Branch_28,ATM_CASH_WITHDRAWAL,SYNTHETIC / SIMULATED DATA — NOT REAL FINANCIAL DATA
TXN002296,2026-08-16 19:35:13,2026-08-16,19:35:13,Sunday,19,17.43339,78.421256,ATM_HYD_905,Highway Kiosk - Patancheru Depot,Isolated / Peripheral Zone,Hyderabad,50000,Branch_58,ATM_CASH_WITHDRAWAL,SYNTHETIC / SIMULATED DATA — NOT REAL FINANCIAL DATA
TXN001580,2026-08-16 20:05:56,2026-08-16,20:05:56,Sunday,20,17.445652,78.390368,ATM_HYD_203,HDFC Bank E-Corner - Inorbit Road,Madhapur Tech Corridor,Hyderabad,20000,Branch_24,ATM_CASH_WITHDRAWAL,SYNTHETIC / SIMULATED DATA — NOT REAL FINANCIAL DATA
TXN000756,2026-08-16 20:26:43,2026-08-16,20:26:43,Sunday,20,17.365167,78.524537,ATM_HYD_402,Andhra Bank (UBI) ATM - Chaitanyapuri,Dilsukhnagar Market Corridor,Hyderabad,20000,Branch_34,ATM_CASH_WITHDRAWAL,SYNTHETIC / SIMULATED DATA — NOT REAL FINANCIAL DATA
TXN000317,2026-08-16 20:30:41,2026-08-16,20:30:41,Sunday,20,17.449297,78.393151,ATM_HYD_205,IndusInd Bank 24/7 ATM - Kavuri Hills,Madhapur Tech Corridor,Hyderabad,20000,Branch_28,ATM_CASH_WITHDRAWAL,SYNTHETIC / SIMULATED DATA — NOT REAL FINANCIAL DATA
TXN001533,2026-08-16 20:46:27,2026-08-16,20:46:27,Sunday,20,17.444863,78.505653,ATM_HYD_304,Union Bank ATM - Patny Circle,Secunderabad Station Transit Hub,Hyderabad,40000,Branch_40,ATM_CASH_WITHDRAWAL,SYNTHETIC / SIMULATED DATA — NOT REAL FINANCIAL DATA
TXN000020,2026-08-16 20:56:46,2026-08-16,20:56:46,Sunday,20,17.436242,78.446042,ATM_HYD_104,Axis Bank ATM - Elephant House,Ameerpet Commercial Hub,Hyderabad,20000,Branch_42,ATM_CASH_WITHDRAWAL,SYNTHETIC / SIMULATED DATA — NOT REAL FINANCIAL DATA
TXN000277,2026-08-16 21:14:22,2026-08-16,21:14:22,Sunday,21,17.364084,78.522674,ATM_HYD_402,Andhra Bank (UBI) ATM - Chaitanyapuri,Dilsukhnagar Market Corridor,Hyderabad,15000,Branch_43,ATM_CASH_WITHDRAWAL,SYNTHETIC / SIMULATED DATA — NOT REAL FINANCIAL DATA
TXN000830,2026-08-16 21:34:46,2026-08-16,21:34:46,Sunday,21,17.448223,78.389755,ATM_HYD_205,IndusInd Bank 24/7 ATM - Kavuri Hills,Madhapur Tech Corridor,Hyderabad,22000,Branch_19,ATM_CASH_WITHDRAWAL,SYNTHETIC / SIMULATED DATA — NOT REAL FINANCIAL DATA
TXN001523,2026-08-16 21:44:00,2026-08-16,21:44:00,Sunday,21,17.458703,78.389631,ATM_HYD_201,Kotak ATM - Cyber Towers Concourse,Madhapur Tech Corridor,Hyderabad,20000,Branch_42,ATM_CASH_WITHDRAWAL,SYNTHETIC / SIMULATED DATA — NOT REAL FINANCIAL DATA
TXN002392,2026-08-16 21:54:08,2026-08-16,21:54:08,Sunday,21,17.41854,78.441529,ATM_HYD_903,Market Yard Cash Point - Shamshabad Link,Isolated / Peripheral Zone,Hyderabad,25000,Branch_92,ATM_CASH_WITHDRAWAL,SYNTHETIC / SIMULATED DATA — NOT REAL FINANCIAL DATA
TXN001301,2026-08-16 21:58:02,2026-08-16,21:58:02,Sunday,21,17.440156,78.448277,ATM_HYD_103,ICICI e-Lobby - Ameerpet Cross Roads,Ameerpet Commercial Hub,Hyderabad,50000,Branch_10,ATM_CASH_WITHDRAWAL,SYNTHETIC / SIMULATED DATA — NOT REAL FINANCIAL DATA
TXN000329,2026-08-16 21:59:57,2026-08-16,21:59:57,Sunday,21,17.448441,78.390228,ATM_HYD_203,HDFC Bank E-Corner - Inorbit Road,Madhapur Tech Corridor,Hyderabad,30000,Branch_29,ATM_CASH_WITHDRAWAL,SYNTHETIC / SIMULATED DATA — NOT REAL FINANCIAL DATA
TXN001920,2026-08-17 03:42:16,2026-08-17,03:42:16,Monday,3,17.454018,78.391098,ATM_HYD_205,IndusInd Bank 24/7 ATM - Kavuri Hills,Madhapur Tech Corridor,Hyderabad,25000,Branch_43,ATM_CASH_WITHDRAWAL,SYNTHETIC / SIMULATED DATA — NOT REAL FINANCIAL DATA
TXN001648,2026-08-17 05:43:06,2026-08-17,05:43:06,Monday,5,17.367541,78.523049,ATM_HYD_404,Canara Bank ATM - Dilsukhnagar Bus Depot,Dilsukhnagar Market Corridor,Hyderabad,10000,Branch_26,ATM_CASH_WITHDRAWAL,SYNTHETIC / SIMULATED DATA — NOT REAL FINANCIAL DATA
TXN001420,2026-08-17 07:35:29,2026-08-17,07:35:29,Monday,7,17.363134,78.471773,ATM_HYD_502,SBI ATM - Gulzar Houz,Charminar Heritage Bazaar,Hyderabad,10000,Branch_40,ATM_CASH_WITHDRAWAL,SYNTHETIC / SIMULATED DATA — NOT REAL FINANCIAL DATA
TXN000425,2026-08-17 07:57:19,2026-08-17,07:57:19,Monday,7,17.4349,78.446189,ATM_HYD_103,ICICI e-Lobby - Ameerpet Cross Roads,Ameerpet Commercial Hub,Hyderabad,15000,Branch_41,ATM_CASH_WITHDRAWAL,SYNTHETIC / SIMULATED DATA — NOT REAL FINANCIAL DATA
TXN000364,2026-08-17 08:00:46,2026-08-17,08:00:46,Monday,8,17.447062,78.392211,ATM_HYD_204,ICICI Bank Express ATM - Madhapur Police Station,Madhapur Tech Corridor,Hyderabad,20000,Branch_18,ATM_CASH_WITHDRAWAL,SYNTHETIC / SIMULATED DATA — NOT REAL FINANCIAL DATA
TXN001401,2026-08-17 08:23:50,2026-08-17,08:23:50,Monday,8,17.433341,78.448266,ATM_HYD_101,SBI Kiosk - Ameerpet Metro Junction,Ameerpet Commercial Hub,Hyderabad,38000,Branch_36,ATM_CASH_WITHDRAWAL,SYNTHETIC / SIMULATED DATA — NOT REAL FINANCIAL DATA
TXN001546,2026-08-17 11:06:04,2026-08-17,11:06:04,Monday,11,17.443343,78.388007,ATM_HYD_204,ICICI Bank Express ATM - Madhapur Police Station,Madhapur Tech Corridor,Hyderabad,20000,Branch_28,ATM_CASH_WITHDRAWAL,SYNTHETIC / SIMULATED DATA — NOT REAL FINANCIAL DATA
TXN000743,2026-08-17 11:08:46,2026-08-17,11:08:46,Monday,11,17.435662,78.503642,ATM_HYD_304,Union Bank ATM - Patny Circle,Secunderabad Station Transit Hub,Hyderabad,10000,Branch_26,ATM_CASH_WITHDRAWAL,SYNTHETIC / SIMULATED DATA — NOT REAL FINANCIAL DATA
TXN000711,2026-08-17 11:35:04,2026-08-17,11:35:04,Monday,11,17.436314,78.501114,ATM_HYD_303,SBI Multi-Service Lounge - Station Rd,Secunderabad Station Transit Hub,Hyderabad,25000,Branch_31,ATM_CASH_WITHDRAWAL,SYNTHETIC / SIMULATED DATA — NOT REAL FINANCIAL DATA
TXN000550,2026-08-17 12:53:03,2026-08-17,12:53:03,Monday,12,17.436953,78.495633,ATM_HYD_301,Punjab National Bank - Railway Gate 1,Secunderabad Station Transit Hub,Hyderabad,25000,Branch_39,ATM_CASH_WITHDRAWAL,SYNTHETIC / SIMULATED DATA — NOT REAL FINANCIAL DATA
TXN000152,2026-08-17 13:02:20,2026-08-17,13:02:20,Monday,13,17.436867,78.444128,ATM_HYD_104,Axis Bank ATM - Elephant House,Ameerpet Commercial Hub,Hyderabad,15000,Branch_28,ATM_CASH_WITHDRAWAL,SYNTHETIC / SIMULATED DATA — NOT REAL FINANCIAL DATA
TXN001685,2026-08-17 13:10:11,2026-08-17,13:10:11,Monday,13,17.439686,78.441498,ATM_HYD_102,HDFC 24x7 Cash Point - Maitrivanam,Ameerpet Commercial Hub,Hyderabad,20000,Branch_39,ATM_CASH_WITHDRAWAL,SYNTHETIC / SIMULATED DATA — NOT REAL FINANCIAL DATA
TXN000011,2026-08-17 14:10:29,2026-08-17,14:10:29,Monday,14,17.435571,78.448078,ATM_HYD_105,Canara Bank Express ATM - SR Nagar,Ameerpet Commercial Hub,Hyderabad,10000,Branch_45,ATM_CASH_WITHDRAWAL,SYNTHETIC / SIMULATED DATA — NOT REAL FINANCIAL DATA
TXN000578,2026-08-17 15:19:18,2026-08-17,15:19:18,Monday,15,17.356744,78.47892,ATM_HYD_502,SBI ATM - Gulzar Houz,Charminar Heritage Bazaar,Hyderabad,20000,Branch_43,ATM_CASH_WITHDRAWAL,SYNTHETIC / SIMULATED DATA — NOT REAL FINANCIAL DATA
TXN001687,2026-08-17 15:38:22,2026-08-17,15:38:22,Monday,15,17.360984,78.470716,ATM_HYD_501,Bank of India - Madina Market,Charminar Heritage Bazaar,Hyderabad,30000,Branch_47,ATM_CASH_WITHDRAWAL,SYNTHETIC / SIMULATED DATA — NOT REAL FINANCIAL DATA
TXN001731,2026-08-17 15:41:46,2026-08-17,15:41:46,Monday,15,17.434947,78.448821,ATM_HYD_101,SBI Kiosk - Ameerpet Metro Junction,Ameerpet Commercial Hub,Hyderabad,25000,Branch_39,ATM_CASH_WITHDRAWAL,SYNTHETIC / SIMULATED DATA — NOT REAL FINANCIAL DATA
TXN000469,2026-08-17 15:49:06,2026-08-17,15:49:06,Monday,15,17.441285,78.448664,ATM_HYD_105,Canara Bank Express ATM - SR Nagar,Ameerpet Commercial Hub,Hyderabad,20000,Branch_17,ATM_CASH_WITHDRAWAL,SYNTHETIC / SIMULATED DATA — NOT REAL FINANCIAL DATA
TXN002217,2026-08-17 16:12:32,2026-08-17,16:12:32,Monday,16,17.369912,78.526782,ATM_HYD_404,Canara Bank ATM - Dilsukhnagar Bus Depot,Dilsukhnagar Market Corridor,Hyderabad,10000,Branch_43,ATM_CASH_WITHDRAWAL,SYNTHETIC / SIMULATED DATA — NOT REAL FINANCIAL DATA
TXN001063,2026-08-17 16:15:40,2026-08-17,16:15:40,Monday,16,17.443529,78.503757,ATM_HYD_303,SBI Multi-Service Lounge - Station Rd,Secunderabad Station Transit Hub,Hyderabad,10000,Branch_16,ATM_CASH_WITHDRAWAL,SYNTHETIC / SIMULATED DATA — NOT REAL FINANCIAL DATA
TXN001019,2026-08-17 16:45:34,2026-08-17,16:45:34,Monday,16,17.363075,78.468551,ATM_HYD_502,SBI ATM - Gulzar Houz,Charminar Heritage Bazaar,Hyderabad,50000,Branch_21,ATM_CASH_WITHDRAWAL,SYNTHETIC / SIMULATED DATA — NOT REAL FINANCIAL DATA
TXN000417,2026-08-17 18:01:05,2026-08-17,18:01:05,Monday,18,17.43233,78.446903,ATM_HYD_105,Canara Bank Express ATM - SR Nagar,Ameerpet Commercial Hub,Hyderabad,20000,Branch_29,ATM_CASH_WITHDRAWAL,SYNTHETIC / SIMULATED DATA — NOT REAL FINANCIAL DATA
TXN000181,2026-08-17 18:47:26,2026-08-17,18:47:26,Monday,18,17.438042,78.391645,ATM_HYD_201,Kotak ATM - Cyber Towers Concourse,Madhapur Tech Corridor,Hyderabad,40000,Branch_14,ATM_CASH_WITHDRAWAL,SYNTHETIC / SIMULATED DATA — NOT REAL FINANCIAL DATA
TXN001820,2026-08-17 19:31:28,2026-08-17,19:31:28,Monday,19,17.455465,78.39093,ATM_HYD_203,HDFC Bank E-Corner - Inorbit Road,Madhapur Tech Corridor,Hyderabad,25000,Branch_20,ATM_CASH_WITHDRAWAL,SYNTHETIC / SIMULATED DATA — NOT REAL FINANCIAL DATA
TXN001901,2026-08-17 19:38:12,2026-08-17,19:38:12,Monday,19,17.453488,78.386819,ATM_HYD_201,Kotak ATM - Cyber Towers Concourse,Madhapur Tech Corridor,Hyderabad,25000,Branch_36,ATM_CASH_WITHDRAWAL,SYNTHETIC / SIMULATED DATA — NOT REAL FINANCIAL DATA
TXN001923,2026-08-17 20:09:12,2026-08-17,20:09:12,Monday,20,17.437997,78.506911,ATM_HYD_304,Union Bank ATM - Patny Circle,Secunderabad Station Transit Hub,Hyderabad,25000,Branch_29,ATM_CASH_WITHDRAWAL,SYNTHETIC / SIMULATED DATA — NOT REAL FINANCIAL DATA
TXN000934,2026-08-17 20:19:30,2026-08-17,20:19:30,Monday,20,17.448093,78.387379,ATM_HYD_201,Kotak ATM - Cyber Towers Concourse,Madhapur Tech Corridor,Hyderabad,20000,Branch_44,ATM_CASH_WITHDRAWAL,SYNTHETIC / SIMULATED DATA — NOT REAL FINANCIAL DATA
TXN001366,2026-08-17 20:20:00,2026-08-17,20:20:00,Monday,20,17.436091,78.449315,ATM_HYD_103,ICICI e-Lobby - Ameerpet Cross Roads,Ameerpet Commercial Hub,Hyderabad,25000,Branch_39,ATM_CASH_WITHDRAWAL,SYNTHETIC / SIMULATED DATA — NOT REAL FINANCIAL DATA
TXN001987,2026-08-17 20:21:09,2026-08-17,20:21:09,Monday,20,17.442189,78.501356,ATM_HYD_301,Punjab National Bank - Railway Gate 1,Secunderabad Station Transit Hub,Hyderabad,30000,Branch_40,ATM_CASH_WITHDRAWAL,SYNTHETIC / SIMULATED DATA — NOT REAL FINANCIAL DATA
TXN001697,2026-08-17 20:22:56,2026-08-17,20:22:56,Monday,20,17.437959,78.445874,ATM_HYD_105,Canara Bank Express ATM - SR Nagar,Ameerpet Commercial Hub,Hyderabad,25000,Branch_47,ATM_CASH_WITHDRAWAL,SYNTHETIC / SIMULATED DATA — NOT REAL FINANCIAL DATA
TXN000319,2026-08-17 21:11:59,2026-08-17,21:11:59,Monday,21,17.438961,78.443682,ATM_HYD_101,SBI Kiosk - Ameerpet Metro Junction,Ameerpet Commercial Hub,Hyderabad,20000,Branch_35,ATM_CASH_WITHDRAWAL,SYNTHETIC / SIMULATED DATA — NOT REAL FINANCIAL DATA
TXN002459,2026-08-17 21:15:35,2026-08-17,21:15:35,Monday,21,17.479095,78.481527,ATM_HYD_904,Express ATM - Uppal Outskirts,Isolated / Peripheral Zone,Hyderabad,50000,Branch_68,ATM_CASH_WITHDRAWAL,SYNTHETIC / SIMULATED DATA — NOT REAL FINANCIAL DATA
TXN001048,2026-08-17 21:20:52,2026-08-17,21:20:52,Monday,21,17.433798,78.445593,ATM_HYD_105,Canara Bank Express ATM - SR Nagar,Ameerpet Commercial Hub,Hyderabad,50000,Branch_29,ATM_CASH_WITHDRAWAL,SYNTHETIC / SIMULATED DATA — NOT REAL FINANCIAL DATA
TXN001737,2026-08-17 21:26:40,2026-08-17,21:26:40,Monday,21,17.450081,78.390634,ATM_HYD_201,Kotak ATM - Cyber Towers Concourse,Madhapur Tech Corridor,Hyderabad,20000,Branch_36,ATM_CASH_WITHDRAWAL,SYNTHETIC / SIMULATED DATA — NOT REAL FINANCIAL DATA
TXN000925,2026-08-17 21:47:19,2026-08-17,21:47:19,Monday,21,17.445949,78.390916,ATM_HYD_203,HDFC Bank E-Corner - Inorbit Road,Madhapur Tech Corridor,Hyderabad,15000,Branch_46,ATM_CASH_WITHDRAWAL,SYNTHETIC / SIMULATED DATA — NOT REAL FINANCIAL DATA
TXN001314,2026-08-17 21:48:32,2026-08-17,21:48:32,Monday,21,17.358286,78.527491,ATM_HYD_401,SBI Express ATM - Dilsukhnagar Metro,Dilsukhnagar Market Corridor,Hyderabad,50000,Branch_43,ATM_CASH_WITHDRAWAL,SYNTHETIC / SIMULATED DATA — NOT REAL FINANCIAL DATA
TXN000512,2026-08-17 21:55:17,2026-08-17,21:55:17,Monday,21,17.45324,78.391691,ATM_HYD_203,HDFC Bank E-Corner - Inorbit Road,Madhapur Tech Corridor,Hyderabad,15000,Branch_49,ATM_CASH_WITHDRAWAL,SYNTHETIC / SIMULATED DATA — NOT REAL FINANCIAL DATA
TXN000222,2026-08-17 22:28:28,2026-08-17,22:28:28,Monday,22,17.446544,78.38371,ATM_HYD_205,IndusInd Bank 24/7 ATM - Kavuri Hills,Madhapur Tech Corridor,Hyderabad,50000,Branch_49,ATM_CASH_WITHDRAWAL,SYNTHETIC / SIMULATED DATA — NOT REAL FINANCIAL DATA
TXN002201,2026-08-17 22:43:36,2026-08-17,22:43:36,Monday,22,17.364237,78.474725,ATM_HYD_503,HDFC Bank Kiosk - Nayapul Bridge,Charminar Heritage Bazaar,Hyderabad,50000,Branch_35,ATM_CASH_WITHDRAWAL,SYNTHETIC / SIMULATED DATA — NOT REAL FINANCIAL DATA
TXN000596,2026-08-17 22:46:03,2026-08-17,22:46:03,Monday,22,17.447411,78.384641,ATM_HYD_204,ICICI Bank Express ATM - Madhapur Police Station,Madhapur Tech Corridor,Hyderabad,10000,Branch_20,ATM_CASH_WITHDRAWAL,SYNTHETIC / SIMULATED DATA — NOT REAL FINANCIAL DATA
TXN000933,2026-08-17 22:53:22,2026-08-17,22:53:22,Monday,22,17.360179,78.474792,ATM_HYD_503,HDFC Bank Kiosk - Nayapul Bridge,Charminar Heritage Bazaar,Hyderabad,27000,Branch_17,ATM_CASH_WITHDRAWAL,SYNTHETIC / SIMULATED DATA — NOT REAL FINANCIAL DATA
TXN001196,2026-08-17 23:06:53,2026-08-17,23:06:53,Monday,23,17.370348,78.520363,ATM_HYD_402,Andhra Bank (UBI) ATM - Chaitanyapuri,Dilsukhnagar Market Corridor,Hyderabad,20000,Branch_12,ATM_CASH_WITHDRAWAL,SYNTHETIC / SIMULATED DATA — NOT REAL FINANCIAL DATA
TXN001483,2026-08-17 23:08:32,2026-08-17,23:08:32,Monday,23,17.455376,78.38697,ATM_HYD_202,SBI ATM - Hitec City Metro Pillar 24,Madhapur Tech Corridor,Hyderabad,20000,Branch_13,ATM_CASH_WITHDRAWAL,SYNTHETIC / SIMULATED DATA — NOT REAL FINANCIAL DATA
TXN000154,2026-08-17 23:24:39,2026-08-17,23:24:39,Monday,23,17.448794,78.39221,ATM_HYD_202,SBI ATM - Hitec City Metro Pillar 24,Madhapur Tech Corridor,Hyderabad,20000,Branch_41,ATM_CASH_WITHDRAWAL,SYNTHETIC / SIMULATED DATA — NOT REAL FINANCIAL DATA
TXN001909,2026-08-17 23:37:24,2026-08-17,23:37:24,Monday,23,17.442679,78.395862,ATM_HYD_204,ICICI Bank Express ATM - Madhapur Police Station,Madhapur Tech Corridor,Hyderabad,20000,Branch_46,ATM_CASH_WITHDRAWAL,SYNTHETIC / SIMULATED DATA — NOT REAL FINANCIAL DATA
TXN000099,2026-08-18 02:25:43,2026-08-18,02:25:43,Tuesday,2,17.440045,78.444982,ATM_HYD_104,Axis Bank ATM - Elephant House,Ameerpet Commercial Hub,Hyderabad,40000,Branch_27,ATM_CASH_WITHDRAWAL,SYNTHETIC / SIMULATED DATA — NOT REAL FINANCIAL DATA
TXN002465,2026-08-18 03:34:53,2026-08-18,03:34:53,Tuesday,3,17.39894,78.465941,ATM_HYD_904,Express ATM - Uppal Outskirts,Isolated / Peripheral Zone,Hyderabad,10000,Branch_52,ATM_CASH_WITHDRAWAL,SYNTHETIC / SIMULATED DATA — NOT REAL FINANCIAL DATA
TXN000508,2026-08-18 05:30:41,2026-08-18,05:30:41,Tuesday,5,17.373598,78.520605,ATM_HYD_403,HDFC Cash Machine - Malakpet Link,Dilsukhnagar Market Corridor,Hyderabad,20000,Branch_30,ATM_CASH_WITHDRAWAL,SYNTHETIC / SIMULATED DATA — NOT REAL FINANCIAL DATA
TXN000514,2026-08-18 06:05:25,2026-08-18,06:05:25,Tuesday,6,17.373831,78.52576,ATM_HYD_402,Andhra Bank (UBI) ATM - Chaitanyapuri,Dilsukhnagar Market Corridor,Hyderabad,10000,Branch_46,ATM_CASH_WITHDRAWAL,SYNTHETIC / SIMULATED DATA — NOT REAL FINANCIAL DATA
TXN001939,2026-08-18 08:43:34,2026-08-18,08:43:34,Tuesday,8,17.447452,78.382194,ATM_HYD_201,Kotak ATM - Cyber Towers Concourse,Madhapur Tech Corridor,Hyderabad,25000,Branch_34,ATM_CASH_WITHDRAWAL,SYNTHETIC / SIMULATED DATA — NOT REAL FINANCIAL DATA
TXN000471,2026-08-18 09:00:33,2026-08-18,09:00:33,Tuesday,9,17.437322,78.452229,ATM_HYD_102,HDFC 24x7 Cash Point - Maitrivanam,Ameerpet Commercial Hub,Hyderabad,25000,Branch_45,ATM_CASH_WITHDRAWAL,SYNTHETIC / SIMULATED DATA — NOT REAL FINANCIAL DATA
TXN001437,2026-08-18 09:08:50,2026-08-18,09:08:50,Tuesday,9,17.4397,78.445437,ATM_HYD_101,SBI Kiosk - Ameerpet Metro Junction,Ameerpet Commercial Hub,Hyderabad,15000,Branch_29,ATM_CASH_WITHDRAWAL,SYNTHETIC / SIMULATED DATA — NOT REAL FINANCIAL DATA
TXN001246,2026-08-18 11:09:19,2026-08-18,11:09:19,Tuesday,11,17.437251,78.508097,ATM_HYD_302,Bank of Baroda ATM - Clock Tower Cir,Secunderabad Station Transit Hub,Hyderabad,10000,Branch_20,ATM_CASH_WITHDRAWAL,SYNTHETIC / SIMULATED DATA — NOT REAL FINANCIAL DATA
TXN000976,2026-08-18 11:25:53,2026-08-18,11:25:53,Tuesday,11,17.438129,78.447932,ATM_HYD_105,Canara Bank Express ATM - SR Nagar,Ameerpet Commercial Hub,Hyderabad,10000,Branch_15,ATM_CASH_WITHDRAWAL,SYNTHETIC / SIMULATED DATA — NOT REAL FINANCIAL DATA
TXN001509,2026-08-18 11:42:47,2026-08-18,11:42:47,Tuesday,11,17.440764,78.503637,ATM_HYD_301,Punjab National Bank - Railway Gate 1,Secunderabad Station Transit Hub,Hyderabad,25000,Branch_28,ATM_CASH_WITHDRAWAL,SYNTHETIC / SIMULATED DATA — NOT REAL FINANCIAL DATA
TXN000228,2026-08-18 12:02:34,2026-08-18,12:02:34,Tuesday,12,17.448955,78.392483,ATM_HYD_203,HDFC Bank E-Corner - Inorbit Road,Madhapur Tech Corridor,Hyderabad,10000,Branch_41,ATM_CASH_WITHDRAWAL,SYNTHETIC / SIMULATED DATA — NOT REAL FINANCIAL DATA
TXN001596,2026-08-18 12:04:02,2026-08-18,12:04:02,Tuesday,12,17.437288,78.498494,ATM_HYD_301,Punjab National Bank - Railway Gate 1,Secunderabad Station Transit Hub,Hyderabad,40000,Branch_35,ATM_CASH_WITHDRAWAL,SYNTHETIC / SIMULATED DATA — NOT REAL FINANCIAL DATA
TXN000572,2026-08-18 12:15:42,2026-08-18,12:15:42,Tuesday,12,17.364518,78.524779,ATM_HYD_403,HDFC Cash Machine - Malakpet Link,Dilsukhnagar Market Corridor,Hyderabad,25000,Branch_21,ATM_CASH_WITHDRAWAL,SYNTHETIC / SIMULATED DATA — NOT REAL FINANCIAL DATA
TXN001153,2026-08-18 12:57:23,2026-08-18,12:57:23,Tuesday,12,17.445409,78.501494,ATM_HYD_303,SBI Multi-Service Lounge - Station Rd,Secunderabad Station Transit Hub,Hyderabad,20000,Branch_27,ATM_CASH_WITHDRAWAL,SYNTHETIC / SIMULATED DATA — NOT REAL FINANCIAL DATA
TXN001011,2026-08-18 13:06:10,2026-08-18,13:06:10,Tuesday,13,17.440051,78.446268,ATM_HYD_104,Axis Bank ATM - Elephant House,Ameerpet Commercial Hub,Hyderabad,20000,Branch_19,ATM_CASH_WITHDRAWAL,SYNTHETIC / SIMULATED DATA — NOT REAL FINANCIAL DATA
TXN001879,2026-08-18 13:08:51,2026-08-18,13:08:51,Tuesday,13,17.438419,78.448306,ATM_HYD_103,ICICI e-Lobby - Ameerpet Cross Roads,Ameerpet Commercial Hub,Hyderabad,30000,Branch_34,ATM_CASH_WITHDRAWAL,SYNTHETIC / SIMULATED DATA — NOT REAL FINANCIAL DATA
TXN002353,2026-08-18 13:34:19,2026-08-18,13:34:19,Tuesday,13,17.323002,78.483122,ATM_HYD_903,Market Yard Cash Point - Shamshabad Link,Isolated / Peripheral Zone,Hyderabad,30000,Branch_63,ATM_CASH_WITHDRAWAL,SYNTHETIC / SIMULATED DATA — NOT REAL FINANCIAL DATA
TXN002061,2026-08-18 13:50:10,2026-08-18,13:50:10,Tuesday,13,17.440007,78.452659,ATM_HYD_102,HDFC 24x7 Cash Point - Maitrivanam,Ameerpet Commercial Hub,Hyderabad,23000,Branch_29,ATM_CASH_WITHDRAWAL,SYNTHETIC / SIMULATED DATA — NOT REAL FINANCIAL DATA
TXN001874,2026-08-18 14:00:19,2026-08-18,14:00:19,Tuesday,14,17.367844,78.524687,ATM_HYD_404,Canara Bank ATM - Dilsukhnagar Bus Depot,Dilsukhnagar Market Corridor,Hyderabad,10000,Branch_22,ATM_CASH_WITHDRAWAL,SYNTHETIC / SIMULATED DATA — NOT REAL FINANCIAL DATA
TXN002233,2026-08-18 14:11:12,2026-08-18,14:11:12,Tuesday,14,17.363237,78.524997,ATM_HYD_404,Canara Bank ATM - Dilsukhnagar Bus Depot,Dilsukhnagar Market Corridor,Hyderabad,15000,Branch_44,ATM_CASH_WITHDRAWAL,SYNTHETIC / SIMULATED DATA — NOT REAL FINANCIAL DATA
TXN000088,2026-08-18 14:20:13,2026-08-18,14:20:13,Tuesday,14,17.440009,78.504099,ATM_HYD_304,Union Bank ATM - Patny Circle,Secunderabad Station Transit Hub,Hyderabad,20000,Branch_31,ATM_CASH_WITHDRAWAL,SYNTHETIC / SIMULATED DATA — NOT REAL FINANCIAL DATA
TXN001564,2026-08-18 14:47:33,2026-08-18,14:47:33,Tuesday,14,17.433806,78.4441,ATM_HYD_102,HDFC 24x7 Cash Point - Maitrivanam,Ameerpet Commercial Hub,Hyderabad,10000,Branch_29,ATM_CASH_WITHDRAWAL,SYNTHETIC / SIMULATED DATA — NOT REAL FINANCIAL DATA
TXN001888,2026-08-18 15:54:29,2026-08-18,15:54:29,Tuesday,15,17.435301,78.449003,ATM_HYD_103,ICICI e-Lobby - Ameerpet Cross Roads,Ameerpet Commercial Hub,Hyderabad,40000,Branch_32,ATM_CASH_WITHDRAWAL,SYNTHETIC / SIMULATED DATA — NOT REAL FINANCIAL DATA
TXN001172,2026-08-18 16:34:32,2026-08-18,16:34:32,Tuesday,16,17.356664,78.477666,ATM_HYD_501,Bank of India - Madina Market,Charminar Heritage Bazaar,Hyderabad,17000,Branch_29,ATM_CASH_WITHDRAWAL,SYNTHETIC / SIMULATED DATA — NOT REAL FINANCIAL DATA
TXN001469,2026-08-18 16:37:52,2026-08-18,16:37:52,Tuesday,16,17.366563,78.523313,ATM_HYD_401,SBI Express ATM - Dilsukhnagar Metro,Dilsukhnagar Market Corridor,Hyderabad,25000,Branch_16,ATM_CASH_WITHDRAWAL,SYNTHETIC / SIMULATED DATA — NOT REAL FINANCIAL DATA
TXN000504,2026-08-18 16:51:47,2026-08-18,16:51:47,Tuesday,16,17.36773,78.526888,ATM_HYD_402,Andhra Bank (UBI) ATM - Chaitanyapuri,Dilsukhnagar Market Corridor,Hyderabad,15000,Branch_47,ATM_CASH_WITHDRAWAL,SYNTHETIC / SIMULATED DATA — NOT REAL FINANCIAL DATA
TXN000198,2026-08-18 16:58:21,2026-08-18,16:58:21,Tuesday,16,17.372504,78.528271,ATM_HYD_401,SBI Express ATM - Dilsukhnagar Metro,Dilsukhnagar Market Corridor,Hyderabad,20000,Branch_21,ATM_CASH_WITHDRAWAL,SYNTHETIC / SIMULATED DATA — NOT REAL FINANCIAL DATA
TXN000981,2026-08-18 17:03:41,2026-08-18,17:03:41,Tuesday,17,17.452073,78.397928,ATM_HYD_204,ICICI Bank Express ATM - Madhapur Police Station,Madhapur Tech Corridor,Hyderabad,30000,Branch_23,ATM_CASH_WITHDRAWAL,SYNTHETIC / SIMULATED DATA — NOT REAL FINANCIAL DATA
TXN001161,2026-08-18 17:05:01,2026-08-18,17:05:01,Tuesday,17,17.368407,78.526733,ATM_HYD_403,HDFC Cash Machine - Malakpet Link,Dilsukhnagar Market Corridor,Hyderabad,20000,Branch_20,ATM_CASH_WITHDRAWAL,SYNTHETIC / SIMULATED DATA — NOT REAL FINANCIAL DATA
TXN001535,2026-08-18 17:19:10,2026-08-18,17:19:10,Tuesday,17,17.448902,78.395159,ATM_HYD_204,ICICI Bank Express ATM - Madhapur Police Station,Madhapur Tech Corridor,Hyderabad,25000,Branch_35,ATM_CASH_WITHDRAWAL,SYNTHETIC / SIMULATED DATA — NOT REAL FINANCIAL DATA
TXN000723,2026-08-18 18:07:20,2026-08-18,18:07:20,Tuesday,18,17.431916,78.449758,ATM_HYD_104,Axis Bank ATM - Elephant House,Ameerpet Commercial Hub,Hyderabad,20000,Branch_27,ATM_CASH_WITHDRAWAL,SYNTHETIC / SIMULATED DATA — NOT REAL FINANCIAL DATA
TXN002148,2026-08-18 19:06:55,2026-08-18,19:06:55,Tuesday,19,17.449386,78.389986,ATM_HYD_204,ICICI Bank Express ATM - Madhapur Police Station,Madhapur Tech Corridor,Hyderabad,25000,Branch_19,ATM_CASH_WITHDRAWAL,SYNTHETIC / SIMULATED DATA — NOT REAL FINANCIAL DATA
TXN000500,2026-08-18 19:14:01,2026-08-18,19:14:01,Tuesday,19,17.361135,78.47422,ATM_HYD_502,SBI ATM - Gulzar Houz,Charminar Heritage Bazaar,Hyderabad,20000,Branch_27,ATM_CASH_WITHDRAWAL,SYNTHETIC / SIMULATED DATA — NOT REAL FINANCIAL DATA
TXN001814,2026-08-18 19:28:16,2026-08-18,19:28:16,Tuesday,19,17.432071,78.450839,ATM_HYD_102,HDFC 24x7 Cash Point - Maitrivanam,Ameerpet Commercial Hub,Hyderabad,10000,Branch_42,ATM_CASH_WITHDRAWAL,SYNTHETIC / SIMULATED DATA — NOT REAL FINANCIAL DATA
TXN001315,2026-08-18 19:33:44,2026-08-18,19:33:44,Tuesday,19,17.44788,78.393587,ATM_HYD_204,ICICI Bank Express ATM - Madhapur Police Station,Madhapur Tech Corridor,Hyderabad,20000,Branch_41,ATM_CASH_WITHDRAWAL,SYNTHETIC / SIMULATED DATA — NOT REAL FINANCIAL DATA
TXN002053,2026-08-18 19:46:33,2026-08-18,19:46:33,Tuesday,19,17.429999,78.450415,ATM_HYD_101,SBI Kiosk - Ameerpet Metro Junction,Ameerpet Commercial Hub,Hyderabad,18000,Branch_17,ATM_CASH_WITHDRAWAL,SYNTHETIC / SIMULATED DATA — NOT REAL FINANCIAL DATA
TXN000464,2026-08-18 20:08:44,2026-08-18,20:08:44,Tuesday,20,17.441174,78.500833,ATM_HYD_303,SBI Multi-Service Lounge - Station Rd,Secunderabad Station Transit Hub,Hyderabad,50000,Branch_32,ATM_CASH_WITHDRAWAL,SYNTHETIC / SIMULATED DATA — NOT REAL FINANCIAL DATA
TXN000897,2026-08-18 20:21:50,2026-08-18,20:21:50,Tuesday,20,17.437211,78.445266,ATM_HYD_104,Axis Bank ATM - Elephant House,Ameerpet Commercial Hub,Hyderabad,20000,Branch_30,ATM_CASH_WITHDRAWAL,SYNTHETIC / SIMULATED DATA — NOT REAL FINANCIAL DATA
TXN000836,2026-08-18 20:41:46,2026-08-18,20:41:46,Tuesday,20,17.449277,78.392574,ATM_HYD_203,HDFC Bank E-Corner - Inorbit Road,Madhapur Tech Corridor,Hyderabad,20000,Branch_18,ATM_CASH_WITHDRAWAL,SYNTHETIC / SIMULATED DATA — NOT REAL FINANCIAL DATA
TXN002083,2026-08-18 21:12:09,2026-08-18,21:12:09,Tuesday,21,17.449839,78.387692,ATM_HYD_205,IndusInd Bank 24/7 ATM - Kavuri Hills,Madhapur Tech Corridor,Hyderabad,20000,Branch_24,ATM_CASH_WITHDRAWAL,SYNTHETIC / SIMULATED DATA — NOT REAL FINANCIAL DATA
TXN000598,2026-08-18 21:22:39,2026-08-18,21:22:39,Tuesday,21,17.441099,78.446351,ATM_HYD_104,Axis Bank ATM - Elephant House,Ameerpet Commercial Hub,Hyderabad,30000,Branch_18,ATM_CASH_WITHDRAWAL,SYNTHETIC / SIMULATED DATA — NOT REAL FINANCIAL DATA
TXN000658,2026-08-18 21:54:03,2026-08-18,21:54:03,Tuesday,21,17.447479,78.392716,ATM_HYD_201,Kotak ATM - Cyber Towers Concourse,Madhapur Tech Corridor,Hyderabad,15000,Branch_45,ATM_CASH_WITHDRAWAL,SYNTHETIC / SIMULATED DATA — NOT REAL FINANCIAL DATA
TXN000624,2026-08-18 22:40:20,2026-08-18,22:40:20,Tuesday,22,17.442408,78.383567,ATM_HYD_202,SBI ATM - Hitec City Metro Pillar 24,Madhapur Tech Corridor,Hyderabad,50000,Branch_32,ATM_CASH_WITHDRAWAL,SYNTHETIC / SIMULATED DATA — NOT REAL FINANCIAL DATA
TXN002344,2026-08-18 22:41:23,2026-08-18,22:41:23,Tuesday,22,17.397348,78.491737,ATM_HYD_901,Rural Kiosk - Outer Ring Road Exit 4,Isolated / Peripheral Zone,Hyderabad,20000,Branch_52,ATM_CASH_WITHDRAWAL,SYNTHETIC / SIMULATED DATA — NOT REAL FINANCIAL DATA
TXN001504,2026-08-18 23:37:40,2026-08-18,23:37:40,Tuesday,23,17.451044,78.394179,ATM_HYD_205,IndusInd Bank 24/7 ATM - Kavuri Hills,Madhapur Tech Corridor,Hyderabad,25000,Branch_24,ATM_CASH_WITHDRAWAL,SYNTHETIC / SIMULATED DATA — NOT REAL FINANCIAL DATA
TXN002487,2026-08-19 00:16:12,2026-08-19,00:16:12,Wednesday,0,17.368429,78.410003,ATM_HYD_905,Highway Kiosk - Patancheru Depot,Isolated / Peripheral Zone,Hyderabad,20000,Branch_76,ATM_CASH_WITHDRAWAL,SYNTHETIC / SIMULATED DATA — NOT REAL FINANCIAL DATA
TXN002428,2026-08-19 00:44:42,2026-08-19,00:44:42,Wednesday,0,17.438772,78.47689,ATM_HYD_901,Rural Kiosk - Outer Ring Road Exit 4,Isolated / Peripheral Zone,Hyderabad,20000,Branch_54,ATM_CASH_WITHDRAWAL,SYNTHETIC / SIMULATED DATA — NOT REAL FINANCIAL DATA
TXN000320,2026-08-19 02:08:15,2026-08-19,02:08:15,Wednesday,2,17.440794,78.449975,ATM_HYD_104,Axis Bank ATM - Elephant House,Ameerpet Commercial Hub,Hyderabad,30000,Branch_28,ATM_CASH_WITHDRAWAL,SYNTHETIC / SIMULATED DATA — NOT REAL FINANCIAL DATA
TXN002161,2026-08-19 06:15:20,2026-08-19,06:15:20,Wednesday,6,17.438906,78.500434,ATM_HYD_301,Punjab National Bank - Railway Gate 1,Secunderabad Station Transit Hub,Hyderabad,10000,Branch_47,ATM_CASH_WITHDRAWAL,SYNTHETIC / SIMULATED DATA — NOT REAL FINANCIAL DATA
TXN002281,2026-08-19 06:31:34,2026-08-19,06:31:34,Wednesday,6,17.34394,78.390578,ATM_HYD_905,Highway Kiosk - Patancheru Depot,Isolated / Peripheral Zone,Hyderabad,20000,Branch_88,ATM_CASH_WITHDRAWAL,SYNTHETIC / SIMULATED DATA — NOT REAL FINANCIAL DATA
TXN002421,2026-08-19 06:50:36,2026-08-19,06:50:36,Wednesday,6,17.39934,78.474903,ATM_HYD_901,Rural Kiosk - Outer Ring Road Exit 4,Isolated / Peripheral Zone,Hyderabad,40000,Branch_82,ATM_CASH_WITHDRAWAL,SYNTHETIC / SIMULATED DATA — NOT REAL FINANCIAL DATA
TXN001010,2026-08-19 06:53:44,2026-08-19,06:53:44,Wednesday,6,17.446546,78.387191,ATM_HYD_201,Kotak ATM - Cyber Towers Concourse,Madhapur Tech Corridor,Hyderabad,10000,Branch_15,ATM_CASH_WITHDRAWAL,SYNTHETIC / SIMULATED DATA — NOT REAL FINANCIAL DATA
TXN000144,2026-08-19 07:35:30,2026-08-19,07:35:30,Wednesday,7,17.433811,78.451005,ATM_HYD_103,ICICI e-Lobby - Ameerpet Cross Roads,Ameerpet Commercial Hub,Hyderabad,20000,Branch_34,ATM_CASH_WITHDRAWAL,SYNTHETIC / SIMULATED DATA — NOT REAL FINANCIAL DATA
TXN002046,2026-08-19 08:02:46,2026-08-19,08:02:46,Wednesday,8,17.438381,78.489652,ATM_HYD_302,Bank of Baroda ATM - Clock Tower Cir,Secunderabad Station Transit Hub,Hyderabad,20000,Branch_21,ATM_CASH_WITHDRAWAL,SYNTHETIC / SIMULATED DATA — NOT REAL FINANCIAL DATA
TXN000288,2026-08-19 10:20:43,2026-08-19,10:20:43,Wednesday,10,17.444155,78.394362,ATM_HYD_203,HDFC Bank E-Corner - Inorbit Road,Madhapur Tech Corridor,Hyderabad,10000,Branch_42,ATM_CASH_WITHDRAWAL,SYNTHETIC / SIMULATED DATA — NOT REAL FINANCIAL DATA
TXN000356,2026-08-19 10:47:14,2026-08-19,10:47:14,Wednesday,10,17.441136,78.502965,ATM_HYD_302,Bank of Baroda ATM - Clock Tower Cir,Secunderabad Station Transit Hub,Hyderabad,50000,Branch_25,ATM_CASH_WITHDRAWAL,SYNTHETIC / SIMULATED DATA — NOT REAL FINANCIAL DATA
TXN001745,2026-08-19 11:03:03,2026-08-19,11:03:03,Wednesday,11,17.444634,78.398443,ATM_HYD_204,ICICI Bank Express ATM - Madhapur Police Station,Madhapur Tech Corridor,Hyderabad,15000,Branch_40,ATM_CASH_WITHDRAWAL,SYNTHETIC / SIMULATED DATA — NOT REAL FINANCIAL DATA
TXN000039,2026-08-19 11:37:47,2026-08-19,11:37:47,Wednesday,11,17.444918,78.500856,ATM_HYD_302,Bank of Baroda ATM - Clock Tower Cir,Secunderabad Station Transit Hub,Hyderabad,40000,Branch_30,ATM_CASH_WITHDRAWAL,SYNTHETIC / SIMULATED DATA — NOT REAL FINANCIAL DATA
TXN000615,2026-08-19 12:04:50,2026-08-19,12:04:50,Wednesday,12,17.372147,78.517147,ATM_HYD_404,Canara Bank ATM - Dilsukhnagar Bus Depot,Dilsukhnagar Market Corridor,Hyderabad,12000,Branch_12,ATM_CASH_WITHDRAWAL,SYNTHETIC / SIMULATED DATA — NOT REAL FINANCIAL DATA
TXN001460,2026-08-19 12:08:38,2026-08-19,12:08:38,Wednesday,12,17.434651,78.508848,ATM_HYD_301,Punjab National Bank - Railway Gate 1,Secunderabad Station Transit Hub,Hyderabad,20000,Branch_47,ATM_CASH_WITHDRAWAL,SYNTHETIC / SIMULATED DATA — NOT REAL FINANCIAL DATA
TXN002365,2026-08-19 12:33:44,2026-08-19,12:33:44,Wednesday,12,17.514826,78.55546,ATM_HYD_904,Express ATM - Uppal Outskirts,Isolated / Peripheral Zone,Hyderabad,10000,Branch_97,ATM_CASH_WITHDRAWAL,SYNTHETIC / SIMULATED DATA — NOT REAL FINANCIAL DATA
TXN000980,2026-08-19 12:43:54,2026-08-19,12:43:54,Wednesday,12,17.435444,78.504352,ATM_HYD_301,Punjab National Bank - Railway Gate 1,Secunderabad Station Transit Hub,Hyderabad,15000,Branch_40,ATM_CASH_WITHDRAWAL,SYNTHETIC / SIMULATED DATA — NOT REAL FINANCIAL DATA
TXN001644,2026-08-19 12:43:54,2026-08-19,12:43:54,Wednesday,12,17.433655,78.508981,ATM_HYD_304,Union Bank ATM - Patny Circle,Secunderabad Station Transit Hub,Hyderabad,20000,Branch_27,ATM_CASH_WITHDRAWAL,SYNTHETIC / SIMULATED DATA — NOT REAL FINANCIAL DATA
TXN001572,2026-08-19 13:04:23,2026-08-19,13:04:23,Wednesday,13,17.432826,78.446958,ATM_HYD_104,Axis Bank ATM - Elephant House,Ameerpet Commercial Hub,Hyderabad,25000,Branch_31,ATM_CASH_WITHDRAWAL,SYNTHETIC / SIMULATED DATA — NOT REAL FINANCIAL DATA
TXN001536,2026-08-19 13:27:15,2026-08-19,13:27:15,Wednesday,13,17.442351,78.449788,ATM_HYD_105,Canara Bank Express ATM - SR Nagar,Ameerpet Commercial Hub,Hyderabad,50000,Branch_35,ATM_CASH_WITHDRAWAL,SYNTHETIC / SIMULATED DATA — NOT REAL FINANCIAL DATA
TXN001292,2026-08-19 13:38:45,2026-08-19,13:38:45,Wednesday,13,17.435518,78.447233,ATM_HYD_105,Canara Bank Express ATM - SR Nagar,Ameerpet Commercial Hub,Hyderabad,23000,Branch_46,ATM_CASH_WITHDRAWAL,SYNTHETIC / SIMULATED DATA — NOT REAL FINANCIAL DATA
TXN000878,2026-08-19 13:45:54,2026-08-19,13:45:54,Wednesday,13,17.43916,78.497369,ATM_HYD_304,Union Bank ATM - Patny Circle,Secunderabad Station Transit Hub,Hyderabad,25000,Branch_12,ATM_CASH_WITHDRAWAL,SYNTHETIC / SIMULATED DATA — NOT REAL FINANCIAL DATA
TXN000833,2026-08-19 14:01:48,2026-08-19,14:01:48,Wednesday,14,17.441634,78.447459,ATM_HYD_102,HDFC 24x7 Cash Point - Maitrivanam,Ameerpet Commercial Hub,Hyderabad,40000,Branch_49,ATM_CASH_WITHDRAWAL,SYNTHETIC / SIMULATED DATA — NOT REAL FINANCIAL DATA
TXN001762,2026-08-19 14:15:14,2026-08-19,14:15:14,Wednesday,14,17.371452,78.525342,ATM_HYD_403,HDFC Cash Machine - Malakpet Link,Dilsukhnagar Market Corridor,Hyderabad,18000,Branch_24,ATM_CASH_WITHDRAWAL,SYNTHETIC / SIMULATED DATA — NOT REAL FINANCIAL DATA
TXN001494,2026-08-19 14:25:26,2026-08-19,14:25:26,Wednesday,14,17.44178,78.454122,ATM_HYD_101,SBI Kiosk - Ameerpet Metro Junction,Ameerpet Commercial Hub,Hyderabad,25000,Branch_12,ATM_CASH_WITHDRAWAL,SYNTHETIC / SIMULATED DATA — NOT REAL FINANCIAL DATA
TXN000267,2026-08-19 14:58:35,2026-08-19,14:58:35,Wednesday,14,17.439072,78.498584,ATM_HYD_301,Punjab National Bank - Railway Gate 1,Secunderabad Station Transit Hub,Hyderabad,27000,Branch_38,ATM_CASH_WITHDRAWAL,SYNTHETIC / SIMULATED DATA — NOT REAL FINANCIAL DATA
TXN000760,2026-08-19 15:03:34,2026-08-19,15:03:34,Wednesday,15,17.370105,78.524212,ATM_HYD_404,Canara Bank ATM - Dilsukhnagar Bus Depot,Dilsukhnagar Market Corridor,Hyderabad,28000,Branch_28,ATM_CASH_WITHDRAWAL,SYNTHETIC / SIMULATED DATA — NOT REAL FINANCIAL DATA
TXN001150,2026-08-19 15:11:02,2026-08-19,15:11:02,Wednesday,15,17.370591,78.524241,ATM_HYD_401,SBI Express ATM - Dilsukhnagar Metro,Dilsukhnagar Market Corridor,Hyderabad,20000,Branch_20,ATM_CASH_WITHDRAWAL,SYNTHETIC / SIMULATED DATA — NOT REAL FINANCIAL DATA
TXN000309,2026-08-19 16:00:28,2026-08-19,16:00:28,Wednesday,16,17.369453,78.528076,ATM_HYD_404,Canara Bank ATM - Dilsukhnagar Bus Depot,Dilsukhnagar Market Corridor,Hyderabad,25000,Branch_29,ATM_CASH_WITHDRAWAL,SYNTHETIC / SIMULATED DATA — NOT REAL FINANCIAL DATA
TXN000537,2026-08-19 17:05:43,2026-08-19,17:05:43,Wednesday,17,17.367985,78.524865,ATM_HYD_402,Andhra Bank (UBI) ATM - Chaitanyapuri,Dilsukhnagar Market Corridor,Hyderabad,30000,Branch_19,ATM_CASH_WITHDRAWAL,SYNTHETIC / SIMULATED DATA — NOT REAL FINANCIAL DATA
TXN001900,2026-08-19 17:34:57,2026-08-19,17:34:57,Wednesday,17,17.368348,78.521873,ATM_HYD_401,SBI Express ATM - Dilsukhnagar Metro,Dilsukhnagar Market Corridor,Hyderabad,25000,Branch_27,ATM_CASH_WITHDRAWAL,SYNTHETIC / SIMULATED DATA — NOT REAL FINANCIAL DATA
TXN000110,2026-08-19 18:17:46,2026-08-19,18:17:46,Wednesday,18,17.437293,78.45475,ATM_HYD_102,HDFC 24x7 Cash Point - Maitrivanam,Ameerpet Commercial Hub,Hyderabad,20000,Branch_43,ATM_CASH_WITHDRAWAL,SYNTHETIC / SIMULATED DATA — NOT REAL FINANCIAL DATA
TXN000067,2026-08-19 18:43:47,2026-08-19,18:43:47,Wednesday,18,17.43946,78.446978,ATM_HYD_102,HDFC 24x7 Cash Point - Maitrivanam,Ameerpet Commercial Hub,Hyderabad,50000,Branch_49,ATM_CASH_WITHDRAWAL,SYNTHETIC / SIMULATED DATA — NOT REAL FINANCIAL DATA
TXN001632,2026-08-19 18:46:49,2026-08-19,18:46:49,Wednesday,18,17.442818,78.388791,ATM_HYD_203,HDFC Bank E-Corner - Inorbit Road,Madhapur Tech Corridor,Hyderabad,20000,Branch_34,ATM_CASH_WITHDRAWAL,SYNTHETIC / SIMULATED DATA — NOT REAL FINANCIAL DATA
TXN000837,2026-08-19 18:48:00,2026-08-19,18:48:00,Wednesday,18,17.361293,78.475327,ATM_HYD_501,Bank of India - Madina Market,Charminar Heritage Bazaar,Hyderabad,20000,Branch_36,ATM_CASH_WITHDRAWAL,SYNTHETIC / SIMULATED DATA — NOT REAL FINANCIAL DATA
TXN002079,2026-08-19 18:49:35,2026-08-19,18:49:35,Wednesday,18,17.359312,78.476422,ATM_HYD_502,SBI ATM - Gulzar Houz,Charminar Heritage Bazaar,Hyderabad,20000,Branch_16,ATM_CASH_WITHDRAWAL,SYNTHETIC / SIMULATED DATA — NOT REAL FINANCIAL DATA
TXN002015,2026-08-19 19:06:36,2026-08-19,19:06:36,Wednesday,19,17.447078,78.393772,ATM_HYD_202,SBI ATM - Hitec City Metro Pillar 24,Madhapur Tech Corridor,Hyderabad,10000,Branch_23,ATM_CASH_WITHDRAWAL,SYNTHETIC / SIMULATED DATA — NOT REAL FINANCIAL DATA
TXN001671,2026-08-19 19:13:52,2026-08-19,19:13:52,Wednesday,19,17.443146,78.389605,ATM_HYD_204,ICICI Bank Express ATM - Madhapur Police Station,Madhapur Tech Corridor,Hyderabad,40000,Branch_43,ATM_CASH_WITHDRAWAL,SYNTHETIC / SIMULATED DATA — NOT REAL FINANCIAL DATA
TXN000908,2026-08-19 19:19:36,2026-08-19,19:19:36,Wednesday,19,17.448036,78.395921,ATM_HYD_204,ICICI Bank Express ATM - Madhapur Police Station,Madhapur Tech Corridor,Hyderabad,15000,Branch_29,ATM_CASH_WITHDRAWAL,SYNTHETIC / SIMULATED DATA — NOT REAL FINANCIAL DATA
TXN000706,2026-08-19 19:32:33,2026-08-19,19:32:33,Wednesday,19,17.364023,78.469965,ATM_HYD_502,SBI ATM - Gulzar Houz,Charminar Heritage Bazaar,Hyderabad,50000,Branch_49,ATM_CASH_WITHDRAWAL,SYNTHETIC / SIMULATED DATA — NOT REAL FINANCIAL DATA
TXN001047,2026-08-19 19:37:16,2026-08-19,19:37:16,Wednesday,19,17.439684,78.451855,ATM_HYD_105,Canara Bank Express ATM - SR Nagar,Ameerpet Commercial Hub,Hyderabad,25000,Branch_16,ATM_CASH_WITHDRAWAL,SYNTHETIC / SIMULATED DATA — NOT REAL FINANCIAL DATA
TXN000679,2026-08-19 19:45:52,2026-08-19,19:45:52,Wednesday,19,17.360627,78.472638,ATM_HYD_501,Bank of India - Madina Market,Charminar Heritage Bazaar,Hyderabad,38000,Branch_36,ATM_CASH_WITHDRAWAL,SYNTHETIC / SIMULATED DATA — NOT REAL FINANCIAL DATA
TXN002152,2026-08-19 19:58:21,2026-08-19,19:58:21,Wednesday,19,17.441979,78.445482,ATM_HYD_104,Axis Bank ATM - Elephant House,Ameerpet Commercial Hub,Hyderabad,25000,Branch_45,ATM_CASH_WITHDRAWAL,SYNTHETIC / SIMULATED DATA — NOT REAL FINANCIAL DATA
TXN001904,2026-08-19 20:01:49,2026-08-19,20:01:49,Wednesday,20,17.434554,78.453094,ATM_HYD_101,SBI Kiosk - Ameerpet Metro Junction,Ameerpet Commercial Hub,Hyderabad,50000,Branch_10,ATM_CASH_WITHDRAWAL,SYNTHETIC / SIMULATED DATA — NOT REAL FINANCIAL DATA
TXN002232,2026-08-19 20:43:37,2026-08-19,20:43:37,Wednesday,20,17.44146,78.438891,ATM_HYD_105,Canara Bank Express ATM - SR Nagar,Ameerpet Commercial Hub,Hyderabad,10000,Branch_13,ATM_CASH_WITHDRAWAL,SYNTHETIC / SIMULATED DATA — NOT REAL FINANCIAL DATA
TXN002263,2026-08-19 20:55:58,2026-08-19,20:55:58,Wednesday,20,17.384523,78.438083,ATM_HYD_902,Petrol Pump ATM - Medchal Highway,Isolated / Peripheral Zone,Hyderabad,50000,Branch_70,ATM_CASH_WITHDRAWAL,SYNTHETIC / SIMULATED DATA — NOT REAL FINANCIAL DATA
TXN001310,2026-08-19 21:23:20,2026-08-19,21:23:20,Wednesday,21,17.364233,78.523682,ATM_HYD_402,Andhra Bank (UBI) ATM - Chaitanyapuri,Dilsukhnagar Market Corridor,Hyderabad,15000,Branch_25,ATM_CASH_WITHDRAWAL,SYNTHETIC / SIMULATED DATA — NOT REAL FINANCIAL DATA
TXN000580,2026-08-19 21:25:01,2026-08-19,21:25:01,Wednesday,21,17.43485,78.450436,ATM_HYD_103,ICICI e-Lobby - Ameerpet Cross Roads,Ameerpet Commercial Hub,Hyderabad,10000,Branch_18,ATM_CASH_WITHDRAWAL,SYNTHETIC / SIMULATED DATA — NOT REAL FINANCIAL DATA
TXN002196,2026-08-19 21:27:19,2026-08-19,21:27:19,Wednesday,21,17.451398,78.380194,ATM_HYD_205,IndusInd Bank 24/7 ATM - Kavuri Hills,Madhapur Tech Corridor,Hyderabad,20000,Branch_49,ATM_CASH_WITHDRAWAL,SYNTHETIC / SIMULATED DATA — NOT REAL FINANCIAL DATA
TXN001388,2026-08-19 21:32:46,2026-08-19,21:32:46,Wednesday,21,17.440506,78.450931,ATM_HYD_102,HDFC 24x7 Cash Point - Maitrivanam,Ameerpet Commercial Hub,Hyderabad,15000,Branch_41,ATM_CASH_WITHDRAWAL,SYNTHETIC / SIMULATED DATA — NOT REAL FINANCIAL DATA
TXN000255,2026-08-19 21:49:03,2026-08-19,21:49:03,Wednesday,21,17.433279,78.45049,ATM_HYD_101,SBI Kiosk - Ameerpet Metro Junction,Ameerpet Commercial Hub,Hyderabad,30000,Branch_31,ATM_CASH_WITHDRAWAL,SYNTHETIC / SIMULATED DATA — NOT REAL FINANCIAL DATA
TXN001574,2026-08-19 21:59:02,2026-08-19,21:59:02,Wednesday,21,17.364299,78.518342,ATM_HYD_403,HDFC Cash Machine - Malakpet Link,Dilsukhnagar Market Corridor,Hyderabad,30000,Branch_15,ATM_CASH_WITHDRAWAL,SYNTHETIC / SIMULATED DATA — NOT REAL FINANCIAL DATA
TXN000790,2026-08-19 22:15:36,2026-08-19,22:15:36,Wednesday,22,17.363303,78.469386,ATM_HYD_502,SBI ATM - Gulzar Houz,Charminar Heritage Bazaar,Hyderabad,40000,Branch_21,ATM_CASH_WITHDRAWAL,SYNTHETIC / SIMULATED DATA — NOT REAL FINANCIAL DATA
TXN000161,2026-08-19 22:48:46,2026-08-19,22:48:46,Wednesday,22,17.447331,78.390797,ATM_HYD_202,SBI ATM - Hitec City Metro Pillar 24,Madhapur Tech Corridor,Hyderabad,10000,Branch_18,ATM_CASH_WITHDRAWAL,SYNTHETIC / SIMULATED DATA — NOT REAL FINANCIAL DATA
TXN001272,2026-08-20 00:54:55,2026-08-20,00:54:55,Thursday,0,17.363663,78.523456,ATM_HYD_401,SBI Express ATM - Dilsukhnagar Metro,Dilsukhnagar Market Corridor,Hyderabad,20000,Branch_17,ATM_CASH_WITHDRAWAL,SYNTHETIC / SIMULATED DATA — NOT REAL FINANCIAL DATA
TXN002484,2026-08-20 01:55:04,2026-08-20,01:55:04,Thursday,1,17.470532,78.43827,ATM_HYD_904,Express ATM - Uppal Outskirts,Isolated / Peripheral Zone,Hyderabad,15000,Branch_92,ATM_CASH_WITHDRAWAL,SYNTHETIC / SIMULATED DATA — NOT REAL FINANCIAL DATA
TXN002084,2026-08-20 06:57:04,2026-08-20,06:57:04,Thursday,6,17.368649,78.523479,ATM_HYD_401,SBI Express ATM - Dilsukhnagar Metro,Dilsukhnagar Market Corridor,Hyderabad,10000,Branch_48,ATM_CASH_WITHDRAWAL,SYNTHETIC / SIMULATED DATA — NOT REAL FINANCIAL DATA
TXN000985,2026-08-20 07:07:27,2026-08-20,07:07:27,Thursday,7,17.442388,78.502803,ATM_HYD_304,Union Bank ATM - Patny Circle,Secunderabad Station Transit Hub,Hyderabad,15000,Branch_24,ATM_CASH_WITHDRAWAL,SYNTHETIC / SIMULATED DATA — NOT REAL FINANCIAL DATA
TXN001495,2026-08-20 07:41:05,2026-08-20,07:41:05,Thursday,7,17.43514,78.504714,ATM_HYD_302,Bank of Baroda ATM - Clock Tower Cir,Secunderabad Station Transit Hub,Hyderabad,10000,Branch_27,ATM_CASH_WITHDRAWAL,SYNTHETIC / SIMULATED DATA — NOT REAL FINANCIAL DATA
TXN002463,2026-08-20 07:59:25,2026-08-20,07:59:25,Thursday,7,17.314485,78.485542,ATM_HYD_904,Express ATM - Uppal Outskirts,Isolated / Peripheral Zone,Hyderabad,25000,Branch_81,ATM_CASH_WITHDRAWAL,SYNTHETIC / SIMULATED DATA — NOT REAL FINANCIAL DATA
TXN002229,2026-08-20 08:55:06,2026-08-20,08:55:06,Thursday,8,17.444188,78.451432,ATM_HYD_102,HDFC 24x7 Cash Point - Maitrivanam,Ameerpet Commercial Hub,Hyderabad,20000,Branch_21,ATM_CASH_WITHDRAWAL,SYNTHETIC / SIMULATED DATA — NOT REAL FINANCIAL DATA
TXN000059,2026-08-20 09:02:18,2026-08-20,09:02:18,Thursday,9,17.431259,78.450672,ATM_HYD_102,HDFC 24x7 Cash Point - Maitrivanam,Ameerpet Commercial Hub,Hyderabad,25000,Branch_29,ATM_CASH_WITHDRAWAL,SYNTHETIC / SIMULATED DATA — NOT REAL FINANCIAL DATA
TXN002045,2026-08-20 10:48:22,2026-08-20,10:48:22,Thursday,10,17.365174,78.522906,ATM_HYD_404,Canara Bank ATM - Dilsukhnagar Bus Depot,Dilsukhnagar Market Corridor,Hyderabad,25000,Branch_32,ATM_CASH_WITHDRAWAL,SYNTHETIC / SIMULATED DATA — NOT REAL FINANCIAL DATA
TXN000818,2026-08-20 11:39:20,2026-08-20,11:39:20,Thursday,11,17.452142,78.390671,ATM_HYD_203,HDFC Bank E-Corner - Inorbit Road,Madhapur Tech Corridor,Hyderabad,25000,Branch_13,ATM_CASH_WITHDRAWAL,SYNTHETIC / SIMULATED DATA — NOT REAL FINANCIAL DATA
TXN001021,2026-08-20 11:42:20,2026-08-20,11:42:20,Thursday,11,17.44142,78.506749,ATM_HYD_302,Bank of Baroda ATM - Clock Tower Cir,Secunderabad Station Transit Hub,Hyderabad,40000,Branch_19,ATM_CASH_WITHDRAWAL,SYNTHETIC / SIMULATED DATA — NOT REAL FINANCIAL DATA
TXN001683,2026-08-20 12:22:40,2026-08-20,12:22:40,Thursday,12,17.433307,78.504127,ATM_HYD_304,Union Bank ATM - Patny Circle,Secunderabad Station Transit Hub,Hyderabad,20000,Branch_48,ATM_CASH_WITHDRAWAL,SYNTHETIC / SIMULATED DATA — NOT REAL FINANCIAL DATA
TXN000205,2026-08-20 12:49:08,2026-08-20,12:49:08,Thursday,12,17.438841,78.50153,ATM_HYD_301,Punjab National Bank - Railway Gate 1,Secunderabad Station Transit Hub,Hyderabad,40000,Branch_28,ATM_CASH_WITHDRAWAL,SYNTHETIC / SIMULATED DATA — NOT REAL FINANCIAL DATA
TXN001404,2026-08-20 12:51:48,2026-08-20,12:51:48,Thursday,12,17.437822,78.499013,ATM_HYD_302,Bank of Baroda ATM - Clock Tower Cir,Secunderabad Station Transit Hub,Hyderabad,20000,Branch_36,ATM_CASH_WITHDRAWAL,SYNTHETIC / SIMULATED DATA — NOT REAL FINANCIAL DATA
TXN001299,2026-08-20 12:58:21,2026-08-20,12:58:21,Thursday,12,17.442094,78.499696,ATM_HYD_302,Bank of Baroda ATM - Clock Tower Cir,Secunderabad Station Transit Hub,Hyderabad,15000,Branch_40,ATM_CASH_WITHDRAWAL,SYNTHETIC / SIMULATED DATA — NOT REAL FINANCIAL DATA
TXN001867,2026-08-20 13:02:56,2026-08-20,13:02:56,Thursday,13,17.433352,78.452528,ATM_HYD_102,HDFC 24x7 Cash Point - Maitrivanam,Ameerpet Commercial Hub,Hyderabad,50000,Branch_20,ATM_CASH_WITHDRAWAL,SYNTHETIC / SIMULATED DATA — NOT REAL FINANCIAL DATA
TXN001720,2026-08-20 13:09:38,2026-08-20,13:09:38,Thursday,13,17.433144,78.44893,ATM_HYD_105,Canara Bank Express ATM - SR Nagar,Ameerpet Commercial Hub,Hyderabad,20000,Branch_43,ATM_CASH_WITHDRAWAL,SYNTHETIC / SIMULATED DATA — NOT REAL FINANCIAL DATA
TXN001597,2026-08-20 13:20:21,2026-08-20,13:20:21,Thursday,13,17.438418,78.446998,ATM_HYD_104,Axis Bank ATM - Elephant House,Ameerpet Commercial Hub,Hyderabad,20000,Branch_41,ATM_CASH_WITHDRAWAL,SYNTHETIC / SIMULATED DATA — NOT REAL FINANCIAL DATA
TXN002000,2026-08-20 13:25:40,2026-08-20,13:25:40,Thursday,13,17.433469,78.447252,ATM_HYD_102,HDFC 24x7 Cash Point - Maitrivanam,Ameerpet Commercial Hub,Hyderabad,50000,Branch_42,ATM_CASH_WITHDRAWAL,SYNTHETIC / SIMULATED DATA — NOT REAL FINANCIAL DATA
TXN000887,2026-08-20 13:34:20,2026-08-20,13:34:20,Thursday,13,17.440897,78.501832,ATM_HYD_303,SBI Multi-Service Lounge - Station Rd,Secunderabad Station Transit Hub,Hyderabad,25000,Branch_17,ATM_CASH_WITHDRAWAL,SYNTHETIC / SIMULATED DATA — NOT REAL FINANCIAL DATA
TXN000415,2026-08-20 13:42:55,2026-08-20,13:42:55,Thursday,13,17.443057,78.507363,ATM_HYD_303,SBI Multi-Service Lounge - Station Rd,Secunderabad Station Transit Hub,Hyderabad,50000,Branch_30,ATM_CASH_WITHDRAWAL,SYNTHETIC / SIMULATED DATA — NOT REAL FINANCIAL DATA
TXN002338,2026-08-20 13:43:45,2026-08-20,13:43:45,Thursday,13,17.33664,78.462157,ATM_HYD_905,Highway Kiosk - Patancheru Depot,Isolated / Peripheral Zone,Hyderabad,25000,Branch_66,ATM_CASH_WITHDRAWAL,SYNTHETIC / SIMULATED DATA — NOT REAL FINANCIAL DATA
TXN000989,2026-08-20 13:44:36,2026-08-20,13:44:36,Thursday,13,17.436939,78.445183,ATM_HYD_103,ICICI e-Lobby - Ameerpet Cross Roads,Ameerpet Commercial Hub,Hyderabad,28000,Branch_17,ATM_CASH_WITHDRAWAL,SYNTHETIC / SIMULATED DATA — NOT REAL FINANCIAL DATA
TXN000705,2026-08-20 14:00:42,2026-08-20,14:00:42,Thursday,14,17.440205,78.445463,ATM_HYD_101,SBI Kiosk - Ameerpet Metro Junction,Ameerpet Commercial Hub,Hyderabad,25000,Branch_43,ATM_CASH_WITHDRAWAL,SYNTHETIC / SIMULATED DATA — NOT REAL FINANCIAL DATA
TXN000528,2026-08-20 14:10:40,2026-08-20,14:10:40,Thursday,14,17.435779,78.445324,ATM_HYD_104,Axis Bank ATM - Elephant House,Ameerpet Commercial Hub,Hyderabad,25000,Branch_15,ATM_CASH_WITHDRAWAL,SYNTHETIC / SIMULATED DATA — NOT REAL FINANCIAL DATA
TXN002088,2026-08-20 14:18:24,2026-08-20,14:18:24,Thursday,14,17.437581,78.498379,ATM_HYD_304,Union Bank ATM - Patny Circle,Secunderabad Station Transit Hub,Hyderabad,15000,Branch_36,ATM_CASH_WITHDRAWAL,SYNTHETIC / SIMULATED DATA — NOT REAL FINANCIAL DATA
TXN001038,2026-08-20 14:18:35,2026-08-20,14:18:35,Thursday,14,17.440916,78.501148,ATM_HYD_302,Bank of Baroda ATM - Clock Tower Cir,Secunderabad Station Transit Hub,Hyderabad,20000,Branch_29,ATM_CASH_WITHDRAWAL,SYNTHETIC / SIMULATED DATA — NOT REAL FINANCIAL DATA
TXN001709,2026-08-20 14:35:12,2026-08-20,14:35:12,Thursday,14,17.44131,78.503998,ATM_HYD_302,Bank of Baroda ATM - Clock Tower Cir,Secunderabad Station Transit Hub,Hyderabad,40000,Branch_15,ATM_CASH_WITHDRAWAL,SYNTHETIC / SIMULATED DATA — NOT REAL FINANCIAL DATA
TXN000357,2026-08-20 14:35:20,2026-08-20,14:35:20,Thursday,14,17.436851,78.445733,ATM_HYD_105,Canara Bank Express ATM - SR Nagar,Ameerpet Commercial Hub,Hyderabad,10000,Branch_34,ATM_CASH_WITHDRAWAL,SYNTHETIC / SIMULATED DATA — NOT REAL FINANCIAL DATA
TXN000214,2026-08-20 14:48:48,2026-08-20,14:48:48,Thursday,14,17.43772,78.446086,ATM_HYD_103,ICICI e-Lobby - Ameerpet Cross Roads,Ameerpet Commercial Hub,Hyderabad,20000,Branch_21,ATM_CASH_WITHDRAWAL,SYNTHETIC / SIMULATED DATA — NOT REAL FINANCIAL DATA
TXN000719,2026-08-20 14:55:16,2026-08-20,14:55:16,Thursday,14,17.434425,78.452508,ATM_HYD_104,Axis Bank ATM - Elephant House,Ameerpet Commercial Hub,Hyderabad,10000,Branch_22,ATM_CASH_WITHDRAWAL,SYNTHETIC / SIMULATED DATA — NOT REAL FINANCIAL DATA
TXN002202,2026-08-20 15:29:15,2026-08-20,15:29:15,Thursday,15,17.439105,78.452014,ATM_HYD_105,Canara Bank Express ATM - SR Nagar,Ameerpet Commercial Hub,Hyderabad,20000,Branch_18,ATM_CASH_WITHDRAWAL,SYNTHETIC / SIMULATED DATA — NOT REAL FINANCIAL DATA
TXN000044,2026-08-20 16:15:16,2026-08-20,16:15:16,Thursday,16,17.365498,78.523157,ATM_HYD_403,HDFC Cash Machine - Malakpet Link,Dilsukhnagar Market Corridor,Hyderabad,10000,Branch_29,ATM_CASH_WITHDRAWAL,SYNTHETIC / SIMULATED DATA — NOT REAL FINANCIAL DATA
TXN000479,2026-08-20 16:26:31,2026-08-20,16:26:31,Thursday,16,17.362818,78.469405,ATM_HYD_501,Bank of India - Madina Market,Charminar Heritage Bazaar,Hyderabad,20000,Branch_19,ATM_CASH_WITHDRAWAL,SYNTHETIC / SIMULATED DATA — NOT REAL FINANCIAL DATA
TXN000838,2026-08-20 16:38:11,2026-08-20,16:38:11,Thursday,16,17.452726,78.394073,ATM_HYD_202,SBI ATM - Hitec City Metro Pillar 24,Madhapur Tech Corridor,Hyderabad,50000,Branch_49,ATM_CASH_WITHDRAWAL,SYNTHETIC / SIMULATED DATA — NOT REAL FINANCIAL DATA
TXN000957,2026-08-20 17:24:42,2026-08-20,17:24:42,Thursday,17,17.441379,78.381321,ATM_HYD_203,HDFC Bank E-Corner - Inorbit Road,Madhapur Tech Corridor,Hyderabad,10000,Branch_34,ATM_CASH_WITHDRAWAL,SYNTHETIC / SIMULATED DATA — NOT REAL FINANCIAL DATA
TXN000870,2026-08-20 17:50:04,2026-08-20,17:50:04,Thursday,17,17.358063,78.480178,ATM_HYD_503,HDFC Bank Kiosk - Nayapul Bridge,Charminar Heritage Bazaar,Hyderabad,10000,Branch_42,ATM_CASH_WITHDRAWAL,SYNTHETIC / SIMULATED DATA — NOT REAL FINANCIAL DATA
TXN001253,2026-08-20 18:05:20,2026-08-20,18:05:20,Thursday,18,17.434455,78.44642,ATM_HYD_105,Canara Bank Express ATM - SR Nagar,Ameerpet Commercial Hub,Hyderabad,20000,Branch_20,ATM_CASH_WITHDRAWAL,SYNTHETIC / SIMULATED DATA — NOT REAL FINANCIAL DATA
TXN001403,2026-08-20 19:07:28,2026-08-20,19:07:28,Thursday,19,17.434501,78.44707,ATM_HYD_102,HDFC 24x7 Cash Point - Maitrivanam,Ameerpet Commercial Hub,Hyderabad,25000,Branch_23,ATM_CASH_WITHDRAWAL,SYNTHETIC / SIMULATED DATA — NOT REAL FINANCIAL DATA
TXN000497,2026-08-20 19:15:40,2026-08-20,19:15:40,Thursday,19,17.429424,78.500384,ATM_HYD_304,Union Bank ATM - Patny Circle,Secunderabad Station Transit Hub,Hyderabad,20000,Branch_44,ATM_CASH_WITHDRAWAL,SYNTHETIC / SIMULATED DATA — NOT REAL FINANCIAL DATA
TXN001824,2026-08-20 19:27:46,2026-08-20,19:27:46,Thursday,19,17.43275,78.501628,ATM_HYD_303,SBI Multi-Service Lounge - Station Rd,Secunderabad Station Transit Hub,Hyderabad,30000,Branch_18,ATM_CASH_WITHDRAWAL,SYNTHETIC / SIMULATED DATA — NOT REAL FINANCIAL DATA
TXN001718,2026-08-20 19:47:31,2026-08-20,19:47:31,Thursday,19,17.441714,78.501669,ATM_HYD_301,Punjab National Bank - Railway Gate 1,Secunderabad Station Transit Hub,Hyderabad,35000,Branch_19,ATM_CASH_WITHDRAWAL,SYNTHETIC / SIMULATED DATA — NOT REAL FINANCIAL DATA
TXN002287,2026-08-20 19:54:49,2026-08-20,19:54:49,Thursday,19,17.331254,78.506199,ATM_HYD_902,Petrol Pump ATM - Medchal Highway,Isolated / Peripheral Zone,Hyderabad,50000,Branch_68,ATM_CASH_WITHDRAWAL,SYNTHETIC / SIMULATED DATA — NOT REAL FINANCIAL DATA
TXN001541,2026-08-20 19:57:28,2026-08-20,19:57:28,Thursday,19,17.440567,78.50351,ATM_HYD_301,Punjab National Bank - Railway Gate 1,Secunderabad Station Transit Hub,Hyderabad,20000,Branch_29,ATM_CASH_WITHDRAWAL,SYNTHETIC / SIMULATED DATA — NOT REAL FINANCIAL DATA
TXN000666,2026-08-20 20:04:46,2026-08-20,20:04:46,Thursday,20,17.43757,78.443372,ATM_HYD_105,Canara Bank Express ATM - SR Nagar,Ameerpet Commercial Hub,Hyderabad,18000,Branch_42,ATM_CASH_WITHDRAWAL,SYNTHETIC / SIMULATED DATA — NOT REAL FINANCIAL DATA
TXN001463,2026-08-20 20:17:40,2026-08-20,20:17:40,Thursday,20,17.438267,78.446646,ATM_HYD_105,Canara Bank Express ATM - SR Nagar,Ameerpet Commercial Hub,Hyderabad,15000,Branch_22,ATM_CASH_WITHDRAWAL,SYNTHETIC / SIMULATED DATA — NOT REAL FINANCIAL DATA
TXN000095,2026-08-20 20:53:40,2026-08-20,20:53:40,Thursday,20,17.440116,78.502848,ATM_HYD_304,Union Bank ATM - Patny Circle,Secunderabad Station Transit Hub,Hyderabad,20000,Branch_29,ATM_CASH_WITHDRAWAL,SYNTHETIC / SIMULATED DATA — NOT REAL FINANCIAL DATA
TXN002370,2026-08-20 20:54:22,2026-08-20,20:54:22,Thursday,20,17.437686,78.432286,ATM_HYD_901,Rural Kiosk - Outer Ring Road Exit 4,Isolated / Peripheral Zone,Hyderabad,20000,Branch_90,ATM_CASH_WITHDRAWAL,SYNTHETIC / SIMULATED DATA — NOT REAL FINANCIAL DATA
TXN001303,2026-08-20 21:00:23,2026-08-20,21:00:23,Thursday,21,17.433304,78.441002,ATM_HYD_104,Axis Bank ATM - Elephant House,Ameerpet Commercial Hub,Hyderabad,27000,Branch_11,ATM_CASH_WITHDRAWAL,SYNTHETIC / SIMULATED DATA — NOT REAL FINANCIAL DATA
TXN000883,2026-08-20 22:07:14,2026-08-20,22:07:14,Thursday,22,17.438523,78.442238,ATM_HYD_102,HDFC 24x7 Cash Point - Maitrivanam,Ameerpet Commercial Hub,Hyderabad,25000,Branch_43,ATM_CASH_WITHDRAWAL,SYNTHETIC / SIMULATED DATA — NOT REAL FINANCIAL DATA
TXN002158,2026-08-20 22:27:25,2026-08-20,22:27:25,Thursday,22,17.444481,78.389239,ATM_HYD_204,ICICI Bank Express ATM - Madhapur Police Station,Madhapur Tech Corridor,Hyderabad,25000,Branch_15,ATM_CASH_WITHDRAWAL,SYNTHETIC / SIMULATED DATA — NOT REAL FINANCIAL DATA
TXN000525,2026-08-20 22:58:02,2026-08-20,22:58:02,Thursday,22,17.367369,78.517433,ATM_HYD_403,HDFC Cash Machine - Malakpet Link,Dilsukhnagar Market Corridor,Hyderabad,10000,Branch_45,ATM_CASH_WITHDRAWAL,SYNTHETIC / SIMULATED DATA — NOT REAL FINANCIAL DATA
TXN002346,2026-08-20 23:02:36,2026-08-20,23:02:36,Thursday,23,17.455306,78.463547,ATM_HYD_902,Petrol Pump ATM - Medchal Highway,Isolated / Peripheral Zone,Hyderabad,25000,Branch_98,ATM_CASH_WITHDRAWAL,SYNTHETIC / SIMULATED DATA — NOT REAL FINANCIAL DATA
TXN001342,2026-08-20 23:45:42,2026-08-20,23:45:42,Thursday,23,17.449798,78.392028,ATM_HYD_202,SBI ATM - Hitec City Metro Pillar 24,Madhapur Tech Corridor,Hyderabad,20000,Branch_48,ATM_CASH_WITHDRAWAL,SYNTHETIC / SIMULATED DATA — NOT REAL FINANCIAL DATA
TXN001695,2026-08-21 00:43:52,2026-08-21,00:43:52,Friday,0,17.443641,78.396854,ATM_HYD_203,HDFC Bank E-Corner - Inorbit Road,Madhapur Tech Corridor,Hyderabad,25000,Branch_34,ATM_CASH_WITHDRAWAL,SYNTHETIC / SIMULATED DATA — NOT REAL FINANCIAL DATA
TXN002317,2026-08-21 02:56:17,2026-08-21,02:56:17,Friday,2,17.441191,78.447984,ATM_HYD_904,Express ATM - Uppal Outskirts,Isolated / Peripheral Zone,Hyderabad,50000,Branch_60,ATM_CASH_WITHDRAWAL,SYNTHETIC / SIMULATED DATA — NOT REAL FINANCIAL DATA
TXN002090,2026-08-21 06:26:02,2026-08-21,06:26:02,Friday,6,17.451224,78.391188,ATM_HYD_203,HDFC Bank E-Corner - Inorbit Road,Madhapur Tech Corridor,Hyderabad,15000,Branch_14,ATM_CASH_WITHDRAWAL,SYNTHETIC / SIMULATED DATA — NOT REAL FINANCIAL DATA
TXN001584,2026-08-21 06:35:14,2026-08-21,06:35:14,Friday,6,17.448437,78.382761,ATM_HYD_202,SBI ATM - Hitec City Metro Pillar 24,Madhapur Tech Corridor,Hyderabad,20000,Branch_19,ATM_CASH_WITHDRAWAL,SYNTHETIC / SIMULATED DATA — NOT REAL FINANCIAL DATA
TXN001313,2026-08-21 07:33:31,2026-08-21,07:33:31,Friday,7,17.446288,78.385789,ATM_HYD_204,ICICI Bank Express ATM - Madhapur Police Station,Madhapur Tech Corridor,Hyderabad,10000,Branch_49,ATM_CASH_WITHDRAWAL,SYNTHETIC / SIMULATED DATA — NOT REAL FINANCIAL DATA
TXN001400,2026-08-21 08:13:47,2026-08-21,08:13:47,Friday,8,17.444152,78.509619,ATM_HYD_303,SBI Multi-Service Lounge - Station Rd,Secunderabad Station Transit Hub,Hyderabad,20000,Branch_29,ATM_CASH_WITHDRAWAL,SYNTHETIC / SIMULATED DATA — NOT REAL FINANCIAL DATA
TXN002179,2026-08-21 10:20:26,2026-08-21,10:20:26,Friday,10,17.442006,78.500787,ATM_HYD_302,Bank of Baroda ATM - Clock Tower Cir,Secunderabad Station Transit Hub,Hyderabad,38000,Branch_19,ATM_CASH_WITHDRAWAL,SYNTHETIC / SIMULATED DATA — NOT REAL FINANCIAL DATA
TXN001436,2026-08-21 10:45:50,2026-08-21,10:45:50,Friday,10,17.432587,78.457565,ATM_HYD_102,HDFC 24x7 Cash Point - Maitrivanam,Ameerpet Commercial Hub,Hyderabad,30000,Branch_24,ATM_CASH_WITHDRAWAL,SYNTHETIC / SIMULATED DATA — NOT REAL FINANCIAL DATA
TXN000281,2026-08-21 11:13:08,2026-08-21,11:13:08,Friday,11,17.359777,78.524712,ATM_HYD_403,HDFC Cash Machine - Malakpet Link,Dilsukhnagar Market Corridor,Hyderabad,40000,Branch_11,ATM_CASH_WITHDRAWAL,SYNTHETIC / SIMULATED DATA — NOT REAL FINANCIAL DATA
TXN001881,2026-08-21 12:13:05,2026-08-21,12:13:05,Friday,12,17.439774,78.498574,ATM_HYD_304,Union Bank ATM - Patny Circle,Secunderabad Station Transit Hub,Hyderabad,25000,Branch_49,ATM_CASH_WITHDRAWAL,SYNTHETIC / SIMULATED DATA — NOT REAL FINANCIAL DATA
TXN001889,2026-08-21 12:24:23,2026-08-21,12:24:23,Friday,12,17.434237,78.498278,ATM_HYD_304,Union Bank ATM - Patny Circle,Secunderabad Station Transit Hub,Hyderabad,20000,Branch_10,ATM_CASH_WITHDRAWAL,SYNTHETIC / SIMULATED DATA — NOT REAL FINANCIAL DATA
TXN001179,2026-08-21 12:41:15,2026-08-21,12:41:15,Friday,12,17.439286,78.49873,ATM_HYD_301,Punjab National Bank - Railway Gate 1,Secunderabad Station Transit Hub,Hyderabad,30000,Branch_44,ATM_CASH_WITHDRAWAL,SYNTHETIC / SIMULATED DATA — NOT REAL FINANCIAL DATA
TXN001095,2026-08-21 13:19:36,2026-08-21,13:19:36,Friday,13,17.438469,78.447381,ATM_HYD_105,Canara Bank Express ATM - SR Nagar,Ameerpet Commercial Hub,Hyderabad,20000,Branch_24,ATM_CASH_WITHDRAWAL,SYNTHETIC / SIMULATED DATA — NOT REAL FINANCIAL DATA
TXN000026,2026-08-21 13:31:32,2026-08-21,13:31:32,Friday,13,17.365759,78.523599,ATM_HYD_404,Canara Bank ATM - Dilsukhnagar Bus Depot,Dilsukhnagar Market Corridor,Hyderabad,20000,Branch_22,ATM_CASH_WITHDRAWAL,SYNTHETIC / SIMULATED DATA — NOT REAL FINANCIAL DATA
TXN001599,2026-08-21 13:38:49,2026-08-21,13:38:49,Friday,13,17.435509,78.448374,ATM_HYD_102,HDFC 24x7 Cash Point - Maitrivanam,Ameerpet Commercial Hub,Hyderabad,10000,Branch_33,ATM_CASH_WITHDRAWAL,SYNTHETIC / SIMULATED DATA — NOT REAL FINANCIAL DATA
TXN002112,2026-08-21 13:40:21,2026-08-21,13:40:21,Friday,13,17.436863,78.453662,ATM_HYD_101,SBI Kiosk - Ameerpet Metro Junction,Ameerpet Commercial Hub,Hyderabad,32000,Branch_11,ATM_CASH_WITHDRAWAL,SYNTHETIC / SIMULATED DATA — NOT REAL FINANCIAL DATA
TXN001359,2026-08-21 13:53:40,2026-08-21,13:53:40,Friday,13,17.435949,78.452589,ATM_HYD_105,Canara Bank Express ATM - SR Nagar,Ameerpet Commercial Hub,Hyderabad,25000,Branch_16,ATM_CASH_WITHDRAWAL,SYNTHETIC / SIMULATED DATA — NOT REAL FINANCIAL DATA
TXN001260,2026-08-21 13:56:43,2026-08-21,13:56:43,Friday,13,17.441201,78.505457,ATM_HYD_304,Union Bank ATM - Patny Circle,Secunderabad Station Transit Hub,Hyderabad,20000,Branch_26,ATM_CASH_WITHDRAWAL,SYNTHETIC / SIMULATED DATA — NOT REAL FINANCIAL DATA
TXN001066,2026-08-21 14:07:48,2026-08-21,14:07:48,Friday,14,17.439582,78.5078,ATM_HYD_304,Union Bank ATM - Patny Circle,Secunderabad Station Transit Hub,Hyderabad,10000,Branch_17,ATM_CASH_WITHDRAWAL,SYNTHETIC / SIMULATED DATA — NOT REAL FINANCIAL DATA
TXN000485,2026-08-21 14:16:54,2026-08-21,14:16:54,Friday,14,17.439398,78.504594,ATM_HYD_303,SBI Multi-Service Lounge - Station Rd,Secunderabad Station Transit Hub,Hyderabad,8000,Branch_29,ATM_CASH_WITHDRAWAL,SYNTHETIC / SIMULATED DATA — NOT REAL FINANCIAL DATA
TXN001408,2026-08-21 14:24:38,2026-08-21,14:24:38,Friday,14,17.369777,78.525202,ATM_HYD_401,SBI Express ATM - Dilsukhnagar Metro,Dilsukhnagar Market Corridor,Hyderabad,50000,Branch_27,ATM_CASH_WITHDRAWAL,SYNTHETIC / SIMULATED DATA — NOT REAL FINANCIAL DATA
TXN002334,2026-08-21 15:48:34,2026-08-21,15:48:34,Friday,15,17.353854,78.342362,ATM_HYD_902,Petrol Pump ATM - Medchal Highway,Isolated / Peripheral Zone,Hyderabad,40000,Branch_84,ATM_CASH_WITHDRAWAL,SYNTHETIC / SIMULATED DATA — NOT REAL FINANCIAL DATA
TXN000970,2026-08-21 16:51:58,2026-08-21,16:51:58,Friday,16,17.445076,78.389343,ATM_HYD_203,HDFC Bank E-Corner - Inorbit Road,Madhapur Tech Corridor,Hyderabad,10000,Branch_31,ATM_CASH_WITHDRAWAL,SYNTHETIC / SIMULATED DATA — NOT REAL FINANCIAL DATA
TXN000744,2026-08-21 17:06:04,2026-08-21,17:06:04,Friday,17,17.449731,78.394462,ATM_HYD_201,Kotak ATM - Cyber Towers Concourse,Madhapur Tech Corridor,Hyderabad,40000,Branch_40,ATM_CASH_WITHDRAWAL,SYNTHETIC / SIMULATED DATA — NOT REAL FINANCIAL DATA
TXN002497,2026-08-21 17:37:59,2026-08-21,17:37:59,Friday,17,17.354256,78.49709,ATM_HYD_902,Petrol Pump ATM - Medchal Highway,Isolated / Peripheral Zone,Hyderabad,30000,Branch_92,ATM_CASH_WITHDRAWAL,SYNTHETIC / SIMULATED DATA — NOT REAL FINANCIAL DATA
TXN001115,2026-08-21 18:54:33,2026-08-21,18:54:33,Friday,18,17.450988,78.506937,ATM_HYD_302,Bank of Baroda ATM - Clock Tower Cir,Secunderabad Station Transit Hub,Hyderabad,25000,Branch_26,ATM_CASH_WITHDRAWAL,SYNTHETIC / SIMULATED DATA — NOT REAL FINANCIAL DATA
TXN002499,2026-08-21 18:56:29,2026-08-21,18:56:29,Friday,18,17.400743,78.472334,ATM_HYD_901,Rural Kiosk - Outer Ring Road Exit 4,Isolated / Peripheral Zone,Hyderabad,25000,Branch_61,ATM_CASH_WITHDRAWAL,SYNTHETIC / SIMULATED DATA — NOT REAL FINANCIAL DATA
TXN002348,2026-08-21 19:27:14,2026-08-21,19:27:14,Friday,19,17.468134,78.475638,ATM_HYD_905,Highway Kiosk - Patancheru Depot,Isolated / Peripheral Zone,Hyderabad,10000,Branch_69,ATM_CASH_WITHDRAWAL,SYNTHETIC / SIMULATED DATA — NOT REAL FINANCIAL DATA
TXN002115,2026-08-21 19:41:20,2026-08-21,19:41:20,Friday,19,17.437532,78.505557,ATM_HYD_302,Bank of Baroda ATM - Clock Tower Cir,Secunderabad Station Transit Hub,Hyderabad,10000,Branch_32,ATM_CASH_WITHDRAWAL,SYNTHETIC / SIMULATED DATA — NOT REAL FINANCIAL DATA
TXN000055,2026-08-21 20:06:22,2026-08-21,20:06:22,Friday,20,17.435598,78.50234,ATM_HYD_303,SBI Multi-Service Lounge - Station Rd,Secunderabad Station Transit Hub,Hyderabad,25000,Branch_36,ATM_CASH_WITHDRAWAL,SYNTHETIC / SIMULATED DATA — NOT REAL FINANCIAL DATA
TXN000914,2026-08-21 20:08:12,2026-08-21,20:08:12,Friday,20,17.44399,78.387006,ATM_HYD_205,IndusInd Bank 24/7 ATM - Kavuri Hills,Madhapur Tech Corridor,Hyderabad,25000,Branch_33,ATM_CASH_WITHDRAWAL,SYNTHETIC / SIMULATED DATA — NOT REAL FINANCIAL DATA
TXN001435,2026-08-21 20:24:03,2026-08-21,20:24:03,Friday,20,17.437838,78.447146,ATM_HYD_104,Axis Bank ATM - Elephant House,Ameerpet Commercial Hub,Hyderabad,20000,Branch_31,ATM_CASH_WITHDRAWAL,SYNTHETIC / SIMULATED DATA — NOT REAL FINANCIAL DATA
TXN001232,2026-08-21 20:31:00,2026-08-21,20:31:00,Friday,20,17.434971,78.440086,ATM_HYD_103,ICICI e-Lobby - Ameerpet Cross Roads,Ameerpet Commercial Hub,Hyderabad,12000,Branch_14,ATM_CASH_WITHDRAWAL,SYNTHETIC / SIMULATED DATA — NOT REAL FINANCIAL DATA
TXN000486,2026-08-21 21:02:05,2026-08-21,21:02:05,Friday,21,17.369086,78.522835,ATM_HYD_401,SBI Express ATM - Dilsukhnagar Metro,Dilsukhnagar Market Corridor,Hyderabad,20000,Branch_15,ATM_CASH_WITHDRAWAL,SYNTHETIC / SIMULATED DATA — NOT REAL FINANCIAL DATA
TXN001652,2026-08-21 21:20:57,2026-08-21,21:20:57,Friday,21,17.436692,78.443781,ATM_HYD_103,ICICI e-Lobby - Ameerpet Cross Roads,Ameerpet Commercial Hub,Hyderabad,25000,Branch_14,ATM_CASH_WITHDRAWAL,SYNTHETIC / SIMULATED DATA — NOT REAL FINANCIAL DATA
TXN000673,2026-08-21 21:23:24,2026-08-21,21:23:24,Friday,21,17.434379,78.448084,ATM_HYD_101,SBI Kiosk - Ameerpet Metro Junction,Ameerpet Commercial Hub,Hyderabad,15000,Branch_39,ATM_CASH_WITHDRAWAL,SYNTHETIC / SIMULATED DATA — NOT REAL FINANCIAL DATA
TXN001953,2026-08-21 21:28:26,2026-08-21,21:28:26,Friday,21,17.440783,78.504545,ATM_HYD_304,Union Bank ATM - Patny Circle,Secunderabad Station Transit Hub,Hyderabad,30000,Branch_21,ATM_CASH_WITHDRAWAL,SYNTHETIC / SIMULATED DATA — NOT REAL FINANCIAL DATA
TXN000734,2026-08-21 22:04:30,2026-08-21,22:04:30,Friday,22,17.450579,78.387111,ATM_HYD_201,Kotak ATM - Cyber Towers Concourse,Madhapur Tech Corridor,Hyderabad,15000,Branch_16,ATM_CASH_WITHDRAWAL,SYNTHETIC / SIMULATED DATA — NOT REAL FINANCIAL DATA
TXN001193,2026-08-21 22:05:42,2026-08-21,22:05:42,Friday,22,17.452477,78.400679,ATM_HYD_205,IndusInd Bank 24/7 ATM - Kavuri Hills,Madhapur Tech Corridor,Hyderabad,50000,Branch_21,ATM_CASH_WITHDRAWAL,SYNTHETIC / SIMULATED DATA — NOT REAL FINANCIAL DATA
TXN001771,2026-08-21 22:52:50,2026-08-21,22:52:50,Friday,22,17.45285,78.390455,ATM_HYD_205,IndusInd Bank 24/7 ATM - Kavuri Hills,Madhapur Tech Corridor,Hyderabad,23000,Branch_38,ATM_CASH_WITHDRAWAL,SYNTHETIC / SIMULATED DATA — NOT REAL FINANCIAL DATA
TXN002351,2026-08-22 01:11:41,2026-08-22,01:11:41,Saturday,1,17.431309,78.43696,ATM_HYD_905,Highway Kiosk - Patancheru Depot,Isolated / Peripheral Zone,Hyderabad,20000,Branch_51,ATM_CASH_WITHDRAWAL,SYNTHETIC / SIMULATED DATA — NOT REAL FINANCIAL DATA
TXN001486,2026-08-22 02:43:33,2026-08-22,02:43:33,Saturday,2,17.453013,78.39169,ATM_HYD_204,ICICI Bank Express ATM - Madhapur Police Station,Madhapur Tech Corridor,Hyderabad,10000,Branch_42,ATM_CASH_WITHDRAWAL,SYNTHETIC / SIMULATED DATA — NOT REAL FINANCIAL DATA
TXN001442,2026-08-22 04:17:41,2026-08-22,04:17:41,Saturday,4,17.446379,78.440298,ATM_HYD_102,HDFC 24x7 Cash Point - Maitrivanam,Ameerpet Commercial Hub,Hyderabad,20000,Branch_10,ATM_CASH_WITHDRAWAL,SYNTHETIC / SIMULATED DATA — NOT REAL FINANCIAL DATA
TXN001530,2026-08-22 06:57:30,2026-08-22,06:57:30,Saturday,6,17.447469,78.399525,ATM_HYD_203,HDFC Bank E-Corner - Inorbit Road,Madhapur Tech Corridor,Hyderabad,25000,Branch_26,ATM_CASH_WITHDRAWAL,SYNTHETIC / SIMULATED DATA — NOT REAL FINANCIAL DATA
TXN001317,2026-08-22 07:31:59,2026-08-22,07:31:59,Saturday,7,17.449034,78.389333,ATM_HYD_202,SBI ATM - Hitec City Metro Pillar 24,Madhapur Tech Corridor,Hyderabad,20000,Branch_25,ATM_CASH_WITHDRAWAL,SYNTHETIC / SIMULATED DATA — NOT REAL FINANCIAL DATA
TXN001363,2026-08-22 09:57:37,2026-08-22,09:57:37,Saturday,9,17.436132,78.501701,ATM_HYD_301,Punjab National Bank - Railway Gate 1,Secunderabad Station Transit Hub,Hyderabad,45000,Branch_20,ATM_CASH_WITHDRAWAL,SYNTHETIC / SIMULATED DATA — NOT REAL FINANCIAL DATA
TXN002126,2026-08-22 12:09:00,2026-08-22,12:09:00,Saturday,12,17.439073,78.502366,ATM_HYD_302,Bank of Baroda ATM - Clock Tower Cir,Secunderabad Station Transit Hub,Hyderabad,15000,Branch_11,ATM_CASH_WITHDRAWAL,SYNTHETIC / SIMULATED DATA — NOT REAL FINANCIAL DATA
TXN002165,2026-08-22 12:17:19,2026-08-22,12:17:19,Saturday,12,17.445962,78.389412,ATM_HYD_202,SBI ATM - Hitec City Metro Pillar 24,Madhapur Tech Corridor,Hyderabad,18000,Branch_41,ATM_CASH_WITHDRAWAL,SYNTHETIC / SIMULATED DATA — NOT REAL FINANCIAL DATA
TXN000710,2026-08-22 12:29:59,2026-08-22,12:29:59,Saturday,12,17.440438,78.500711,ATM_HYD_303,SBI Multi-Service Lounge - Station Rd,Secunderabad Station Transit Hub,Hyderabad,50000,Branch_10,ATM_CASH_WITHDRAWAL,SYNTHETIC / SIMULATED DATA — NOT REAL FINANCIAL DATA
TXN001929,2026-08-22 12:35:04,2026-08-22,12:35:04,Saturday,12,17.444108,78.498872,ATM_HYD_301,Punjab National Bank - Railway Gate 1,Secunderabad Station Transit Hub,Hyderabad,20000,Branch_25,ATM_CASH_WITHDRAWAL,SYNTHETIC / SIMULATED DATA — NOT REAL FINANCIAL DATA
TXN000724,2026-08-22 13:30:49,2026-08-22,13:30:49,Saturday,13,17.443215,78.500662,ATM_HYD_304,Union Bank ATM - Patny Circle,Secunderabad Station Transit Hub,Hyderabad,50000,Branch_37,ATM_CASH_WITHDRAWAL,SYNTHETIC / SIMULATED DATA — NOT REAL FINANCIAL DATA
TXN001957,2026-08-22 13:46:45,2026-08-22,13:46:45,Saturday,13,17.436823,78.499371,ATM_HYD_303,SBI Multi-Service Lounge - Station Rd,Secunderabad Station Transit Hub,Hyderabad,15000,Branch_39,ATM_CASH_WITHDRAWAL,SYNTHETIC / SIMULATED DATA — NOT REAL FINANCIAL DATA
TXN000004,2026-08-22 13:51:55,2026-08-22,13:51:55,Saturday,13,17.443092,78.502669,ATM_HYD_304,Union Bank ATM - Patny Circle,Secunderabad Station Transit Hub,Hyderabad,18000,Branch_37,ATM_CASH_WITHDRAWAL,SYNTHETIC / SIMULATED DATA — NOT REAL FINANCIAL DATA
TXN001318,2026-08-22 14:36:10,2026-08-22,14:36:10,Saturday,14,17.441408,78.503158,ATM_HYD_304,Union Bank ATM - Patny Circle,Secunderabad Station Transit Hub,Hyderabad,20000,Branch_33,ATM_CASH_WITHDRAWAL,SYNTHETIC / SIMULATED DATA — NOT REAL FINANCIAL DATA
TXN000348,2026-08-22 15:03:35,2026-08-22,15:03:35,Saturday,15,17.437976,78.450729,ATM_HYD_105,Canara Bank Express ATM - SR Nagar,Ameerpet Commercial Hub,Hyderabad,25000,Branch_21,ATM_CASH_WITHDRAWAL,SYNTHETIC / SIMULATED DATA — NOT REAL FINANCIAL DATA
TXN001051,2026-08-22 15:53:12,2026-08-22,15:53:12,Saturday,15,17.363858,78.522968,ATM_HYD_401,SBI Express ATM - Dilsukhnagar Metro,Dilsukhnagar Market Corridor,Hyderabad,10000,Branch_45,ATM_CASH_WITHDRAWAL,SYNTHETIC / SIMULATED DATA — NOT REAL FINANCIAL DATA
TXN000241,2026-08-22 15:53:45,2026-08-22,15:53:45,Saturday,15,17.36042,78.470151,ATM_HYD_502,SBI ATM - Gulzar Houz,Charminar Heritage Bazaar,Hyderabad,30000,Branch_19,ATM_CASH_WITHDRAWAL,SYNTHETIC / SIMULATED DATA — NOT REAL FINANCIAL DATA
TXN002276,2026-08-22 16:24:15,2026-08-22,16:24:15,Saturday,16,17.368086,78.574103,ATM_HYD_901,Rural Kiosk - Outer Ring Road Exit 4,Isolated / Peripheral Zone,Hyderabad,20000,Branch_70,ATM_CASH_WITHDRAWAL,SYNTHETIC / SIMULATED DATA — NOT REAL FINANCIAL DATA
TXN000513,2026-08-22 16:24:19,2026-08-22,16:24:19,Saturday,16,17.3621,78.475905,ATM_HYD_502,SBI ATM - Gulzar Houz,Charminar Heritage Bazaar,Hyderabad,40000,Branch_28,ATM_CASH_WITHDRAWAL,SYNTHETIC / SIMULATED DATA — NOT REAL FINANCIAL DATA
TXN000555,2026-08-22 16:41:26,2026-08-22,16:41:26,Saturday,16,17.364754,78.526312,ATM_HYD_402,Andhra Bank (UBI) ATM - Chaitanyapuri,Dilsukhnagar Market Corridor,Hyderabad,10000,Branch_10,ATM_CASH_WITHDRAWAL,SYNTHETIC / SIMULATED DATA — NOT REAL FINANCIAL DATA
TXN001749,2026-08-22 18:00:26,2026-08-22,18:00:26,Saturday,18,17.435326,78.507602,ATM_HYD_301,Punjab National Bank - Railway Gate 1,Secunderabad Station Transit Hub,Hyderabad,50000,Branch_26,ATM_CASH_WITHDRAWAL,SYNTHETIC / SIMULATED DATA — NOT REAL FINANCIAL DATA
TXN000807,2026-08-22 18:09:08,2026-08-22,18:09:08,Saturday,18,17.354291,78.472916,ATM_HYD_501,Bank of India - Madina Market,Charminar Heritage Bazaar,Hyderabad,10000,Branch_40,ATM_CASH_WITHDRAWAL,SYNTHETIC / SIMULATED DATA — NOT REAL FINANCIAL DATA
TXN000060,2026-08-22 18:25:21,2026-08-22,18:25:21,Saturday,18,17.447903,78.386091,ATM_HYD_202,SBI ATM - Hitec City Metro Pillar 24,Madhapur Tech Corridor,Hyderabad,25000,Branch_14,ATM_CASH_WITHDRAWAL,SYNTHETIC / SIMULATED DATA — NOT REAL FINANCIAL DATA
TXN001302,2026-08-22 18:39:13,2026-08-22,18:39:13,Saturday,18,17.360519,78.471783,ATM_HYD_503,HDFC Bank Kiosk - Nayapul Bridge,Charminar Heritage Bazaar,Hyderabad,25000,Branch_31,ATM_CASH_WITHDRAWAL,SYNTHETIC / SIMULATED DATA — NOT REAL FINANCIAL DATA
TXN000003,2026-08-22 19:01:35,2026-08-22,19:01:35,Saturday,19,17.437543,78.494885,ATM_HYD_301,Punjab National Bank - Railway Gate 1,Secunderabad Station Transit Hub,Hyderabad,30000,Branch_44,ATM_CASH_WITHDRAWAL,SYNTHETIC / SIMULATED DATA — NOT REAL FINANCIAL DATA
TXN000071,2026-08-22 19:27:02,2026-08-22,19:27:02,Saturday,19,17.437753,78.506992,ATM_HYD_303,SBI Multi-Service Lounge - Station Rd,Secunderabad Station Transit Hub,Hyderabad,23000,Branch_25,ATM_CASH_WITHDRAWAL,SYNTHETIC / SIMULATED DATA — NOT REAL FINANCIAL DATA
TXN001973,2026-08-22 19:32:05,2026-08-22,19:32:05,Saturday,19,17.443702,78.448071,ATM_HYD_105,Canara Bank Express ATM - SR Nagar,Ameerpet Commercial Hub,Hyderabad,20000,Branch_36,ATM_CASH_WITHDRAWAL,SYNTHETIC / SIMULATED DATA — NOT REAL FINANCIAL DATA
TXN002132,2026-08-22 19:53:03,2026-08-22,19:53:03,Saturday,19,17.439523,78.454427,ATM_HYD_105,Canara Bank Express ATM - SR Nagar,Ameerpet Commercial Hub,Hyderabad,30000,Branch_38,ATM_CASH_WITHDRAWAL,SYNTHETIC / SIMULATED DATA — NOT REAL FINANCIAL DATA
TXN001069,2026-08-22 19:54:27,2026-08-22,19:54:27,Saturday,19,17.445394,78.390945,ATM_HYD_204,ICICI Bank Express ATM - Madhapur Police Station,Madhapur Tech Corridor,Hyderabad,25000,Branch_14,ATM_CASH_WITHDRAWAL,SYNTHETIC / SIMULATED DATA — NOT REAL FINANCIAL DATA
TXN001621,2026-08-22 19:56:42,2026-08-22,19:56:42,Saturday,19,17.447621,78.397033,ATM_HYD_203,HDFC Bank E-Corner - Inorbit Road,Madhapur Tech Corridor,Hyderabad,30000,Branch_36,ATM_CASH_WITHDRAWAL,SYNTHETIC / SIMULATED DATA — NOT REAL FINANCIAL DATA
TXN001758,2026-08-22 20:30:19,2026-08-22,20:30:19,Saturday,20,17.44222,78.391146,ATM_HYD_205,IndusInd Bank 24/7 ATM - Kavuri Hills,Madhapur Tech Corridor,Hyderabad,15000,Branch_24,ATM_CASH_WITHDRAWAL,SYNTHETIC / SIMULATED DATA — NOT REAL FINANCIAL DATA
TXN002105,2026-08-22 21:17:06,2026-08-22,21:17:06,Saturday,21,17.368786,78.524552,ATM_HYD_404,Canara Bank ATM - Dilsukhnagar Bus Depot,Dilsukhnagar Market Corridor,Hyderabad,20000,Branch_41,ATM_CASH_WITHDRAWAL,SYNTHETIC / SIMULATED DATA — NOT REAL FINANCIAL DATA
TXN002321,2026-08-22 21:29:57,2026-08-22,21:29:57,Saturday,21,17.358664,78.509023,ATM_HYD_904,Express ATM - Uppal Outskirts,Isolated / Peripheral Zone,Hyderabad,20000,Branch_52,ATM_CASH_WITHDRAWAL,SYNTHETIC / SIMULATED DATA — NOT REAL FINANCIAL DATA
TXN000074,2026-08-22 21:33:29,2026-08-22,21:33:29,Saturday,21,17.37022,78.530051,ATM_HYD_404,Canara Bank ATM - Dilsukhnagar Bus Depot,Dilsukhnagar Market Corridor,Hyderabad,48000,Branch_17,ATM_CASH_WITHDRAWAL,SYNTHETIC / SIMULATED DATA — NOT REAL FINANCIAL DATA
TXN000351,2026-08-22 22:09:51,2026-08-22,22:09:51,Saturday,22,17.444016,78.393446,ATM_HYD_202,SBI ATM - Hitec City Metro Pillar 24,Madhapur Tech Corridor,Hyderabad,40000,Branch_13,ATM_CASH_WITHDRAWAL,SYNTHETIC / SIMULATED DATA — NOT REAL FINANCIAL DATA
TXN000954,2026-08-22 22:52:49,2026-08-22,22:52:49,Saturday,22,17.358921,78.477307,ATM_HYD_503,HDFC Bank Kiosk - Nayapul Bridge,Charminar Heritage Bazaar,Hyderabad,20000,Branch_46,ATM_CASH_WITHDRAWAL,SYNTHETIC / SIMULATED DATA — NOT REAL FINANCIAL DATA
TXN000196,2026-08-22 22:59:19,2026-08-22,22:59:19,Saturday,22,17.452534,78.394214,ATM_HYD_205,IndusInd Bank 24/7 ATM - Kavuri Hills,Madhapur Tech Corridor,Hyderabad,10000,Branch_49,ATM_CASH_WITHDRAWAL,SYNTHETIC / SIMULATED DATA — NOT REAL FINANCIAL DATA
TXN002087,2026-08-22 23:13:05,2026-08-22,23:13:05,Saturday,23,17.438013,78.453141,ATM_HYD_105,Canara Bank Express ATM - SR Nagar,Ameerpet Commercial Hub,Hyderabad,25000,Branch_19,ATM_CASH_WITHDRAWAL,SYNTHETIC / SIMULATED DATA — NOT REAL FINANCIAL DATA
TXN002093,2026-08-22 23:19:44,2026-08-22,23:19:44,Saturday,23,17.440883,78.445379,ATM_HYD_101,SBI Kiosk - Ameerpet Metro Junction,Ameerpet Commercial Hub,Hyderabad,10000,Branch_35,ATM_CASH_WITHDRAWAL,SYNTHETIC / SIMULATED DATA — NOT REAL FINANCIAL DATA
TXN000229,2026-08-22 23:53:00,2026-08-22,23:53:00,Saturday,23,17.366928,78.523726,ATM_HYD_402,Andhra Bank (UBI) ATM - Chaitanyapuri,Dilsukhnagar Market Corridor,Hyderabad,25000,Branch_28,ATM_CASH_WITHDRAWAL,SYNTHETIC / SIMULATED DATA — NOT REAL FINANCIAL DATA
TXN002414,2026-08-23 00:26:28,2026-08-23,00:26:28,Sunday,0,17.49532,78.503439,ATM_HYD_903,Market Yard Cash Point - Shamshabad Link,Isolated / Peripheral Zone,Hyderabad,20000,Branch_81,ATM_CASH_WITHDRAWAL,SYNTHETIC / SIMULATED DATA — NOT REAL FINANCIAL DATA
TXN001329,2026-08-23 00:46:35,2026-08-23,00:46:35,Sunday,0,17.440958,78.502742,ATM_HYD_302,Bank of Baroda ATM - Clock Tower Cir,Secunderabad Station Transit Hub,Hyderabad,25000,Branch_24,ATM_CASH_WITHDRAWAL,SYNTHETIC / SIMULATED DATA — NOT REAL FINANCIAL DATA
TXN002081,2026-08-23 01:14:23,2026-08-23,01:14:23,Sunday,1,17.43254,78.444721,ATM_HYD_101,SBI Kiosk - Ameerpet Metro Junction,Ameerpet Commercial Hub,Hyderabad,25000,Branch_17,ATM_CASH_WITHDRAWAL,SYNTHETIC / SIMULATED DATA — NOT REAL FINANCIAL DATA
TXN002019,2026-08-23 04:57:52,2026-08-23,04:57:52,Sunday,4,17.439966,78.445187,ATM_HYD_103,ICICI e-Lobby - Ameerpet Cross Roads,Ameerpet Commercial Hub,Hyderabad,20000,Branch_29,ATM_CASH_WITHDRAWAL,SYNTHETIC / SIMULATED DATA — NOT REAL FINANCIAL DATA
TXN002468,2026-08-23 04:59:07,2026-08-23,04:59:07,Sunday,4,17.452799,78.343871,ATM_HYD_904,Express ATM - Uppal Outskirts,Isolated / Peripheral Zone,Hyderabad,20000,Branch_94,ATM_CASH_WITHDRAWAL,SYNTHETIC / SIMULATED DATA — NOT REAL FINANCIAL DATA
TXN001377,2026-08-23 05:37:55,2026-08-23,05:37:55,Sunday,5,17.447733,78.394923,ATM_HYD_201,Kotak ATM - Cyber Towers Concourse,Madhapur Tech Corridor,Hyderabad,30000,Branch_25,ATM_CASH_WITHDRAWAL,SYNTHETIC / SIMULATED DATA — NOT REAL FINANCIAL DATA
TXN002330,2026-08-23 06:47:15,2026-08-23,06:47:15,Sunday,6,17.487663,78.531482,ATM_HYD_905,Highway Kiosk - Patancheru Depot,Isolated / Peripheral Zone,Hyderabad,10000,Branch_81,ATM_CASH_WITHDRAWAL,SYNTHETIC / SIMULATED DATA — NOT REAL FINANCIAL DATA
TXN002350,2026-08-23 07:29:46,2026-08-23,07:29:46,Sunday,7,17.466935,78.568278,ATM_HYD_905,Highway Kiosk - Patancheru Depot,Isolated / Peripheral Zone,Hyderabad,10000,Branch_66,ATM_CASH_WITHDRAWAL,SYNTHETIC / SIMULATED DATA — NOT REAL FINANCIAL DATA
TXN000346,2026-08-23 11:08:32,2026-08-23,11:08:32,Sunday,11,17.436368,78.513366,ATM_HYD_304,Union Bank ATM - Patny Circle,Secunderabad Station Transit Hub,Hyderabad,20000,Branch_24,ATM_CASH_WITHDRAWAL,SYNTHETIC / SIMULATED DATA — NOT REAL FINANCIAL DATA
TXN001931,2026-08-23 12:02:13,2026-08-23,12:02:13,Sunday,12,17.441875,78.49674,ATM_HYD_301,Punjab National Bank - Railway Gate 1,Secunderabad Station Transit Hub,Hyderabad,20000,Branch_15,ATM_CASH_WITHDRAWAL,SYNTHETIC / SIMULATED DATA — NOT REAL FINANCIAL DATA
TXN001557,2026-08-23 12:54:01,2026-08-23,12:54:01,Sunday,12,17.439154,78.497906,ATM_HYD_301,Punjab National Bank - Railway Gate 1,Secunderabad Station Transit Hub,Hyderabad,15000,Branch_40,ATM_CASH_WITHDRAWAL,SYNTHETIC / SIMULATED DATA — NOT REAL FINANCIAL DATA
TXN001195,2026-08-23 13:01:22,2026-08-23,13:01:22,Sunday,13,17.431759,78.445867,ATM_HYD_103,ICICI e-Lobby - Ameerpet Cross Roads,Ameerpet Commercial Hub,Hyderabad,50000,Branch_32,ATM_CASH_WITHDRAWAL,SYNTHETIC / SIMULATED DATA — NOT REAL FINANCIAL DATA
TXN001106,2026-08-23 13:09:12,2026-08-23,13:09:12,Sunday,13,17.434938,78.447252,ATM_HYD_105,Canara Bank Express ATM - SR Nagar,Ameerpet Commercial Hub,Hyderabad,42000,Branch_39,ATM_CASH_WITHDRAWAL,SYNTHETIC / SIMULATED DATA — NOT REAL FINANCIAL DATA
TXN002489,2026-08-23 13:10:39,2026-08-23,13:10:39,Sunday,13,17.348955,78.579918,ATM_HYD_902,Petrol Pump ATM - Medchal Highway,Isolated / Peripheral Zone,Hyderabad,15000,Branch_59,ATM_CASH_WITHDRAWAL,SYNTHETIC / SIMULATED DATA — NOT REAL FINANCIAL DATA
TXN001015,2026-08-23 13:21:49,2026-08-23,13:21:49,Sunday,13,17.440655,78.498081,ATM_HYD_301,Punjab National Bank - Railway Gate 1,Secunderabad Station Transit Hub,Hyderabad,50000,Branch_31,ATM_CASH_WITHDRAWAL,SYNTHETIC / SIMULATED DATA — NOT REAL FINANCIAL DATA
TXN001322,2026-08-23 13:22:57,2026-08-23,13:22:57,Sunday,13,17.439645,78.447744,ATM_HYD_104,Axis Bank ATM - Elephant House,Ameerpet Commercial Hub,Hyderabad,15000,Branch_42,ATM_CASH_WITHDRAWAL,SYNTHETIC / SIMULATED DATA — NOT REAL FINANCIAL DATA
TXN002323,2026-08-23 14:09:00,2026-08-23,14:09:00,Sunday,14,17.460358,78.568123,ATM_HYD_902,Petrol Pump ATM - Medchal Highway,Isolated / Peripheral Zone,Hyderabad,40000,Branch_58,ATM_CASH_WITHDRAWAL,SYNTHETIC / SIMULATED DATA — NOT REAL FINANCIAL DATA
TXN001207,2026-08-23 14:26:58,2026-08-23,14:26:58,Sunday,14,17.434198,78.504885,ATM_HYD_304,Union Bank ATM - Patny Circle,Secunderabad Station Transit Hub,Hyderabad,20000,Branch_39,ATM_CASH_WITHDRAWAL,SYNTHETIC / SIMULATED DATA — NOT REAL FINANCIAL DATA
TXN001507,2026-08-23 14:30:03,2026-08-23,14:30:03,Sunday,14,17.441511,78.499388,ATM_HYD_303,SBI Multi-Service Lounge - Station Rd,Secunderabad Station Transit Hub,Hyderabad,10000,Branch_13,ATM_CASH_WITHDRAWAL,SYNTHETIC / SIMULATED DATA — NOT REAL FINANCIAL DATA
TXN000445,2026-08-23 14:45:06,2026-08-23,14:45:06,Sunday,14,17.363599,78.514541,ATM_HYD_403,HDFC Cash Machine - Malakpet Link,Dilsukhnagar Market Corridor,Hyderabad,42000,Branch_14,ATM_CASH_WITHDRAWAL,SYNTHETIC / SIMULATED DATA — NOT REAL FINANCIAL DATA
TXN001847,2026-08-23 14:58:23,2026-08-23,14:58:23,Sunday,14,17.437288,78.444648,ATM_HYD_104,Axis Bank ATM - Elephant House,Ameerpet Commercial Hub,Hyderabad,30000,Branch_23,ATM_CASH_WITHDRAWAL,SYNTHETIC / SIMULATED DATA — NOT REAL FINANCIAL DATA
TXN001817,2026-08-23 15:03:36,2026-08-23,15:03:36,Sunday,15,17.445198,78.449645,ATM_HYD_101,SBI Kiosk - Ameerpet Metro Junction,Ameerpet Commercial Hub,Hyderabad,50000,Branch_43,ATM_CASH_WITHDRAWAL,SYNTHETIC / SIMULATED DATA — NOT REAL FINANCIAL DATA
TXN000591,2026-08-23 15:16:29,2026-08-23,15:16:29,Sunday,15,17.438875,78.439831,ATM_HYD_103,ICICI e-Lobby - Ameerpet Cross Roads,Ameerpet Commercial Hub,Hyderabad,23000,Branch_12,ATM_CASH_WITHDRAWAL,SYNTHETIC / SIMULATED DATA — NOT REAL FINANCIAL DATA
TXN002260,2026-08-23 15:57:02,2026-08-23,15:57:02,Sunday,15,17.449624,78.49727,ATM_HYD_903,Market Yard Cash Point - Shamshabad Link,Isolated / Peripheral Zone,Hyderabad,50000,Branch_90,ATM_CASH_WITHDRAWAL,SYNTHETIC / SIMULATED DATA — NOT REAL FINANCIAL DATA
TXN000151,2026-08-23 16:14:47,2026-08-23,16:14:47,Sunday,16,17.361228,78.5302,ATM_HYD_401,SBI Express ATM - Dilsukhnagar Metro,Dilsukhnagar Market Corridor,Hyderabad,8000,Branch_16,ATM_CASH_WITHDRAWAL,SYNTHETIC / SIMULATED DATA — NOT REAL FINANCIAL DATA
TXN001122,2026-08-23 16:58:28,2026-08-23,16:58:28,Sunday,16,17.362143,78.473503,ATM_HYD_501,Bank of India - Madina Market,Charminar Heritage Bazaar,Hyderabad,20000,Branch_36,ATM_CASH_WITHDRAWAL,SYNTHETIC / SIMULATED DATA — NOT REAL FINANCIAL DATA
TXN000800,2026-08-23 17:05:36,2026-08-23,17:05:36,Sunday,17,17.360189,78.476135,ATM_HYD_501,Bank of India - Madina Market,Charminar Heritage Bazaar,Hyderabad,10000,Branch_23,ATM_CASH_WITHDRAWAL,SYNTHETIC / SIMULATED DATA — NOT REAL FINANCIAL DATA
TXN002003,2026-08-23 17:11:02,2026-08-23,17:11:02,Sunday,17,17.374716,78.523016,ATM_HYD_402,Andhra Bank (UBI) ATM - Chaitanyapuri,Dilsukhnagar Market Corridor,Hyderabad,20000,Branch_27,ATM_CASH_WITHDRAWAL,SYNTHETIC / SIMULATED DATA — NOT REAL FINANCIAL DATA
TXN002034,2026-08-23 17:12:43,2026-08-23,17:12:43,Sunday,17,17.358987,78.478046,ATM_HYD_502,SBI ATM - Gulzar Houz,Charminar Heritage Bazaar,Hyderabad,20000,Branch_26,ATM_CASH_WITHDRAWAL,SYNTHETIC / SIMULATED DATA — NOT REAL FINANCIAL DATA
TXN001270,2026-08-23 17:51:38,2026-08-23,17:51:38,Sunday,17,17.439911,78.44496,ATM_HYD_102,HDFC 24x7 Cash Point - Maitrivanam,Ameerpet Commercial Hub,Hyderabad,40000,Branch_12,ATM_CASH_WITHDRAWAL,SYNTHETIC / SIMULATED DATA — NOT REAL FINANCIAL DATA
TXN001381,2026-08-23 18:46:29,2026-08-23,18:46:29,Sunday,18,17.440775,78.448508,ATM_HYD_102,HDFC 24x7 Cash Point - Maitrivanam,Ameerpet Commercial Hub,Hyderabad,20000,Branch_22,ATM_CASH_WITHDRAWAL,SYNTHETIC / SIMULATED DATA — NOT REAL FINANCIAL DATA
TXN002117,2026-08-23 19:06:58,2026-08-23,19:06:58,Sunday,19,17.454989,78.390597,ATM_HYD_205,IndusInd Bank 24/7 ATM - Kavuri Hills,Madhapur Tech Corridor,Hyderabad,15000,Branch_35,ATM_CASH_WITHDRAWAL,SYNTHETIC / SIMULATED DATA — NOT REAL FINANCIAL DATA
TXN002373,2026-08-23 19:07:48,2026-08-23,19:07:48,Sunday,19,17.342614,78.382096,ATM_HYD_904,Express ATM - Uppal Outskirts,Isolated / Peripheral Zone,Hyderabad,25000,Branch_87,ATM_CASH_WITHDRAWAL,SYNTHETIC / SIMULATED DATA — NOT REAL FINANCIAL DATA
TXN002137,2026-08-23 19:26:09,2026-08-23,19:26:09,Sunday,19,17.433063,78.44391,ATM_HYD_103,ICICI e-Lobby - Ameerpet Cross Roads,Ameerpet Commercial Hub,Hyderabad,25000,Branch_47,ATM_CASH_WITHDRAWAL,SYNTHETIC / SIMULATED DATA — NOT REAL FINANCIAL DATA
TXN002310,2026-08-23 19:37:16,2026-08-23,19:37:16,Sunday,19,17.472745,78.389329,ATM_HYD_901,Rural Kiosk - Outer Ring Road Exit 4,Isolated / Peripheral Zone,Hyderabad,20000,Branch_98,ATM_CASH_WITHDRAWAL,SYNTHETIC / SIMULATED DATA — NOT REAL FINANCIAL DATA
TXN001018,2026-08-23 19:49:54,2026-08-23,19:49:54,Sunday,19,17.45413,78.384941,ATM_HYD_203,HDFC Bank E-Corner - Inorbit Road,Madhapur Tech Corridor,Hyderabad,12000,Branch_28,ATM_CASH_WITHDRAWAL,SYNTHETIC / SIMULATED DATA — NOT REAL FINANCIAL DATA
TXN000589,2026-08-23 20:05:58,2026-08-23,20:05:58,Sunday,20,17.43905,78.450083,ATM_HYD_103,ICICI e-Lobby - Ameerpet Cross Roads,Ameerpet Commercial Hub,Hyderabad,25000,Branch_41,ATM_CASH_WITHDRAWAL,SYNTHETIC / SIMULATED DATA — NOT REAL FINANCIAL DATA
TXN001789,2026-08-23 20:16:16,2026-08-23,20:16:16,Sunday,20,17.438437,78.45371,ATM_HYD_105,Canara Bank Express ATM - SR Nagar,Ameerpet Commercial Hub,Hyderabad,27000,Branch_44,ATM_CASH_WITHDRAWAL,SYNTHETIC / SIMULATED DATA — NOT REAL FINANCIAL DATA
TXN000984,2026-08-23 20:17:18,2026-08-23,20:17:18,Sunday,20,17.438491,78.447581,ATM_HYD_101,SBI Kiosk - Ameerpet Metro Junction,Ameerpet Commercial Hub,Hyderabad,20000,Branch_30,ATM_CASH_WITHDRAWAL,SYNTHETIC / SIMULATED DATA — NOT REAL FINANCIAL DATA
TXN000731,2026-08-23 21:24:12,2026-08-23,21:24:12,Sunday,21,17.437525,78.447124,ATM_HYD_103,ICICI e-Lobby - Ameerpet Cross Roads,Ameerpet Commercial Hub,Hyderabad,35000,Branch_19,ATM_CASH_WITHDRAWAL,SYNTHETIC / SIMULATED DATA — NOT REAL FINANCIAL DATA
TXN001114,2026-08-23 21:46:32,2026-08-23,21:46:32,Sunday,21,17.446434,78.391441,ATM_HYD_204,ICICI Bank Express ATM - Madhapur Police Station,Madhapur Tech Corridor,Hyderabad,40000,Branch_16,ATM_CASH_WITHDRAWAL,SYNTHETIC / SIMULATED DATA — NOT REAL FINANCIAL DATA
TXN002319,2026-08-24 05:31:43,2026-08-24,05:31:43,Monday,5,17.400308,78.416107,ATM_HYD_901,Rural Kiosk - Outer Ring Road Exit 4,Isolated / Peripheral Zone,Hyderabad,25000,Branch_91,ATM_CASH_WITHDRAWAL,SYNTHETIC / SIMULATED DATA — NOT REAL FINANCIAL DATA
TXN002178,2026-08-24 13:28:47,2026-08-24,13:28:47,Monday,13,17.434798,78.506714,ATM_HYD_301,Punjab National Bank - Railway Gate 1,Secunderabad Station Transit Hub,Hyderabad,30000,Branch_12,ATM_CASH_WITHDRAWAL,SYNTHETIC / SIMULATED DATA — NOT REAL FINANCIAL DATA
TXN000031,2026-08-24 14:13:28,2026-08-24,14:13:28,Monday,14,17.437693,78.503165,ATM_HYD_304,Union Bank ATM - Patny Circle,Secunderabad Station Transit Hub,Hyderabad,50000,Branch_22,ATM_CASH_WITHDRAWAL,SYNTHETIC / SIMULATED DATA — NOT REAL FINANCIAL DATA
TXN000795,2026-08-24 14:24:49,2026-08-24,14:24:49,Monday,14,17.436248,78.444557,ATM_HYD_105,Canara Bank Express ATM - SR Nagar,Ameerpet Commercial Hub,Hyderabad,25000,Branch_26,ATM_CASH_WITHDRAWAL,SYNTHETIC / SIMULATED DATA — NOT REAL FINANCIAL DATA
TXN000286,2026-08-24 15:28:15,2026-08-24,15:28:15,Monday,15,17.429034,78.449058,ATM_HYD_103,ICICI e-Lobby - Ameerpet Cross Roads,Ameerpet Commercial Hub,Hyderabad,8000,Branch_28,ATM_CASH_WITHDRAWAL,SYNTHETIC / SIMULATED DATA — NOT REAL FINANCIAL DATA
TXN000890,2026-08-24 15:39:57,2026-08-24,15:39:57,Monday,15,17.437233,78.453191,ATM_HYD_105,Canara Bank Express ATM - SR Nagar,Ameerpet Commercial Hub,Hyderabad,30000,Branch_38,ATM_CASH_WITHDRAWAL,SYNTHETIC / SIMULATED DATA — NOT REAL FINANCIAL DATA
TXN000972,2026-08-24 15:43:59,2026-08-24,15:43:59,Monday,15,17.358502,78.476019,ATM_HYD_502,SBI ATM - Gulzar Houz,Charminar Heritage Bazaar,Hyderabad,8000,Branch_49,ATM_CASH_WITHDRAWAL,SYNTHETIC / SIMULATED DATA — NOT REAL FINANCIAL DATA
TXN002154,2026-08-24 15:52:31,2026-08-24,15:52:31,Monday,15,17.371269,78.525846,ATM_HYD_403,HDFC Cash Machine - Malakpet Link,Dilsukhnagar Market Corridor,Hyderabad,40000,Branch_35,ATM_CASH_WITHDRAWAL,SYNTHETIC / SIMULATED DATA — NOT REAL FINANCIAL DATA
TXN001801,2026-08-24 17:14:29,2026-08-24,17:14:29,Monday,17,17.359035,78.472132,ATM_HYD_502,SBI ATM - Gulzar Houz,Charminar Heritage Bazaar,Hyderabad,25000,Branch_17,ATM_CASH_WITHDRAWAL,SYNTHETIC / SIMULATED DATA — NOT REAL FINANCIAL DATA
TXN001979,2026-08-24 17:15:50,2026-08-24,17:15:50,Monday,17,17.366537,78.522853,ATM_HYD_404,Canara Bank ATM - Dilsukhnagar Bus Depot,Dilsukhnagar Market Corridor,Hyderabad,30000,Branch_39,ATM_CASH_WITHDRAWAL,SYNTHETIC / SIMULATED DATA — NOT REAL FINANCIAL DATA
TXN000396,2026-08-24 17:52:50,2026-08-24,17:52:50,Monday,17,17.366841,78.470733,ATM_HYD_503,HDFC Bank Kiosk - Nayapul Bridge,Charminar Heritage Bazaar,Hyderabad,50000,Branch_17,ATM_CASH_WITHDRAWAL,SYNTHETIC / SIMULATED DATA — NOT REAL FINANCIAL DATA
TXN001119,2026-08-24 18:19:40,2026-08-24,18:19:40,Monday,18,17.440634,78.452741,ATM_HYD_101,SBI Kiosk - Ameerpet Metro Junction,Ameerpet Commercial Hub,Hyderabad,30000,Branch_33,ATM_CASH_WITHDRAWAL,SYNTHETIC / SIMULATED DATA — NOT REAL FINANCIAL DATA
TXN001805,2026-08-24 18:45:38,2026-08-24,18:45:38,Monday,18,17.445205,78.381847,ATM_HYD_205,IndusInd Bank 24/7 ATM - Kavuri Hills,Madhapur Tech Corridor,Hyderabad,25000,Branch_47,ATM_CASH_WITHDRAWAL,SYNTHETIC / SIMULATED DATA — NOT REAL FINANCIAL DATA
TXN001421,2026-08-24 18:48:42,2026-08-24,18:48:42,Monday,18,17.446784,78.385638,ATM_HYD_205,IndusInd Bank 24/7 ATM - Kavuri Hills,Madhapur Tech Corridor,Hyderabad,20000,Branch_16,ATM_CASH_WITHDRAWAL,SYNTHETIC / SIMULATED DATA — NOT REAL FINANCIAL DATA
TXN001573,2026-08-24 19:06:04,2026-08-24,19:06:04,Monday,19,17.440417,78.505092,ATM_HYD_301,Punjab National Bank - Railway Gate 1,Secunderabad Station Transit Hub,Hyderabad,20000,Branch_10,ATM_CASH_WITHDRAWAL,SYNTHETIC / SIMULATED DATA — NOT REAL FINANCIAL DATA
TXN000410,2026-08-24 19:10:21,2026-08-24,19:10:21,Monday,19,17.435284,78.444218,ATM_HYD_102,HDFC 24x7 Cash Point - Maitrivanam,Ameerpet Commercial Hub,Hyderabad,10000,Branch_39,ATM_CASH_WITHDRAWAL,SYNTHETIC / SIMULATED DATA — NOT REAL FINANCIAL DATA
TXN000901,2026-08-24 19:10:30,2026-08-24,19:10:30,Monday,19,17.433965,78.451272,ATM_HYD_104,Axis Bank ATM - Elephant House,Ameerpet Commercial Hub,Hyderabad,30000,Branch_31,ATM_CASH_WITHDRAWAL,SYNTHETIC / SIMULATED DATA — NOT REAL FINANCIAL DATA
TXN001791,2026-08-24 19:23:53,2026-08-24,19:23:53,Monday,19,17.442705,78.44612,ATM_HYD_101,SBI Kiosk - Ameerpet Metro Junction,Ameerpet Commercial Hub,Hyderabad,40000,Branch_36,ATM_CASH_WITHDRAWAL,SYNTHETIC / SIMULATED DATA — NOT REAL FINANCIAL DATA
TXN000476,2026-08-24 19:31:49,2026-08-24,19:31:49,Monday,19,17.361798,78.473747,ATM_HYD_503,HDFC Bank Kiosk - Nayapul Bridge,Charminar Heritage Bazaar,Hyderabad,25000,Branch_44,ATM_CASH_WITHDRAWAL,SYNTHETIC / SIMULATED DATA — NOT REAL FINANCIAL DATA
TXN002446,2026-08-24 19:47:56,2026-08-24,19:47:56,Monday,19,17.394544,78.453511,ATM_HYD_901,Rural Kiosk - Outer Ring Road Exit 4,Isolated / Peripheral Zone,Hyderabad,10000,Branch_79,ATM_CASH_WITHDRAWAL,SYNTHETIC / SIMULATED DATA — NOT REAL FINANCIAL DATA
TXN000304,2026-08-24 20:07:12,2026-08-24,20:07:12,Monday,20,17.442607,78.504157,ATM_HYD_302,Bank of Baroda ATM - Clock Tower Cir,Secunderabad Station Transit Hub,Hyderabad,27000,Branch_36,ATM_CASH_WITHDRAWAL,SYNTHETIC / SIMULATED DATA — NOT REAL FINANCIAL DATA
TXN000092,2026-08-24 20:07:36,2026-08-24,20:07:36,Monday,20,17.443046,78.499421,ATM_HYD_302,Bank of Baroda ATM - Clock Tower Cir,Secunderabad Station Transit Hub,Hyderabad,50000,Branch_39,ATM_CASH_WITHDRAWAL,SYNTHETIC / SIMULATED DATA — NOT REAL FINANCIAL DATA
TXN000827,2026-08-24 20:19:58,2026-08-24,20:19:58,Monday,20,17.449368,78.392063,ATM_HYD_204,ICICI Bank Express ATM - Madhapur Police Station,Madhapur Tech Corridor,Hyderabad,25000,Branch_38,ATM_CASH_WITHDRAWAL,SYNTHETIC / SIMULATED DATA — NOT REAL FINANCIAL DATA
TXN000728,2026-08-24 20:21:23,2026-08-24,20:21:23,Monday,20,17.365749,78.525847,ATM_HYD_403,HDFC Cash Machine - Malakpet Link,Dilsukhnagar Market Corridor,Hyderabad,10000,Branch_37,ATM_CASH_WITHDRAWAL,SYNTHETIC / SIMULATED DATA — NOT REAL FINANCIAL DATA
TXN000681,2026-08-24 20:37:10,2026-08-24,20:37:10,Monday,20,17.371304,78.526818,ATM_HYD_401,SBI Express ATM - Dilsukhnagar Metro,Dilsukhnagar Market Corridor,Hyderabad,50000,Branch_12,ATM_CASH_WITHDRAWAL,SYNTHETIC / SIMULATED DATA — NOT REAL FINANCIAL DATA
TXN001393,2026-08-24 21:23:40,2026-08-24,21:23:40,Monday,21,17.442065,78.451302,ATM_HYD_102,HDFC 24x7 Cash Point - Maitrivanam,Ameerpet Commercial Hub,Hyderabad,30000,Branch_11,ATM_CASH_WITHDRAWAL,SYNTHETIC / SIMULATED DATA — NOT REAL FINANCIAL DATA
TXN002259,2026-08-24 21:28:39,2026-08-24,21:28:39,Monday,21,17.492145,78.351,ATM_HYD_902,Petrol Pump ATM - Medchal Highway,Isolated / Peripheral Zone,Hyderabad,25000,Branch_70,ATM_CASH_WITHDRAWAL,SYNTHETIC / SIMULATED DATA — NOT REAL FINANCIAL DATA
TXN001298,2026-08-24 21:35:54,2026-08-24,21:35:54,Monday,21,17.438907,78.448263,ATM_HYD_101,SBI Kiosk - Ameerpet Metro Junction,Ameerpet Commercial Hub,Hyderabad,50000,Branch_22,ATM_CASH_WITHDRAWAL,SYNTHETIC / SIMULATED DATA — NOT REAL FINANCIAL DATA
TXN000245,2026-08-24 21:39:29,2026-08-24,21:39:29,Monday,21,17.435029,78.445918,ATM_HYD_101,SBI Kiosk - Ameerpet Metro Junction,Ameerpet Commercial Hub,Hyderabad,22000,Branch_48,ATM_CASH_WITHDRAWAL,SYNTHETIC / SIMULATED DATA — NOT REAL FINANCIAL DATA
TXN002130,2026-08-24 23:18:28,2026-08-24,23:18:28,Monday,23,17.444321,78.398445,ATM_HYD_203,HDFC Bank E-Corner - Inorbit Road,Madhapur Tech Corridor,Hyderabad,50000,Branch_16,ATM_CASH_WITHDRAWAL,SYNTHETIC / SIMULATED DATA — NOT REAL FINANCIAL DATA
TXN001539,2026-08-25 02:40:51,2026-08-25,02:40:51,Tuesday,2,17.434865,78.451826,ATM_HYD_102,HDFC 24x7 Cash Point - Maitrivanam,Ameerpet Commercial Hub,Hyderabad,20000,Branch_48,ATM_CASH_WITHDRAWAL,SYNTHETIC / SIMULATED DATA — NOT REAL FINANCIAL DATA
TXN001848,2026-08-25 03:31:18,2026-08-25,03:31:18,Tuesday,3,17.437075,78.442595,ATM_HYD_105,Canara Bank Express ATM - SR Nagar,Ameerpet Commercial Hub,Hyderabad,48000,Branch_43,ATM_CASH_WITHDRAWAL,SYNTHETIC / SIMULATED DATA — NOT REAL FINANCIAL DATA
TXN002464,2026-08-25 04:18:41,2026-08-25,04:18:41,Tuesday,4,17.361794,78.557555,ATM_HYD_901,Rural Kiosk - Outer Ring Road Exit 4,Isolated / Peripheral Zone,Hyderabad,20000,Branch_74,ATM_CASH_WITHDRAWAL,SYNTHETIC / SIMULATED DATA — NOT REAL FINANCIAL DATA
TXN002266,2026-08-25 04:26:34,2026-08-25,04:26:34,Tuesday,4,17.394693,78.43238,ATM_HYD_904,Express ATM - Uppal Outskirts,Isolated / Peripheral Zone,Hyderabad,20000,Branch_86,ATM_CASH_WITHDRAWAL,SYNTHETIC / SIMULATED DATA — NOT REAL FINANCIAL DATA
TXN000765,2026-08-25 06:43:38,2026-08-25,06:43:38,Tuesday,6,17.430575,78.447664,ATM_HYD_102,HDFC 24x7 Cash Point - Maitrivanam,Ameerpet Commercial Hub,Hyderabad,50000,Branch_17,ATM_CASH_WITHDRAWAL,SYNTHETIC / SIMULATED DATA — NOT REAL FINANCIAL DATA
TXN001782,2026-08-25 07:44:17,2026-08-25,07:44:17,Tuesday,7,17.371058,78.523183,ATM_HYD_403,HDFC Cash Machine - Malakpet Link,Dilsukhnagar Market Corridor,Hyderabad,10000,Branch_48,ATM_CASH_WITHDRAWAL,SYNTHETIC / SIMULATED DATA — NOT REAL FINANCIAL DATA
TXN002180,2026-08-25 08:24:41,2026-08-25,08:24:41,Tuesday,8,17.44092,78.393476,ATM_HYD_203,HDFC Bank E-Corner - Inorbit Road,Madhapur Tech Corridor,Hyderabad,20000,Branch_22,ATM_CASH_WITHDRAWAL,SYNTHETIC / SIMULATED DATA — NOT REAL FINANCIAL DATA
TXN000391,2026-08-25 10:30:10,2026-08-25,10:30:10,Tuesday,10,17.359878,78.475998,ATM_HYD_502,SBI ATM - Gulzar Houz,Charminar Heritage Bazaar,Hyderabad,20000,Branch_41,ATM_CASH_WITHDRAWAL,SYNTHETIC / SIMULATED DATA — NOT REAL FINANCIAL DATA
TXN002010,2026-08-25 10:36:53,2026-08-25,10:36:53,Tuesday,10,17.449458,78.399161,ATM_HYD_201,Kotak ATM - Cyber Towers Concourse,Madhapur Tech Corridor,Hyderabad,40000,Branch_41,ATM_CASH_WITHDRAWAL,SYNTHETIC / SIMULATED DATA — NOT REAL FINANCIAL DATA
TXN001369,2026-08-25 11:03:47,2026-08-25,11:03:47,Tuesday,11,17.435393,78.448839,ATM_HYD_102,HDFC 24x7 Cash Point - Maitrivanam,Ameerpet Commercial Hub,Hyderabad,25000,Branch_34,ATM_CASH_WITHDRAWAL,SYNTHETIC / SIMULATED DATA — NOT REAL FINANCIAL DATA
TXN000628,2026-08-25 11:44:50,2026-08-25,11:44:50,Tuesday,11,17.440476,78.500417,ATM_HYD_303,SBI Multi-Service Lounge - Station Rd,Secunderabad Station Transit Hub,Hyderabad,10000,Branch_44,ATM_CASH_WITHDRAWAL,SYNTHETIC / SIMULATED DATA — NOT REAL FINANCIAL DATA
TXN001601,2026-08-25 13:09:04,2026-08-25,13:09:04,Tuesday,13,17.436817,78.445096,ATM_HYD_103,ICICI e-Lobby - Ameerpet Cross Roads,Ameerpet Commercial Hub,Hyderabad,25000,Branch_15,ATM_CASH_WITHDRAWAL,SYNTHETIC / SIMULATED DATA — NOT REAL FINANCIAL DATA
TXN001891,2026-08-25 13:38:17,2026-08-25,13:38:17,Tuesday,13,17.439917,78.446832,ATM_HYD_103,ICICI e-Lobby - Ameerpet Cross Roads,Ameerpet Commercial Hub,Hyderabad,32000,Branch_40,ATM_CASH_WITHDRAWAL,SYNTHETIC / SIMULATED DATA — NOT REAL FINANCIAL DATA
TXN000982,2026-08-25 14:02:06,2026-08-25,14:02:06,Tuesday,14,17.43807,78.494777,ATM_HYD_304,Union Bank ATM - Patny Circle,Secunderabad Station Transit Hub,Hyderabad,20000,Branch_44,ATM_CASH_WITHDRAWAL,SYNTHETIC / SIMULATED DATA — NOT REAL FINANCIAL DATA
TXN000614,2026-08-25 14:07:59,2026-08-25,14:07:59,Tuesday,14,17.432336,78.448595,ATM_HYD_101,SBI Kiosk - Ameerpet Metro Junction,Ameerpet Commercial Hub,Hyderabad,20000,Branch_23,ATM_CASH_WITHDRAWAL,SYNTHETIC / SIMULATED DATA — NOT REAL FINANCIAL DATA
TXN002429,2026-08-25 14:32:37,2026-08-25,14:32:37,Tuesday,14,17.406139,78.479337,ATM_HYD_904,Express ATM - Uppal Outskirts,Isolated / Peripheral Zone,Hyderabad,20000,Branch_57,ATM_CASH_WITHDRAWAL,SYNTHETIC / SIMULATED DATA — NOT REAL FINANCIAL DATA
TXN000577,2026-08-25 15:19:08,2026-08-25,15:19:08,Tuesday,15,17.437256,78.44425,ATM_HYD_101,SBI Kiosk - Ameerpet Metro Junction,Ameerpet Commercial Hub,Hyderabad,30000,Branch_47,ATM_CASH_WITHDRAWAL,SYNTHETIC / SIMULATED DATA — NOT REAL FINANCIAL DATA
TXN001691,2026-08-25 15:23:29,2026-08-25,15:23:29,Tuesday,15,17.43729,78.447017,ATM_HYD_105,Canara Bank Express ATM - SR Nagar,Ameerpet Commercial Hub,Hyderabad,22000,Branch_29,ATM_CASH_WITHDRAWAL,SYNTHETIC / SIMULATED DATA — NOT REAL FINANCIAL DATA
TXN001088,2026-08-25 15:37:05,2026-08-25,15:37:05,Tuesday,15,17.434711,78.446479,ATM_HYD_102,HDFC 24x7 Cash Point - Maitrivanam,Ameerpet Commercial Hub,Hyderabad,20000,Branch_14,ATM_CASH_WITHDRAWAL,SYNTHETIC / SIMULATED DATA — NOT REAL FINANCIAL DATA
TXN000435,2026-08-25 15:53:15,2026-08-25,15:53:15,Tuesday,15,17.433936,78.456171,ATM_HYD_102,HDFC 24x7 Cash Point - Maitrivanam,Ameerpet Commercial Hub,Hyderabad,10000,Branch_35,ATM_CASH_WITHDRAWAL,SYNTHETIC / SIMULATED DATA — NOT REAL FINANCIAL DATA
TXN000337,2026-08-25 16:55:41,2026-08-25,16:55:41,Tuesday,16,17.370941,78.527875,ATM_HYD_404,Canara Bank ATM - Dilsukhnagar Bus Depot,Dilsukhnagar Market Corridor,Hyderabad,25000,Branch_47,ATM_CASH_WITHDRAWAL,SYNTHETIC / SIMULATED DATA — NOT REAL FINANCIAL DATA
TXN002023,2026-08-25 17:01:20,2026-08-25,17:01:20,Tuesday,17,17.362147,78.470291,ATM_HYD_501,Bank of India - Madina Market,Charminar Heritage Bazaar,Hyderabad,15000,Branch_34,ATM_CASH_WITHDRAWAL,SYNTHETIC / SIMULATED DATA — NOT REAL FINANCIAL DATA
TXN001721,2026-08-25 18:01:53,2026-08-25,18:01:53,Tuesday,18,17.4383,78.442274,ATM_HYD_101,SBI Kiosk - Ameerpet Metro Junction,Ameerpet Commercial Hub,Hyderabad,10000,Branch_35,ATM_CASH_WITHDRAWAL,SYNTHETIC / SIMULATED DATA — NOT REAL FINANCIAL DATA
TXN002144,2026-08-25 18:16:25,2026-08-25,18:16:25,Tuesday,18,17.453085,78.389541,ATM_HYD_204,ICICI Bank Express ATM - Madhapur Police Station,Madhapur Tech Corridor,Hyderabad,20000,Branch_32,ATM_CASH_WITHDRAWAL,SYNTHETIC / SIMULATED DATA — NOT REAL FINANCIAL DATA
TXN001171,2026-08-25 19:01:07,2026-08-25,19:01:07,Tuesday,19,17.43923,78.495759,ATM_HYD_303,SBI Multi-Service Lounge - Station Rd,Secunderabad Station Transit Hub,Hyderabad,20000,Branch_39,ATM_CASH_WITHDRAWAL,SYNTHETIC / SIMULATED DATA — NOT REAL FINANCIAL DATA
TXN000644,2026-08-25 19:01:58,2026-08-25,19:01:58,Tuesday,19,17.452056,78.399812,ATM_HYD_204,ICICI Bank Express ATM - Madhapur Police Station,Madhapur Tech Corridor,Hyderabad,20000,Branch_33,ATM_CASH_WITHDRAWAL,SYNTHETIC / SIMULATED DATA — NOT REAL FINANCIAL DATA
TXN001704,2026-08-25 19:50:54,2026-08-25,19:50:54,Tuesday,19,17.447698,78.391089,ATM_HYD_201,Kotak ATM - Cyber Towers Concourse,Madhapur Tech Corridor,Hyderabad,40000,Branch_45,ATM_CASH_WITHDRAWAL,SYNTHETIC / SIMULATED DATA — NOT REAL FINANCIAL DATA
TXN002439,2026-08-25 20:00:56,2026-08-25,20:00:56,Tuesday,20,17.468002,78.354238,ATM_HYD_904,Express ATM - Uppal Outskirts,Isolated / Peripheral Zone,Hyderabad,20000,Branch_74,ATM_CASH_WITHDRAWAL,SYNTHETIC / SIMULATED DATA — NOT REAL FINANCIAL DATA
TXN000582,2026-08-25 20:01:55,2026-08-25,20:01:55,Tuesday,20,17.356611,78.477304,ATM_HYD_502,SBI ATM - Gulzar Houz,Charminar Heritage Bazaar,Hyderabad,40000,Branch_48,ATM_CASH_WITHDRAWAL,SYNTHETIC / SIMULATED DATA — NOT REAL FINANCIAL DATA
TXN001850,2026-08-25 20:07:52,2026-08-25,20:07:52,Tuesday,20,17.438998,78.5006,ATM_HYD_302,Bank of Baroda ATM - Clock Tower Cir,Secunderabad Station Transit Hub,Hyderabad,20000,Branch_35,ATM_CASH_WITHDRAWAL,SYNTHETIC / SIMULATED DATA — NOT REAL FINANCIAL DATA
TXN002113,2026-08-25 20:22:22,2026-08-25,20:22:22,Tuesday,20,17.43945,78.453011,ATM_HYD_104,Axis Bank ATM - Elephant House,Ameerpet Commercial Hub,Hyderabad,25000,Branch_25,ATM_CASH_WITHDRAWAL,SYNTHETIC / SIMULATED DATA — NOT REAL FINANCIAL DATA
TXN001741,2026-08-25 21:18:14,2026-08-25,21:18:14,Tuesday,21,17.367453,78.521965,ATM_HYD_402,Andhra Bank (UBI) ATM - Chaitanyapuri,Dilsukhnagar Market Corridor,Hyderabad,10000,Branch_20,ATM_CASH_WITHDRAWAL,SYNTHETIC / SIMULATED DATA — NOT REAL FINANCIAL DATA
TXN001397,2026-08-25 21:34:42,2026-08-25,21:34:42,Tuesday,21,17.44863,78.384517,ATM_HYD_204,ICICI Bank Express ATM - Madhapur Police Station,Madhapur Tech Corridor,Hyderabad,15000,Branch_47,ATM_CASH_WITHDRAWAL,SYNTHETIC / SIMULATED DATA — NOT REAL FINANCIAL DATA
TXN002174,2026-08-25 21:41:10,2026-08-25,21:41:10,Tuesday,21,17.374651,78.526562,ATM_HYD_402,Andhra Bank (UBI) ATM - Chaitanyapuri,Dilsukhnagar Market Corridor,Hyderabad,10000,Branch_35,ATM_CASH_WITHDRAWAL,SYNTHETIC / SIMULATED DATA — NOT REAL FINANCIAL DATA
TXN000444,2026-08-25 22:57:41,2026-08-25,22:57:41,Tuesday,22,17.453277,78.388596,ATM_HYD_203,HDFC Bank E-Corner - Inorbit Road,Madhapur Tech Corridor,Hyderabad,20000,Branch_35,ATM_CASH_WITHDRAWAL,SYNTHETIC / SIMULATED DATA — NOT REAL FINANCIAL DATA
TXN002191,2026-08-25 23:20:41,2026-08-25,23:20:41,Tuesday,23,17.433538,78.452461,ATM_HYD_104,Axis Bank ATM - Elephant House,Ameerpet Commercial Hub,Hyderabad,40000,Branch_11,ATM_CASH_WITHDRAWAL,SYNTHETIC / SIMULATED DATA — NOT REAL FINANCIAL DATA
TXN001128,2026-08-25 23:53:41,2026-08-25,23:53:41,Tuesday,23,17.450144,78.388909,ATM_HYD_202,SBI ATM - Hitec City Metro Pillar 24,Madhapur Tech Corridor,Hyderabad,30000,Branch_48,ATM_CASH_WITHDRAWAL,SYNTHETIC / SIMULATED DATA — NOT REAL FINANCIAL DATA
TXN001821,2026-08-26 04:30:48,2026-08-26,04:30:48,Wednesday,4,17.437977,78.447233,ATM_HYD_103,ICICI e-Lobby - Ameerpet Cross Roads,Ameerpet Commercial Hub,Hyderabad,40000,Branch_24,ATM_CASH_WITHDRAWAL,SYNTHETIC / SIMULATED DATA — NOT REAL FINANCIAL DATA
TXN001983,2026-08-26 05:54:43,2026-08-26,05:54:43,Wednesday,5,17.446775,78.387587,ATM_HYD_204,ICICI Bank Express ATM - Madhapur Police Station,Madhapur Tech Corridor,Hyderabad,20000,Branch_48,ATM_CASH_WITHDRAWAL,SYNTHETIC / SIMULATED DATA — NOT REAL FINANCIAL DATA
TXN001628,2026-08-26 06:22:48,2026-08-26,06:22:48,Wednesday,6,17.457007,78.387459,ATM_HYD_204,ICICI Bank Express ATM - Madhapur Police Station,Madhapur Tech Corridor,Hyderabad,15000,Branch_30,ATM_CASH_WITHDRAWAL,SYNTHETIC / SIMULATED DATA — NOT REAL FINANCIAL DATA
TXN002340,2026-08-26 06:38:25,2026-08-26,06:38:25,Wednesday,6,17.305796,78.514781,ATM_HYD_904,Express ATM - Uppal Outskirts,Isolated / Peripheral Zone,Hyderabad,20000,Branch_57,ATM_CASH_WITHDRAWAL,SYNTHETIC / SIMULATED DATA — NOT REAL FINANCIAL DATA
TXN001933,2026-08-26 08:13:10,2026-08-26,08:13:10,Wednesday,8,17.453,78.390964,ATM_HYD_201,Kotak ATM - Cyber Towers Concourse,Madhapur Tech Corridor,Hyderabad,20000,Branch_20,ATM_CASH_WITHDRAWAL,SYNTHETIC / SIMULATED DATA — NOT REAL FINANCIAL DATA
TXN000930,2026-08-26 08:45:45,2026-08-26,08:45:45,Wednesday,8,17.439548,78.450123,ATM_HYD_102,HDFC 24x7 Cash Point - Maitrivanam,Ameerpet Commercial Hub,Hyderabad,30000,Branch_21,ATM_CASH_WITHDRAWAL,SYNTHETIC / SIMULATED DATA — NOT REAL FINANCIAL DATA
TXN000950,2026-08-26 11:04:36,2026-08-26,11:04:36,Wednesday,11,17.442699,78.501588,ATM_HYD_304,Union Bank ATM - Patny Circle,Secunderabad Station Transit Hub,Hyderabad,25000,Branch_38,ATM_CASH_WITHDRAWAL,SYNTHETIC / SIMULATED DATA — NOT REAL FINANCIAL DATA
TXN002486,2026-08-26 12:50:59,2026-08-26,12:50:59,Wednesday,12,17.304462,78.485579,ATM_HYD_904,Express ATM - Uppal Outskirts,Isolated / Peripheral Zone,Hyderabad,25000,Branch_54,ATM_CASH_WITHDRAWAL,SYNTHETIC / SIMULATED DATA — NOT REAL FINANCIAL DATA
TXN001427,2026-08-26 13:07:05,2026-08-26,13:07:05,Wednesday,13,17.431922,78.449412,ATM_HYD_102,HDFC 24x7 Cash Point - Maitrivanam,Ameerpet Commercial Hub,Hyderabad,50000,Branch_47,ATM_CASH_WITHDRAWAL,SYNTHETIC / SIMULATED DATA — NOT REAL FINANCIAL DATA
TXN000459,2026-08-26 13:50:25,2026-08-26,13:50:25,Wednesday,13,17.435748,78.448876,ATM_HYD_101,SBI Kiosk - Ameerpet Metro Junction,Ameerpet Commercial Hub,Hyderabad,20000,Branch_42,ATM_CASH_WITHDRAWAL,SYNTHETIC / SIMULATED DATA — NOT REAL FINANCIAL DATA
TXN001502,2026-08-26 14:04:15,2026-08-26,14:04:15,Wednesday,14,17.457553,78.388274,ATM_HYD_201,Kotak ATM - Cyber Towers Concourse,Madhapur Tech Corridor,Hyderabad,20000,Branch_37,ATM_CASH_WITHDRAWAL,SYNTHETIC / SIMULATED DATA — NOT REAL FINANCIAL DATA
TXN001206,2026-08-26 14:23:40,2026-08-26,14:23:40,Wednesday,14,17.435455,78.494629,ATM_HYD_301,Punjab National Bank - Railway Gate 1,Secunderabad Station Transit Hub,Hyderabad,30000,Branch_19,ATM_CASH_WITHDRAWAL,SYNTHETIC / SIMULATED DATA — NOT REAL FINANCIAL DATA
TXN000062,2026-08-26 15:02:06,2026-08-26,15:02:06,Wednesday,15,17.43842,78.451173,ATM_HYD_101,SBI Kiosk - Ameerpet Metro Junction,Ameerpet Commercial Hub,Hyderabad,25000,Branch_32,ATM_CASH_WITHDRAWAL,SYNTHETIC / SIMULATED DATA — NOT REAL FINANCIAL DATA
TXN001855,2026-08-26 15:47:37,2026-08-26,15:47:37,Wednesday,15,17.357641,78.472807,ATM_HYD_501,Bank of India - Madina Market,Charminar Heritage Bazaar,Hyderabad,20000,Branch_34,ATM_CASH_WITHDRAWAL,SYNTHETIC / SIMULATED DATA — NOT REAL FINANCIAL DATA
TXN001912,2026-08-26 16:02:59,2026-08-26,16:02:59,Wednesday,16,17.364493,78.527853,ATM_HYD_402,Andhra Bank (UBI) ATM - Chaitanyapuri,Dilsukhnagar Market Corridor,Hyderabad,45000,Branch_21,ATM_CASH_WITHDRAWAL,SYNTHETIC / SIMULATED DATA — NOT REAL FINANCIAL DATA
TXN000531,2026-08-26 16:14:53,2026-08-26,16:14:53,Wednesday,16,17.363088,78.528498,ATM_HYD_401,SBI Express ATM - Dilsukhnagar Metro,Dilsukhnagar Market Corridor,Hyderabad,50000,Branch_13,ATM_CASH_WITHDRAWAL,SYNTHETIC / SIMULATED DATA — NOT REAL FINANCIAL DATA
TXN000120,2026-08-26 18:15:11,2026-08-26,18:15:11,Wednesday,18,17.447493,78.392352,ATM_HYD_202,SBI ATM - Hitec City Metro Pillar 24,Madhapur Tech Corridor,Hyderabad,25000,Branch_20,ATM_CASH_WITHDRAWAL,SYNTHETIC / SIMULATED DATA — NOT REAL FINANCIAL DATA
TXN002224,2026-08-26 18:58:42,2026-08-26,18:58:42,Wednesday,18,17.439638,78.450408,ATM_HYD_103,ICICI e-Lobby - Ameerpet Cross Roads,Ameerpet Commercial Hub,Hyderabad,30000,Branch_30,ATM_CASH_WITHDRAWAL,SYNTHETIC / SIMULATED DATA — NOT REAL FINANCIAL DATA
TXN002336,2026-08-26 19:00:06,2026-08-26,19:00:06,Wednesday,19,17.370806,78.391619,ATM_HYD_905,Highway Kiosk - Patancheru Depot,Isolated / Peripheral Zone,Hyderabad,10000,Branch_73,ATM_CASH_WITHDRAWAL,SYNTHETIC / SIMULATED DATA — NOT REAL FINANCIAL DATA
TXN000526,2026-08-26 19:15:06,2026-08-26,19:15:06,Wednesday,19,17.447847,78.389433,ATM_HYD_205,IndusInd Bank 24/7 ATM - Kavuri Hills,Madhapur Tech Corridor,Hyderabad,15000,Branch_45,ATM_CASH_WITHDRAWAL,SYNTHETIC / SIMULATED DATA — NOT REAL FINANCIAL DATA
TXN002494,2026-08-26 19:33:46,2026-08-26,19:33:46,Wednesday,19,17.377859,78.552864,ATM_HYD_905,Highway Kiosk - Patancheru Depot,Isolated / Peripheral Zone,Hyderabad,15000,Branch_83,ATM_CASH_WITHDRAWAL,SYNTHETIC / SIMULATED DATA — NOT REAL FINANCIAL DATA
TXN001734,2026-08-26 19:37:37,2026-08-26,19:37:37,Wednesday,19,17.448595,78.393354,ATM_HYD_205,IndusInd Bank 24/7 ATM - Kavuri Hills,Madhapur Tech Corridor,Hyderabad,50000,Branch_49,ATM_CASH_WITHDRAWAL,SYNTHETIC / SIMULATED DATA — NOT REAL FINANCIAL DATA
TXN002272,2026-08-26 19:50:31,2026-08-26,19:50:31,Wednesday,19,17.378996,78.341372,ATM_HYD_901,Rural Kiosk - Outer Ring Road Exit 4,Isolated / Peripheral Zone,Hyderabad,40000,Branch_78,ATM_CASH_WITHDRAWAL,SYNTHETIC / SIMULATED DATA — NOT REAL FINANCIAL DATA
TXN000058,2026-08-26 20:06:24,2026-08-26,20:06:24,Wednesday,20,17.433522,78.445341,ATM_HYD_102,HDFC 24x7 Cash Point - Maitrivanam,Ameerpet Commercial Hub,Hyderabad,50000,Branch_40,ATM_CASH_WITHDRAWAL,SYNTHETIC / SIMULATED DATA — NOT REAL FINANCIAL DATA
TXN000328,2026-08-26 20:15:03,2026-08-26,20:15:03,Wednesday,20,17.439549,78.499897,ATM_HYD_301,Punjab National Bank - Railway Gate 1,Secunderabad Station Transit Hub,Hyderabad,10000,Branch_39,ATM_CASH_WITHDRAWAL,SYNTHETIC / SIMULATED DATA — NOT REAL FINANCIAL DATA
TXN000757,2026-08-26 20:15:33,2026-08-26,20:15:33,Wednesday,20,17.441051,78.508046,ATM_HYD_302,Bank of Baroda ATM - Clock Tower Cir,Secunderabad Station Transit Hub,Hyderabad,40000,Branch_49,ATM_CASH_WITHDRAWAL,SYNTHETIC / SIMULATED DATA — NOT REAL FINANCIAL DATA
TXN001226,2026-08-26 20:27:28,2026-08-26,20:27:28,Wednesday,20,17.43576,78.502767,ATM_HYD_304,Union Bank ATM - Patny Circle,Secunderabad Station Transit Hub,Hyderabad,20000,Branch_41,ATM_CASH_WITHDRAWAL,SYNTHETIC / SIMULATED DATA — NOT REAL FINANCIAL DATA
TXN001676,2026-08-26 20:33:28,2026-08-26,20:33:28,Wednesday,20,17.432346,78.444761,ATM_HYD_102,HDFC 24x7 Cash Point - Maitrivanam,Ameerpet Commercial Hub,Hyderabad,15000,Branch_17,ATM_CASH_WITHDRAWAL,SYNTHETIC / SIMULATED DATA — NOT REAL FINANCIAL DATA
TXN000538,2026-08-26 20:58:51,2026-08-26,20:58:51,Wednesday,20,17.441174,78.444083,ATM_HYD_105,Canara Bank Express ATM - SR Nagar,Ameerpet Commercial Hub,Hyderabad,27000,Branch_45,ATM_CASH_WITHDRAWAL,SYNTHETIC / SIMULATED DATA — NOT REAL FINANCIAL DATA
TXN001144,2026-08-26 20:59:21,2026-08-26,20:59:21,Wednesday,20,17.457541,78.395897,ATM_HYD_202,SBI ATM - Hitec City Metro Pillar 24,Madhapur Tech Corridor,Hyderabad,25000,Branch_18,ATM_CASH_WITHDRAWAL,SYNTHETIC / SIMULATED DATA — NOT REAL FINANCIAL DATA
TXN000764,2026-08-26 20:59:54,2026-08-26,20:59:54,Wednesday,20,17.440972,78.501416,ATM_HYD_301,Punjab National Bank - Railway Gate 1,Secunderabad Station Transit Hub,Hyderabad,22000,Branch_21,ATM_CASH_WITHDRAWAL,SYNTHETIC / SIMULATED DATA — NOT REAL FINANCIAL DATA
TXN000675,2026-08-26 21:11:24,2026-08-26,21:11:24,Wednesday,21,17.451774,78.388968,ATM_HYD_203,HDFC Bank E-Corner - Inorbit Road,Madhapur Tech Corridor,Hyderabad,40000,Branch_33,ATM_CASH_WITHDRAWAL,SYNTHETIC / SIMULATED DATA — NOT REAL FINANCIAL DATA
TXN000361,2026-08-26 21:37:46,2026-08-26,21:37:46,Wednesday,21,17.443722,78.386372,ATM_HYD_201,Kotak ATM - Cyber Towers Concourse,Madhapur Tech Corridor,Hyderabad,15000,Branch_19,ATM_CASH_WITHDRAWAL,SYNTHETIC / SIMULATED DATA — NOT REAL FINANCIAL DATA
TXN000168,2026-08-26 21:40:23,2026-08-26,21:40:23,Wednesday,21,17.433262,78.442901,ATM_HYD_103,ICICI e-Lobby - Ameerpet Cross Roads,Ameerpet Commercial Hub,Hyderabad,28000,Branch_40,ATM_CASH_WITHDRAWAL,SYNTHETIC / SIMULATED DATA — NOT REAL FINANCIAL DATA
TXN000019,2026-08-26 21:44:51,2026-08-26,21:44:51,Wednesday,21,17.452962,78.390891,ATM_HYD_205,IndusInd Bank 24/7 ATM - Kavuri Hills,Madhapur Tech Corridor,Hyderabad,20000,Branch_28,ATM_CASH_WITHDRAWAL,SYNTHETIC / SIMULATED DATA — NOT REAL FINANCIAL DATA
TXN000104,2026-08-26 21:44:56,2026-08-26,21:44:56,Wednesday,21,17.446061,78.390865,ATM_HYD_203,HDFC Bank E-Corner - Inorbit Road,Madhapur Tech Corridor,Hyderabad,20000,Branch_10,ATM_CASH_WITHDRAWAL,SYNTHETIC / SIMULATED DATA — NOT REAL FINANCIAL DATA
TXN001174,2026-08-26 21:51:11,2026-08-26,21:51:11,Wednesday,21,17.439103,78.447576,ATM_HYD_105,Canara Bank Express ATM - SR Nagar,Ameerpet Commercial Hub,Hyderabad,50000,Branch_15,ATM_CASH_WITHDRAWAL,SYNTHETIC / SIMULATED DATA — NOT REAL FINANCIAL DATA
TXN001105,2026-08-26 22:00:11,2026-08-26,22:00:11,Wednesday,22,17.364752,78.476204,ATM_HYD_502,SBI ATM - Gulzar Houz,Charminar Heritage Bazaar,Hyderabad,20000,Branch_26,ATM_CASH_WITHDRAWAL,SYNTHETIC / SIMULATED DATA — NOT REAL FINANCIAL DATA
TXN000010,2026-08-26 22:06:12,2026-08-26,22:06:12,Wednesday,22,17.43952,78.501104,ATM_HYD_302,Bank of Baroda ATM - Clock Tower Cir,Secunderabad Station Transit Hub,Hyderabad,20000,Branch_14,ATM_CASH_WITHDRAWAL,SYNTHETIC / SIMULATED DATA — NOT REAL FINANCIAL DATA
TXN000327,2026-08-26 22:08:30,2026-08-26,22:08:30,Wednesday,22,17.451668,78.393403,ATM_HYD_204,ICICI Bank Express ATM - Madhapur Police Station,Madhapur Tech Corridor,Hyderabad,40000,Branch_46,ATM_CASH_WITHDRAWAL,SYNTHETIC / SIMULATED DATA — NOT REAL FINANCIAL DATA
TXN001394,2026-08-26 22:09:16,2026-08-26,22:09:16,Wednesday,22,17.441782,78.389544,ATM_HYD_202,SBI ATM - Hitec City Metro Pillar 24,Madhapur Tech Corridor,Hyderabad,15000,Branch_47,ATM_CASH_WITHDRAWAL,SYNTHETIC / SIMULATED DATA — NOT REAL FINANCIAL DATA
TXN001989,2026-08-26 22:28:21,2026-08-26,22:28:21,Wednesday,22,17.443023,78.388787,ATM_HYD_202,SBI ATM - Hitec City Metro Pillar 24,Madhapur Tech Corridor,Hyderabad,25000,Branch_26,ATM_CASH_WITHDRAWAL,SYNTHETIC / SIMULATED DATA — NOT REAL FINANCIAL DATA
TXN000141,2026-08-26 22:33:26,2026-08-26,22:33:26,Wednesday,22,17.360586,78.4738,ATM_HYD_503,HDFC Bank Kiosk - Nayapul Bridge,Charminar Heritage Bazaar,Hyderabad,25000,Branch_29,ATM_CASH_WITHDRAWAL,SYNTHETIC / SIMULATED DATA — NOT REAL FINANCIAL DATA
TXN001988,2026-08-26 22:44:04,2026-08-26,22:44:04,Wednesday,22,17.451447,78.397049,ATM_HYD_202,SBI ATM - Hitec City Metro Pillar 24,Madhapur Tech Corridor,Hyderabad,40000,Branch_41,ATM_CASH_WITHDRAWAL,SYNTHETIC / SIMULATED DATA — NOT REAL FINANCIAL DATA
TXN002384,2026-08-26 22:49:04,2026-08-26,22:49:04,Wednesday,22,17.381028,78.421007,ATM_HYD_901,Rural Kiosk - Outer Ring Road Exit 4,Isolated / Peripheral Zone,Hyderabad,50000,Branch_92,ATM_CASH_WITHDRAWAL,SYNTHETIC / SIMULATED DATA — NOT REAL FINANCIAL DATA
TXN001101,2026-08-27 00:20:09,2026-08-27,00:20:09,Thursday,0,17.439354,78.450248,ATM_HYD_104,Axis Bank ATM - Elephant House,Ameerpet Commercial Hub,Hyderabad,25000,Branch_49,ATM_CASH_WITHDRAWAL,SYNTHETIC / SIMULATED DATA — NOT REAL FINANCIAL DATA
TXN000594,2026-08-27 01:12:22,2026-08-27,01:12:22,Thursday,1,17.443473,78.397299,ATM_HYD_204,ICICI Bank Express ATM - Madhapur Police Station,Madhapur Tech Corridor,Hyderabad,12000,Branch_21,ATM_CASH_WITHDRAWAL,SYNTHETIC / SIMULATED DATA — NOT REAL FINANCIAL DATA
TXN001851,2026-08-27 05:08:32,2026-08-27,05:08:32,Thursday,5,17.436147,78.451389,ATM_HYD_102,HDFC 24x7 Cash Point - Maitrivanam,Ameerpet Commercial Hub,Hyderabad,30000,Branch_36,ATM_CASH_WITHDRAWAL,SYNTHETIC / SIMULATED DATA — NOT REAL FINANCIAL DATA
TXN002385,2026-08-27 09:43:06,2026-08-27,09:43:06,Thursday,9,17.397668,78.518773,ATM_HYD_902,Petrol Pump ATM - Medchal Highway,Isolated / Peripheral Zone,Hyderabad,30000,Branch_65,ATM_CASH_WITHDRAWAL,SYNTHETIC / SIMULATED DATA — NOT REAL FINANCIAL DATA
TXN001074,2026-08-27 12:04:21,2026-08-27,12:04:21,Thursday,12,17.439344,78.446976,ATM_HYD_105,Canara Bank Express ATM - SR Nagar,Ameerpet Commercial Hub,Hyderabad,10000,Branch_35,ATM_CASH_WITHDRAWAL,SYNTHETIC / SIMULATED DATA — NOT REAL FINANCIAL DATA
TXN001698,2026-08-27 13:37:33,2026-08-27,13:37:33,Thursday,13,17.437716,78.45382,ATM_HYD_104,Axis Bank ATM - Elephant House,Ameerpet Commercial Hub,Hyderabad,20000,Branch_49,ATM_CASH_WITHDRAWAL,SYNTHETIC / SIMULATED DATA — NOT REAL FINANCIAL DATA
TXN001696,2026-08-27 14:17:20,2026-08-27,14:17:20,Thursday,14,17.434225,78.452472,ATM_HYD_101,SBI Kiosk - Ameerpet Metro Junction,Ameerpet Commercial Hub,Hyderabad,10000,Branch_38,ATM_CASH_WITHDRAWAL,SYNTHETIC / SIMULATED DATA — NOT REAL FINANCIAL DATA
TXN001123,2026-08-27 14:33:04,2026-08-27,14:33:04,Thursday,14,17.369579,78.526981,ATM_HYD_401,SBI Express ATM - Dilsukhnagar Metro,Dilsukhnagar Market Corridor,Hyderabad,10000,Branch_41,ATM_CASH_WITHDRAWAL,SYNTHETIC / SIMULATED DATA — NOT REAL FINANCIAL DATA
TXN001042,2026-08-27 14:38:47,2026-08-27,14:38:47,Thursday,14,17.366433,78.527166,ATM_HYD_401,SBI Express ATM - Dilsukhnagar Metro,Dilsukhnagar Market Corridor,Hyderabad,15000,Branch_40,ATM_CASH_WITHDRAWAL,SYNTHETIC / SIMULATED DATA — NOT REAL FINANCIAL DATA
TXN002004,2026-08-27 14:46:53,2026-08-27,14:46:53,Thursday,14,17.439273,78.444156,ATM_HYD_105,Canara Bank Express ATM - SR Nagar,Ameerpet Commercial Hub,Hyderabad,50000,Branch_18,ATM_CASH_WITHDRAWAL,SYNTHETIC / SIMULATED DATA — NOT REAL FINANCIAL DATA
TXN000262,2026-08-27 15:04:42,2026-08-27,15:04:42,Thursday,15,17.359723,78.475634,ATM_HYD_502,SBI ATM - Gulzar Houz,Charminar Heritage Bazaar,Hyderabad,20000,Branch_33,ATM_CASH_WITHDRAWAL,SYNTHETIC / SIMULATED DATA — NOT REAL FINANCIAL DATA
TXN000938,2026-08-27 15:16:41,2026-08-27,15:16:41,Thursday,15,17.364002,78.475723,ATM_HYD_502,SBI ATM - Gulzar Houz,Charminar Heritage Bazaar,Hyderabad,40000,Branch_39,ATM_CASH_WITHDRAWAL,SYNTHETIC / SIMULATED DATA — NOT REAL FINANCIAL DATA
TXN001261,2026-08-27 15:21:13,2026-08-27,15:21:13,Thursday,15,17.44157,78.456753,ATM_HYD_104,Axis Bank ATM - Elephant House,Ameerpet Commercial Hub,Hyderabad,25000,Branch_48,ATM_CASH_WITHDRAWAL,SYNTHETIC / SIMULATED DATA — NOT REAL FINANCIAL DATA
TXN001666,2026-08-27 15:37:29,2026-08-27,15:37:29,Thursday,15,17.36958,78.518785,ATM_HYD_404,Canara Bank ATM - Dilsukhnagar Bus Depot,Dilsukhnagar Market Corridor,Hyderabad,42000,Branch_19,ATM_CASH_WITHDRAWAL,SYNTHETIC / SIMULATED DATA — NOT REAL FINANCIAL DATA
TXN001241,2026-08-27 16:42:32,2026-08-27,16:42:32,Thursday,16,17.369796,78.522881,ATM_HYD_401,SBI Express ATM - Dilsukhnagar Metro,Dilsukhnagar Market Corridor,Hyderabad,15000,Branch_47,ATM_CASH_WITHDRAWAL,SYNTHETIC / SIMULATED DATA — NOT REAL FINANCIAL DATA
TXN002095,2026-08-27 17:53:32,2026-08-27,17:53:32,Thursday,17,17.44334,78.446819,ATM_HYD_102,HDFC 24x7 Cash Point - Maitrivanam,Ameerpet Commercial Hub,Hyderabad,18000,Branch_43,ATM_CASH_WITHDRAWAL,SYNTHETIC / SIMULATED DATA — NOT REAL FINANCIAL DATA
TXN000975,2026-08-27 18:15:11,2026-08-27,18:15:11,Thursday,18,17.436046,78.4507,ATM_HYD_102,HDFC 24x7 Cash Point - Maitrivanam,Ameerpet Commercial Hub,Hyderabad,25000,Branch_12,ATM_CASH_WITHDRAWAL,SYNTHETIC / SIMULATED DATA — NOT REAL FINANCIAL DATA
TXN001842,2026-08-27 18:21:40,2026-08-27,18:21:40,Thursday,18,17.446854,78.394227,ATM_HYD_201,Kotak ATM - Cyber Towers Concourse,Madhapur Tech Corridor,Hyderabad,25000,Branch_29,ATM_CASH_WITHDRAWAL,SYNTHETIC / SIMULATED DATA — NOT REAL FINANCIAL DATA
TXN000202,2026-08-27 18:31:38,2026-08-27,18:31:38,Thursday,18,17.440837,78.451299,ATM_HYD_101,SBI Kiosk - Ameerpet Metro Junction,Ameerpet Commercial Hub,Hyderabad,25000,Branch_27,ATM_CASH_WITHDRAWAL,SYNTHETIC / SIMULATED DATA — NOT REAL FINANCIAL DATA
TXN000453,2026-08-27 18:35:38,2026-08-27,18:35:38,Thursday,18,17.444697,78.389922,ATM_HYD_202,SBI ATM - Hitec City Metro Pillar 24,Madhapur Tech Corridor,Hyderabad,25000,Branch_48,ATM_CASH_WITHDRAWAL,SYNTHETIC / SIMULATED DATA — NOT REAL FINANCIAL DATA
TXN000557,2026-08-27 18:54:22,2026-08-27,18:54:22,Thursday,18,17.43636,78.449576,ATM_HYD_103,ICICI e-Lobby - Ameerpet Cross Roads,Ameerpet Commercial Hub,Hyderabad,10000,Branch_23,ATM_CASH_WITHDRAWAL,SYNTHETIC / SIMULATED DATA — NOT REAL FINANCIAL DATA
TXN002222,2026-08-27 19:23:51,2026-08-27,19:23:51,Thursday,19,17.446637,78.391035,ATM_HYD_201,Kotak ATM - Cyber Towers Concourse,Madhapur Tech Corridor,Hyderabad,20000,Branch_37,ATM_CASH_WITHDRAWAL,SYNTHETIC / SIMULATED DATA — NOT REAL FINANCIAL DATA
TXN001660,2026-08-27 19:25:05,2026-08-27,19:25:05,Thursday,19,17.45159,78.3878,ATM_HYD_203,HDFC Bank E-Corner - Inorbit Road,Madhapur Tech Corridor,Hyderabad,25000,Branch_30,ATM_CASH_WITHDRAWAL,SYNTHETIC / SIMULATED DATA — NOT REAL FINANCIAL DATA
TXN002274,2026-08-27 19:37:00,2026-08-27,19:37:00,Thursday,19,17.519541,78.394646,ATM_HYD_902,Petrol Pump ATM - Medchal Highway,Isolated / Peripheral Zone,Hyderabad,30000,Branch_73,ATM_CASH_WITHDRAWAL,SYNTHETIC / SIMULATED DATA — NOT REAL FINANCIAL DATA
TXN000354,2026-08-27 19:38:02,2026-08-27,19:38:02,Thursday,19,17.43841,78.448447,ATM_HYD_101,SBI Kiosk - Ameerpet Metro Junction,Ameerpet Commercial Hub,Hyderabad,20000,Branch_22,ATM_CASH_WITHDRAWAL,SYNTHETIC / SIMULATED DATA — NOT REAL FINANCIAL DATA
TXN000140,2026-08-27 19:42:11,2026-08-27,19:42:11,Thursday,19,17.361044,78.472859,ATM_HYD_501,Bank of India - Madina Market,Charminar Heritage Bazaar,Hyderabad,15000,Branch_31,ATM_CASH_WITHDRAWAL,SYNTHETIC / SIMULATED DATA — NOT REAL FINANCIAL DATA
TXN002001,2026-08-27 19:54:47,2026-08-27,19:54:47,Thursday,19,17.435105,78.450393,ATM_HYD_101,SBI Kiosk - Ameerpet Metro Junction,Ameerpet Commercial Hub,Hyderabad,20000,Branch_15,ATM_CASH_WITHDRAWAL,SYNTHETIC / SIMULATED DATA — NOT REAL FINANCIAL DATA
TXN000945,2026-08-27 20:01:13,2026-08-27,20:01:13,Thursday,20,17.440906,78.451316,ATM_HYD_104,Axis Bank ATM - Elephant House,Ameerpet Commercial Hub,Hyderabad,40000,Branch_30,ATM_CASH_WITHDRAWAL,SYNTHETIC / SIMULATED DATA — NOT REAL FINANCIAL DATA
TXN002135,2026-08-27 20:01:45,2026-08-27,20:01:45,Thursday,20,17.442819,78.499062,ATM_HYD_301,Punjab National Bank - Railway Gate 1,Secunderabad Station Transit Hub,Hyderabad,50000,Branch_37,ATM_CASH_WITHDRAWAL,SYNTHETIC / SIMULATED DATA — NOT REAL FINANCIAL DATA
TXN001323,2026-08-27 20:07:00,2026-08-27,20:07:00,Thursday,20,17.369895,78.519653,ATM_HYD_401,SBI Express ATM - Dilsukhnagar Metro,Dilsukhnagar Market Corridor,Hyderabad,23000,Branch_33,ATM_CASH_WITHDRAWAL,SYNTHETIC / SIMULATED DATA — NOT REAL FINANCIAL DATA
TXN000663,2026-08-27 20:42:38,2026-08-27,20:42:38,Thursday,20,17.442397,78.504575,ATM_HYD_304,Union Bank ATM - Patny Circle,Secunderabad Station Transit Hub,Hyderabad,30000,Branch_31,ATM_CASH_WITHDRAWAL,SYNTHETIC / SIMULATED DATA — NOT REAL FINANCIAL DATA
TXN001726,2026-08-27 20:51:06,2026-08-27,20:51:06,Thursday,20,17.431086,78.444094,ATM_HYD_103,ICICI e-Lobby - Ameerpet Cross Roads,Ameerpet Commercial Hub,Hyderabad,30000,Branch_37,ATM_CASH_WITHDRAWAL,SYNTHETIC / SIMULATED DATA — NOT REAL FINANCIAL DATA
TXN001316,2026-08-27 20:58:50,2026-08-27,20:58:50,Thursday,20,17.434651,78.500208,ATM_HYD_304,Union Bank ATM - Patny Circle,Secunderabad Station Transit Hub,Hyderabad,15000,Branch_12,ATM_CASH_WITHDRAWAL,SYNTHETIC / SIMULATED DATA — NOT REAL FINANCIAL DATA
TXN000005,2026-08-27 21:21:06,2026-08-27,21:21:06,Thursday,21,17.442584,78.452546,ATM_HYD_103,ICICI e-Lobby - Ameerpet Cross Roads,Ameerpet Commercial Hub,Hyderabad,23000,Branch_32,ATM_CASH_WITHDRAWAL,SYNTHETIC / SIMULATED DATA — NOT REAL FINANCIAL DATA
TXN001461,2026-08-27 21:27:04,2026-08-27,21:27:04,Thursday,21,17.451523,78.388483,ATM_HYD_203,HDFC Bank E-Corner - Inorbit Road,Madhapur Tech Corridor,Hyderabad,20000,Branch_26,ATM_CASH_WITHDRAWAL,SYNTHETIC / SIMULATED DATA — NOT REAL FINANCIAL DATA
TXN001097,2026-08-27 21:33:30,2026-08-27,21:33:30,Thursday,21,17.437001,78.447592,ATM_HYD_103,ICICI e-Lobby - Ameerpet Cross Roads,Ameerpet Commercial Hub,Hyderabad,20000,Branch_32,ATM_CASH_WITHDRAWAL,SYNTHETIC / SIMULATED DATA — NOT REAL FINANCIAL DATA
TXN000078,2026-08-27 22:10:56,2026-08-27,22:10:56,Thursday,22,17.443671,78.447402,ATM_HYD_102,HDFC 24x7 Cash Point - Maitrivanam,Ameerpet Commercial Hub,Hyderabad,30000,Branch_25,ATM_CASH_WITHDRAWAL,SYNTHETIC / SIMULATED DATA — NOT REAL FINANCIAL DATA
TXN001117,2026-08-27 23:09:59,2026-08-27,23:09:59,Thursday,23,17.433275,78.449628,ATM_HYD_102,HDFC 24x7 Cash Point - Maitrivanam,Ameerpet Commercial Hub,Hyderabad,10000,Branch_33,ATM_CASH_WITHDRAWAL,SYNTHETIC / SIMULATED DATA — NOT REAL FINANCIAL DATA
TXN001886,2026-08-27 23:10:24,2026-08-27,23:10:24,Thursday,23,17.448373,78.391875,ATM_HYD_202,SBI ATM - Hitec City Metro Pillar 24,Madhapur Tech Corridor,Hyderabad,15000,Branch_45,ATM_CASH_WITHDRAWAL,SYNTHETIC / SIMULATED DATA — NOT REAL FINANCIAL DATA
TXN001279,2026-08-27 23:37:51,2026-08-27,23:37:51,Thursday,23,17.435801,78.447357,ATM_HYD_101,SBI Kiosk - Ameerpet Metro Junction,Ameerpet Commercial Hub,Hyderabad,10000,Branch_30,ATM_CASH_WITHDRAWAL,SYNTHETIC / SIMULATED DATA — NOT REAL FINANCIAL DATA
TXN000089,2026-08-28 00:23:05,2026-08-28,00:23:05,Friday,0,17.368804,78.521769,ATM_HYD_404,Canara Bank ATM - Dilsukhnagar Bus Depot,Dilsukhnagar Market Corridor,Hyderabad,30000,Branch_26,ATM_CASH_WITHDRAWAL,SYNTHETIC / SIMULATED DATA — NOT REAL FINANCIAL DATA
TXN001732,2026-08-28 00:34:46,2026-08-28,00:34:46,Friday,0,17.443208,78.504395,ATM_HYD_302,Bank of Baroda ATM - Clock Tower Cir,Secunderabad Station Transit Hub,Hyderabad,30000,Branch_35,ATM_CASH_WITHDRAWAL,SYNTHETIC / SIMULATED DATA — NOT REAL FINANCIAL DATA
TXN002027,2026-08-28 04:46:46,2026-08-28,04:46:46,Friday,4,17.44626,78.512347,ATM_HYD_302,Bank of Baroda ATM - Clock Tower Cir,Secunderabad Station Transit Hub,Hyderabad,50000,Branch_13,ATM_CASH_WITHDRAWAL,SYNTHETIC / SIMULATED DATA — NOT REAL FINANCIAL DATA
TXN001510,2026-08-28 04:49:06,2026-08-28,04:49:06,Friday,4,17.44024,78.497885,ATM_HYD_304,Union Bank ATM - Patny Circle,Secunderabad Station Transit Hub,Hyderabad,23000,Branch_26,ATM_CASH_WITHDRAWAL,SYNTHETIC / SIMULATED DATA — NOT REAL FINANCIAL DATA
TXN001780,2026-08-28 06:04:43,2026-08-28,06:04:43,Friday,6,17.368392,78.527999,ATM_HYD_401,SBI Express ATM - Dilsukhnagar Metro,Dilsukhnagar Market Corridor,Hyderabad,20000,Branch_15,ATM_CASH_WITHDRAWAL,SYNTHETIC / SIMULATED DATA — NOT REAL FINANCIAL DATA
TXN002383,2026-08-28 08:06:08,2026-08-28,08:06:08,Friday,8,17.422118,78.515614,ATM_HYD_904,Express ATM - Uppal Outskirts,Isolated / Peripheral Zone,Hyderabad,15000,Branch_62,ATM_CASH_WITHDRAWAL,SYNTHETIC / SIMULATED DATA — NOT REAL FINANCIAL DATA
TXN000912,2026-08-28 09:35:42,2026-08-28,09:35:42,Friday,9,17.435655,78.444101,ATM_HYD_101,SBI Kiosk - Ameerpet Metro Junction,Ameerpet Commercial Hub,Hyderabad,20000,Branch_47,ATM_CASH_WITHDRAWAL,SYNTHETIC / SIMULATED DATA — NOT REAL FINANCIAL DATA
TXN000111,2026-08-28 11:26:05,2026-08-28,11:26:05,Friday,11,17.441986,78.451261,ATM_HYD_105,Canara Bank Express ATM - SR Nagar,Ameerpet Commercial Hub,Hyderabad,10000,Branch_28,ATM_CASH_WITHDRAWAL,SYNTHETIC / SIMULATED DATA — NOT REAL FINANCIAL DATA
TXN001818,2026-08-28 13:48:11,2026-08-28,13:48:11,Friday,13,17.437043,78.511096,ATM_HYD_304,Union Bank ATM - Patny Circle,Secunderabad Station Transit Hub,Hyderabad,25000,Branch_12,ATM_CASH_WITHDRAWAL,SYNTHETIC / SIMULATED DATA — NOT REAL FINANCIAL DATA
TXN000156,2026-08-28 14:04:28,2026-08-28,14:04:28,Friday,14,17.438013,78.448337,ATM_HYD_104,Axis Bank ATM - Elephant House,Ameerpet Commercial Hub,Hyderabad,15000,Branch_47,ATM_CASH_WITHDRAWAL,SYNTHETIC / SIMULATED DATA — NOT REAL FINANCIAL DATA
TXN000238,2026-08-28 14:17:28,2026-08-28,14:17:28,Friday,14,17.436285,78.44959,ATM_HYD_101,SBI Kiosk - Ameerpet Metro Junction,Ameerpet Commercial Hub,Hyderabad,25000,Branch_19,ATM_CASH_WITHDRAWAL,SYNTHETIC / SIMULATED DATA — NOT REAL FINANCIAL DATA
TXN000927,2026-08-28 14:32:04,2026-08-28,14:32:04,Friday,14,17.431079,78.448357,ATM_HYD_101,SBI Kiosk - Ameerpet Metro Junction,Ameerpet Commercial Hub,Hyderabad,20000,Branch_27,ATM_CASH_WITHDRAWAL,SYNTHETIC / SIMULATED DATA — NOT REAL FINANCIAL DATA
TXN001376,2026-08-28 14:33:50,2026-08-28,14:33:50,Friday,14,17.363858,78.527164,ATM_HYD_402,Andhra Bank (UBI) ATM - Chaitanyapuri,Dilsukhnagar Market Corridor,Hyderabad,10000,Branch_28,ATM_CASH_WITHDRAWAL,SYNTHETIC / SIMULATED DATA — NOT REAL FINANCIAL DATA
TXN001339,2026-08-28 15:42:33,2026-08-28,15:42:33,Friday,15,17.437095,78.446046,ATM_HYD_104,Axis Bank ATM - Elephant House,Ameerpet Commercial Hub,Hyderabad,23000,Branch_33,ATM_CASH_WITHDRAWAL,SYNTHETIC / SIMULATED DATA — NOT REAL FINANCIAL DATA
TXN002358,2026-08-28 16:53:46,2026-08-28,16:53:46,Friday,16,17.412176,78.356206,ATM_HYD_902,Petrol Pump ATM - Medchal Highway,Isolated / Peripheral Zone,Hyderabad,40000,Branch_54,ATM_CASH_WITHDRAWAL,SYNTHETIC / SIMULATED DATA — NOT REAL FINANCIAL DATA
TXN002341,2026-08-28 16:59:15,2026-08-28,16:59:15,Friday,16,17.475186,78.437933,ATM_HYD_904,Express ATM - Uppal Outskirts,Isolated / Peripheral Zone,Hyderabad,20000,Branch_51,ATM_CASH_WITHDRAWAL,SYNTHETIC / SIMULATED DATA — NOT REAL FINANCIAL DATA
TXN000495,2026-08-28 18:02:39,2026-08-28,18:02:39,Friday,18,17.448151,78.38699,ATM_HYD_203,HDFC Bank E-Corner - Inorbit Road,Madhapur Tech Corridor,Hyderabad,20000,Branch_25,ATM_CASH_WITHDRAWAL,SYNTHETIC / SIMULATED DATA — NOT REAL FINANCIAL DATA
TXN001658,2026-08-28 18:02:57,2026-08-28,18:02:57,Friday,18,17.431718,78.449061,ATM_HYD_104,Axis Bank ATM - Elephant House,Ameerpet Commercial Hub,Hyderabad,25000,Branch_43,ATM_CASH_WITHDRAWAL,SYNTHETIC / SIMULATED DATA — NOT REAL FINANCIAL DATA
TXN001130,2026-08-28 18:23:11,2026-08-28,18:23:11,Friday,18,17.434674,78.449203,ATM_HYD_103,ICICI e-Lobby - Ameerpet Cross Roads,Ameerpet Commercial Hub,Hyderabad,50000,Branch_34,ATM_CASH_WITHDRAWAL,SYNTHETIC / SIMULATED DATA — NOT REAL FINANCIAL DATA
TXN000160,2026-08-28 18:52:50,2026-08-28,18:52:50,Friday,18,17.440737,78.497255,ATM_HYD_304,Union Bank ATM - Patny Circle,Secunderabad Station Transit Hub,Hyderabad,30000,Branch_32,ATM_CASH_WITHDRAWAL,SYNTHETIC / SIMULATED DATA — NOT REAL FINANCIAL DATA
TXN001702,2026-08-28 19:00:29,2026-08-28,19:00:29,Friday,19,17.450632,78.390847,ATM_HYD_204,ICICI Bank Express ATM - Madhapur Police Station,Madhapur Tech Corridor,Hyderabad,27000,Branch_47,ATM_CASH_WITHDRAWAL,SYNTHETIC / SIMULATED DATA — NOT REAL FINANCIAL DATA
TXN001653,2026-08-28 19:13:06,2026-08-28,19:13:06,Friday,19,17.435876,78.447782,ATM_HYD_104,Axis Bank ATM - Elephant House,Ameerpet Commercial Hub,Hyderabad,40000,Branch_48,ATM_CASH_WITHDRAWAL,SYNTHETIC / SIMULATED DATA — NOT REAL FINANCIAL DATA
TXN001269,2026-08-28 20:22:12,2026-08-28,20:22:12,Friday,20,17.440187,78.504666,ATM_HYD_301,Punjab National Bank - Railway Gate 1,Secunderabad Station Transit Hub,Hyderabad,30000,Branch_29,ATM_CASH_WITHDRAWAL,SYNTHETIC / SIMULATED DATA — NOT REAL FINANCIAL DATA
TXN001475,2026-08-28 20:33:45,2026-08-28,20:33:45,Friday,20,17.439413,78.389309,ATM_HYD_205,IndusInd Bank 24/7 ATM - Kavuri Hills,Madhapur Tech Corridor,Hyderabad,50000,Branch_24,ATM_CASH_WITHDRAWAL,SYNTHETIC / SIMULATED DATA — NOT REAL FINANCIAL DATA
TXN001041,2026-08-28 20:58:44,2026-08-28,20:58:44,Friday,20,17.449598,78.387391,ATM_HYD_201,Kotak ATM - Cyber Towers Concourse,Madhapur Tech Corridor,Hyderabad,20000,Branch_11,ATM_CASH_WITHDRAWAL,SYNTHETIC / SIMULATED DATA — NOT REAL FINANCIAL DATA
TXN000318,2026-08-28 21:05:41,2026-08-28,21:05:41,Friday,21,17.434923,78.446185,ATM_HYD_103,ICICI e-Lobby - Ameerpet Cross Roads,Ameerpet Commercial Hub,Hyderabad,25000,Branch_44,ATM_CASH_WITHDRAWAL,SYNTHETIC / SIMULATED DATA — NOT REAL FINANCIAL DATA
TXN002160,2026-08-28 21:12:37,2026-08-28,21:12:37,Friday,21,17.436297,78.510086,ATM_HYD_304,Union Bank ATM - Patny Circle,Secunderabad Station Transit Hub,Hyderabad,50000,Branch_43,ATM_CASH_WITHDRAWAL,SYNTHETIC / SIMULATED DATA — NOT REAL FINANCIAL DATA
TXN000369,2026-08-28 21:44:43,2026-08-28,21:44:43,Friday,21,17.437246,78.445447,ATM_HYD_105,Canara Bank Express ATM - SR Nagar,Ameerpet Commercial Hub,Hyderabad,20000,Branch_21,ATM_CASH_WITHDRAWAL,SYNTHETIC / SIMULATED DATA — NOT REAL FINANCIAL DATA
TXN000758,2026-08-28 21:51:17,2026-08-28,21:51:17,Friday,21,17.454865,78.401059,ATM_HYD_203,HDFC Bank E-Corner - Inorbit Road,Madhapur Tech Corridor,Hyderabad,15000,Branch_14,ATM_CASH_WITHDRAWAL,SYNTHETIC / SIMULATED DATA — NOT REAL FINANCIAL DATA
TXN001545,2026-08-28 22:24:43,2026-08-28,22:24:43,Friday,22,17.364901,78.475079,ATM_HYD_502,SBI ATM - Gulzar Houz,Charminar Heritage Bazaar,Hyderabad,10000,Branch_17,ATM_CASH_WITHDRAWAL,SYNTHETIC / SIMULATED DATA — NOT REAL FINANCIAL DATA
TXN000859,2026-08-28 22:44:38,2026-08-28,22:44:38,Friday,22,17.452614,78.389877,ATM_HYD_202,SBI ATM - Hitec City Metro Pillar 24,Madhapur Tech Corridor,Hyderabad,15000,Branch_45,ATM_CASH_WITHDRAWAL,SYNTHETIC / SIMULATED DATA — NOT REAL FINANCIAL DATA
TXN000048,2026-08-28 23:34:45,2026-08-28,23:34:45,Friday,23,17.456268,78.388836,ATM_HYD_203,HDFC Bank E-Corner - Inorbit Road,Madhapur Tech Corridor,Hyderabad,10000,Branch_43,ATM_CASH_WITHDRAWAL,SYNTHETIC / SIMULATED DATA — NOT REAL FINANCIAL DATA
TXN001025,2026-08-29 03:20:46,2026-08-29,03:20:46,Saturday,3,17.361783,78.46898,ATM_HYD_502,SBI ATM - Gulzar Houz,Charminar Heritage Bazaar,Hyderabad,15000,Branch_46,ATM_CASH_WITHDRAWAL,SYNTHETIC / SIMULATED DATA — NOT REAL FINANCIAL DATA
TXN001203,2026-08-29 08:41:45,2026-08-29,08:41:45,Saturday,8,17.434114,78.448468,ATM_HYD_102,HDFC 24x7 Cash Point - Maitrivanam,Ameerpet Commercial Hub,Hyderabad,25000,Branch_41,ATM_CASH_WITHDRAWAL,SYNTHETIC / SIMULATED DATA — NOT REAL FINANCIAL DATA
TXN002215,2026-08-29 09:13:25,2026-08-29,09:13:25,Saturday,9,17.439637,78.508936,ATM_HYD_303,SBI Multi-Service Lounge - Station Rd,Secunderabad Station Transit Hub,Hyderabad,10000,Branch_15,ATM_CASH_WITHDRAWAL,SYNTHETIC / SIMULATED DATA — NOT REAL FINANCIAL DATA
TXN002398,2026-08-29 09:27:24,2026-08-29,09:27:24,Saturday,9,17.469797,78.548759,ATM_HYD_902,Petrol Pump ATM - Medchal Highway,Isolated / Peripheral Zone,Hyderabad,25000,Branch_93,ATM_CASH_WITHDRAWAL,SYNTHETIC / SIMULATED DATA — NOT REAL FINANCIAL DATA
TXN001794,2026-08-29 12:23:02,2026-08-29,12:23:02,Saturday,12,17.439124,78.505551,ATM_HYD_304,Union Bank ATM - Patny Circle,Secunderabad Station Transit Hub,Hyderabad,50000,Branch_19,ATM_CASH_WITHDRAWAL,SYNTHETIC / SIMULATED DATA — NOT REAL FINANCIAL DATA
TXN000566,2026-08-29 12:47:16,2026-08-29,12:47:16,Saturday,12,17.438552,78.501212,ATM_HYD_302,Bank of Baroda ATM - Clock Tower Cir,Secunderabad Station Transit Hub,Hyderabad,30000,Branch_45,ATM_CASH_WITHDRAWAL,SYNTHETIC / SIMULATED DATA — NOT REAL FINANCIAL DATA
TXN001297,2026-08-29 13:33:37,2026-08-29,13:33:37,Saturday,13,17.438861,78.450645,ATM_HYD_103,ICICI e-Lobby - Ameerpet Cross Roads,Ameerpet Commercial Hub,Hyderabad,20000,Branch_19,ATM_CASH_WITHDRAWAL,SYNTHETIC / SIMULATED DATA — NOT REAL FINANCIAL DATA
TXN000845,2026-08-29 13:44:33,2026-08-29,13:44:33,Saturday,13,17.442415,78.443142,ATM_HYD_104,Axis Bank ATM - Elephant House,Ameerpet Commercial Hub,Hyderabad,20000,Branch_39,ATM_CASH_WITHDRAWAL,SYNTHETIC / SIMULATED DATA — NOT REAL FINANCIAL DATA
TXN000163,2026-08-29 14:11:12,2026-08-29,14:11:12,Saturday,14,17.435394,78.504083,ATM_HYD_301,Punjab National Bank - Railway Gate 1,Secunderabad Station Transit Hub,Hyderabad,25000,Branch_33,ATM_CASH_WITHDRAWAL,SYNTHETIC / SIMULATED DATA — NOT REAL FINANCIAL DATA
TXN000330,2026-08-29 14:14:08,2026-08-29,14:14:08,Saturday,14,17.431786,78.450317,ATM_HYD_101,SBI Kiosk - Ameerpet Metro Junction,Ameerpet Commercial Hub,Hyderabad,25000,Branch_39,ATM_CASH_WITHDRAWAL,SYNTHETIC / SIMULATED DATA — NOT REAL FINANCIAL DATA
TXN001679,2026-08-29 14:38:17,2026-08-29,14:38:17,Saturday,14,17.436299,78.444004,ATM_HYD_102,HDFC 24x7 Cash Point - Maitrivanam,Ameerpet Commercial Hub,Hyderabad,50000,Branch_41,ATM_CASH_WITHDRAWAL,SYNTHETIC / SIMULATED DATA — NOT REAL FINANCIAL DATA
TXN001825,2026-08-29 15:15:49,2026-08-29,15:15:49,Saturday,15,17.438003,78.496805,ATM_HYD_304,Union Bank ATM - Patny Circle,Secunderabad Station Transit Hub,Hyderabad,40000,Branch_17,ATM_CASH_WITHDRAWAL,SYNTHETIC / SIMULATED DATA — NOT REAL FINANCIAL DATA
TXN002082,2026-08-29 15:19:28,2026-08-29,15:19:28,Saturday,15,17.434079,78.446998,ATM_HYD_105,Canara Bank Express ATM - SR Nagar,Ameerpet Commercial Hub,Hyderabad,25000,Branch_15,ATM_CASH_WITHDRAWAL,SYNTHETIC / SIMULATED DATA — NOT REAL FINANCIAL DATA
TXN000165,2026-08-29 15:43:45,2026-08-29,15:43:45,Saturday,15,17.436123,78.447981,ATM_HYD_104,Axis Bank ATM - Elephant House,Ameerpet Commercial Hub,Hyderabad,20000,Branch_17,ATM_CASH_WITHDRAWAL,SYNTHETIC / SIMULATED DATA — NOT REAL FINANCIAL DATA
TXN001871,2026-08-29 15:51:39,2026-08-29,15:51:39,Saturday,15,17.368723,78.524492,ATM_HYD_402,Andhra Bank (UBI) ATM - Chaitanyapuri,Dilsukhnagar Market Corridor,Hyderabad,40000,Branch_33,ATM_CASH_WITHDRAWAL,SYNTHETIC / SIMULATED DATA — NOT REAL FINANCIAL DATA
TXN000253,2026-08-29 15:56:02,2026-08-29,15:56:02,Saturday,15,17.366109,78.519746,ATM_HYD_401,SBI Express ATM - Dilsukhnagar Metro,Dilsukhnagar Market Corridor,Hyderabad,40000,Branch_29,ATM_CASH_WITHDRAWAL,SYNTHETIC / SIMULATED DATA — NOT REAL FINANCIAL DATA
TXN000113,2026-08-29 16:40:55,2026-08-29,16:40:55,Saturday,16,17.36184,78.475259,ATM_HYD_503,HDFC Bank Kiosk - Nayapul Bridge,Charminar Heritage Bazaar,Hyderabad,20000,Branch_16,ATM_CASH_WITHDRAWAL,SYNTHETIC / SIMULATED DATA — NOT REAL FINANCIAL DATA
TXN002427,2026-08-29 17:13:36,2026-08-29,17:13:36,Saturday,17,17.455108,78.386718,ATM_HYD_901,Rural Kiosk - Outer Ring Road Exit 4,Isolated / Peripheral Zone,Hyderabad,30000,Branch_63,ATM_CASH_WITHDRAWAL,SYNTHETIC / SIMULATED DATA — NOT REAL FINANCIAL DATA
TXN000862,2026-08-29 17:44:55,2026-08-29,17:44:55,Saturday,17,17.453247,78.390384,ATM_HYD_201,Kotak ATM - Cyber Towers Concourse,Madhapur Tech Corridor,Hyderabad,20000,Branch_43,ATM_CASH_WITHDRAWAL,SYNTHETIC / SIMULATED DATA — NOT REAL FINANCIAL DATA
TXN001748,2026-08-29 18:14:03,2026-08-29,18:14:03,Saturday,18,17.438593,78.445936,ATM_HYD_105,Canara Bank Express ATM - SR Nagar,Ameerpet Commercial Hub,Hyderabad,20000,Branch_31,ATM_CASH_WITHDRAWAL,SYNTHETIC / SIMULATED DATA — NOT REAL FINANCIAL DATA
TXN001765,2026-08-29 18:30:42,2026-08-29,18:30:42,Saturday,18,17.441256,78.447715,ATM_HYD_102,HDFC 24x7 Cash Point - Maitrivanam,Ameerpet Commercial Hub,Hyderabad,18000,Branch_14,ATM_CASH_WITHDRAWAL,SYNTHETIC / SIMULATED DATA — NOT REAL FINANCIAL DATA
TXN001525,2026-08-29 18:34:38,2026-08-29,18:34:38,Saturday,18,17.440632,78.388305,ATM_HYD_202,SBI ATM - Hitec City Metro Pillar 24,Madhapur Tech Corridor,Hyderabad,20000,Branch_20,ATM_CASH_WITHDRAWAL,SYNTHETIC / SIMULATED DATA — NOT REAL FINANCIAL DATA
TXN000588,2026-08-29 19:31:58,2026-08-29,19:31:58,Saturday,19,17.437355,78.445453,ATM_HYD_104,Axis Bank ATM - Elephant House,Ameerpet Commercial Hub,Hyderabad,25000,Branch_40,ATM_CASH_WITHDRAWAL,SYNTHETIC / SIMULATED DATA — NOT REAL FINANCIAL DATA
TXN000313,2026-08-29 20:05:22,2026-08-29,20:05:22,Saturday,20,17.437549,78.451182,ATM_HYD_102,HDFC 24x7 Cash Point - Maitrivanam,Ameerpet Commercial Hub,Hyderabad,15000,Branch_26,ATM_CASH_WITHDRAWAL,SYNTHETIC / SIMULATED DATA — NOT REAL FINANCIAL DATA
TXN000324,2026-08-29 21:12:11,2026-08-29,21:12:11,Saturday,21,17.433605,78.452049,ATM_HYD_103,ICICI e-Lobby - Ameerpet Cross Roads,Ameerpet Commercial Hub,Hyderabad,40000,Branch_35,ATM_CASH_WITHDRAWAL,SYNTHETIC / SIMULATED DATA — NOT REAL FINANCIAL DATA
TXN000310,2026-08-29 21:29:31,2026-08-29,21:29:31,Saturday,21,17.437209,78.444177,ATM_HYD_102,HDFC 24x7 Cash Point - Maitrivanam,Ameerpet Commercial Hub,Hyderabad,30000,Branch_41,ATM_CASH_WITHDRAWAL,SYNTHETIC / SIMULATED DATA — NOT REAL FINANCIAL DATA
TXN001649,2026-08-29 21:33:22,2026-08-29,21:33:22,Saturday,21,17.37263,78.529271,ATM_HYD_404,Canara Bank ATM - Dilsukhnagar Bus Depot,Dilsukhnagar Market Corridor,Hyderabad,50000,Branch_17,ATM_CASH_WITHDRAWAL,SYNTHETIC / SIMULATED DATA — NOT REAL FINANCIAL DATA
TXN000641,2026-08-29 21:39:33,2026-08-29,21:39:33,Saturday,21,17.431698,78.448093,ATM_HYD_103,ICICI e-Lobby - Ameerpet Cross Roads,Ameerpet Commercial Hub,Hyderabad,30000,Branch_45,ATM_CASH_WITHDRAWAL,SYNTHETIC / SIMULATED DATA — NOT REAL FINANCIAL DATA
TXN002151,2026-08-29 22:11:37,2026-08-29,22:11:37,Saturday,22,17.445221,78.387911,ATM_HYD_203,HDFC Bank E-Corner - Inorbit Road,Madhapur Tech Corridor,Hyderabad,25000,Branch_16,ATM_CASH_WITHDRAWAL,SYNTHETIC / SIMULATED DATA — NOT REAL FINANCIAL DATA
TXN000342,2026-08-29 22:34:27,2026-08-29,22:34:27,Saturday,22,17.450238,78.386457,ATM_HYD_201,Kotak ATM - Cyber Towers Concourse,Madhapur Tech Corridor,Hyderabad,25000,Branch_24,ATM_CASH_WITHDRAWAL,SYNTHETIC / SIMULATED DATA — NOT REAL FINANCIAL DATA
TXN001346,2026-08-29 23:51:54,2026-08-29,23:51:54,Saturday,23,17.447578,78.393656,ATM_HYD_203,HDFC Bank E-Corner - Inorbit Road,Madhapur Tech Corridor,Hyderabad,25000,Branch_25,ATM_CASH_WITHDRAWAL,SYNTHETIC / SIMULATED DATA — NOT REAL FINANCIAL DATA
TXN001835,2026-08-30 03:17:06,2026-08-30,03:17:06,Sunday,3,17.368659,78.519411,ATM_HYD_402,Andhra Bank (UBI) ATM - Chaitanyapuri,Dilsukhnagar Market Corridor,Hyderabad,10000,Branch_41,ATM_CASH_WITHDRAWAL,SYNTHETIC / SIMULATED DATA — NOT REAL FINANCIAL DATA
TXN001040,2026-08-30 03:26:43,2026-08-30,03:26:43,Sunday,3,17.444242,78.391329,ATM_HYD_203,HDFC Bank E-Corner - Inorbit Road,Madhapur Tech Corridor,Hyderabad,20000,Branch_40,ATM_CASH_WITHDRAWAL,SYNTHETIC / SIMULATED DATA — NOT REAL FINANCIAL DATA
TXN002490,2026-08-30 03:51:00,2026-08-30,03:51:00,Sunday,3,17.46974,78.385853,ATM_HYD_902,Petrol Pump ATM - Medchal Highway,Isolated / Peripheral Zone,Hyderabad,10000,Branch_97,ATM_CASH_WITHDRAWAL,SYNTHETIC / SIMULATED DATA — NOT REAL FINANCIAL DATA
TXN001516,2026-08-30 06:29:27,2026-08-30,06:29:27,Sunday,6,17.435405,78.444805,ATM_HYD_103,ICICI e-Lobby - Ameerpet Cross Roads,Ameerpet Commercial Hub,Hyderabad,15000,Branch_22,ATM_CASH_WITHDRAWAL,SYNTHETIC / SIMULATED DATA — NOT REAL FINANCIAL DATA
TXN002466,2026-08-30 08:21:20,2026-08-30,08:21:20,Sunday,8,17.505076,78.423634,ATM_HYD_902,Petrol Pump ATM - Medchal Highway,Isolated / Peripheral Zone,Hyderabad,10000,Branch_64,ATM_CASH_WITHDRAWAL,SYNTHETIC / SIMULATED DATA — NOT REAL FINANCIAL DATA
TXN001767,2026-08-30 09:23:10,2026-08-30,09:23:10,Sunday,9,17.43841,78.501922,ATM_HYD_304,Union Bank ATM - Patny Circle,Secunderabad Station Transit Hub,Hyderabad,20000,Branch_28,ATM_CASH_WITHDRAWAL,SYNTHETIC / SIMULATED DATA — NOT REAL FINANCIAL DATA
TXN002362,2026-08-30 11:04:54,2026-08-30,11:04:54,Sunday,11,17.395496,78.562131,ATM_HYD_904,Express ATM - Uppal Outskirts,Isolated / Peripheral Zone,Hyderabad,25000,Branch_74,ATM_CASH_WITHDRAWAL,SYNTHETIC / SIMULATED DATA — NOT REAL FINANCIAL DATA
TXN001884,2026-08-30 11:15:35,2026-08-30,11:15:35,Sunday,11,17.438703,78.503001,ATM_HYD_303,SBI Multi-Service Lounge - Station Rd,Secunderabad Station Transit Hub,Hyderabad,25000,Branch_34,ATM_CASH_WITHDRAWAL,SYNTHETIC / SIMULATED DATA — NOT REAL FINANCIAL DATA
TXN002434,2026-08-30 11:52:26,2026-08-30,11:52:26,Sunday,11,17.455488,78.510608,ATM_HYD_904,Express ATM - Uppal Outskirts,Isolated / Peripheral Zone,Hyderabad,10000,Branch_89,ATM_CASH_WITHDRAWAL,SYNTHETIC / SIMULATED DATA — NOT REAL FINANCIAL DATA
TXN000609,2026-08-30 13:45:52,2026-08-30,13:45:52,Sunday,13,17.448676,78.385821,ATM_HYD_205,IndusInd Bank 24/7 ATM - Kavuri Hills,Madhapur Tech Corridor,Hyderabad,10000,Branch_39,ATM_CASH_WITHDRAWAL,SYNTHETIC / SIMULATED DATA — NOT REAL FINANCIAL DATA
TXN002005,2026-08-30 14:15:37,2026-08-30,14:15:37,Sunday,14,17.436259,78.44189,ATM_HYD_105,Canara Bank Express ATM - SR Nagar,Ameerpet Commercial Hub,Hyderabad,25000,Branch_40,ATM_CASH_WITHDRAWAL,SYNTHETIC / SIMULATED DATA — NOT REAL FINANCIAL DATA
TXN000852,2026-08-30 14:18:40,2026-08-30,14:18:40,Sunday,14,17.438884,78.502172,ATM_HYD_304,Union Bank ATM - Patny Circle,Secunderabad Station Transit Hub,Hyderabad,20000,Branch_18,ATM_CASH_WITHDRAWAL,SYNTHETIC / SIMULATED DATA — NOT REAL FINANCIAL DATA
TXN001708,2026-08-30 14:36:27,2026-08-30,14:36:27,Sunday,14,17.4326,78.453377,ATM_HYD_103,ICICI e-Lobby - Ameerpet Cross Roads,Ameerpet Commercial Hub,Hyderabad,20000,Branch_30,ATM_CASH_WITHDRAWAL,SYNTHETIC / SIMULATED DATA — NOT REAL FINANCIAL DATA
TXN000861,2026-08-30 14:52:04,2026-08-30,14:52:04,Sunday,14,17.439946,78.503612,ATM_HYD_301,Punjab National Bank - Railway Gate 1,Secunderabad Station Transit Hub,Hyderabad,20000,Branch_45,ATM_CASH_WITHDRAWAL,SYNTHETIC / SIMULATED DATA — NOT REAL FINANCIAL DATA
TXN001549,2026-08-30 15:22:56,2026-08-30,15:22:56,Sunday,15,17.436987,78.445321,ATM_HYD_102,HDFC 24x7 Cash Point - Maitrivanam,Ameerpet Commercial Hub,Hyderabad,50000,Branch_33,ATM_CASH_WITHDRAWAL,SYNTHETIC / SIMULATED DATA — NOT REAL FINANCIAL DATA
TXN001098,2026-08-30 15:27:42,2026-08-30,15:27:42,Sunday,15,17.439645,78.447543,ATM_HYD_101,SBI Kiosk - Ameerpet Metro Junction,Ameerpet Commercial Hub,Hyderabad,25000,Branch_22,ATM_CASH_WITHDRAWAL,SYNTHETIC / SIMULATED DATA — NOT REAL FINANCIAL DATA
TXN000812,2026-08-30 16:39:52,2026-08-30,16:39:52,Sunday,16,17.374567,78.531314,ATM_HYD_401,SBI Express ATM - Dilsukhnagar Metro,Dilsukhnagar Market Corridor,Hyderabad,20000,Branch_38,ATM_CASH_WITHDRAWAL,SYNTHETIC / SIMULATED DATA — NOT REAL FINANCIAL DATA
TXN002192,2026-08-30 17:26:45,2026-08-30,17:26:45,Sunday,17,17.370598,78.518436,ATM_HYD_404,Canara Bank ATM - Dilsukhnagar Bus Depot,Dilsukhnagar Market Corridor,Hyderabad,10000,Branch_24,ATM_CASH_WITHDRAWAL,SYNTHETIC / SIMULATED DATA — NOT REAL FINANCIAL DATA
TXN001373,2026-08-30 17:48:15,2026-08-30,17:48:15,Sunday,17,17.372861,78.530225,ATM_HYD_401,SBI Express ATM - Dilsukhnagar Metro,Dilsukhnagar Market Corridor,Hyderabad,20000,Branch_13,ATM_CASH_WITHDRAWAL,SYNTHETIC / SIMULATED DATA — NOT REAL FINANCIAL DATA
TXN000789,2026-08-30 18:33:06,2026-08-30,18:33:06,Sunday,18,17.446246,78.388202,ATM_HYD_201,Kotak ATM - Cyber Towers Concourse,Madhapur Tech Corridor,Hyderabad,8000,Branch_44,ATM_CASH_WITHDRAWAL,SYNTHETIC / SIMULATED DATA — NOT REAL FINANCIAL DATA
TXN001168,2026-08-30 18:43:57,2026-08-30,18:43:57,Sunday,18,17.446348,78.390893,ATM_HYD_204,ICICI Bank Express ATM - Madhapur Police Station,Madhapur Tech Corridor,Hyderabad,25000,Branch_25,ATM_CASH_WITHDRAWAL,SYNTHETIC / SIMULATED DATA — NOT REAL FINANCIAL DATA
TXN001360,2026-08-30 19:00:03,2026-08-30,19:00:03,Sunday,19,17.44513,78.499007,ATM_HYD_304,Union Bank ATM - Patny Circle,Secunderabad Station Transit Hub,Hyderabad,10000,Branch_22,ATM_CASH_WITHDRAWAL,SYNTHETIC / SIMULATED DATA — NOT REAL FINANCIAL DATA
TXN001215,2026-08-30 19:21:24,2026-08-30,19:21:24,Sunday,19,17.437405,78.499311,ATM_HYD_302,Bank of Baroda ATM - Clock Tower Cir,Secunderabad Station Transit Hub,Hyderabad,30000,Branch_18,ATM_CASH_WITHDRAWAL,SYNTHETIC / SIMULATED DATA — NOT REAL FINANCIAL DATA
TXN002008,2026-08-30 19:27:55,2026-08-30,19:27:55,Sunday,19,17.442948,78.500508,ATM_HYD_304,Union Bank ATM - Patny Circle,Secunderabad Station Transit Hub,Hyderabad,15000,Branch_38,ATM_CASH_WITHDRAWAL,SYNTHETIC / SIMULATED DATA — NOT REAL FINANCIAL DATA
TXN001962,2026-08-30 19:28:43,2026-08-30,19:28:43,Sunday,19,17.457134,78.385659,ATM_HYD_203,HDFC Bank E-Corner - Inorbit Road,Madhapur Tech Corridor,Hyderabad,20000,Branch_19,ATM_CASH_WITHDRAWAL,SYNTHETIC / SIMULATED DATA — NOT REAL FINANCIAL DATA
TXN000107,2026-08-30 19:30:35,2026-08-30,19:30:35,Sunday,19,17.443144,78.387318,ATM_HYD_202,SBI ATM - Hitec City Metro Pillar 24,Madhapur Tech Corridor,Hyderabad,40000,Branch_37,ATM_CASH_WITHDRAWAL,SYNTHETIC / SIMULATED DATA — NOT REAL FINANCIAL DATA
TXN000805,2026-08-30 19:34:36,2026-08-30,19:34:36,Sunday,19,17.455262,78.392333,ATM_HYD_201,Kotak ATM - Cyber Towers Concourse,Madhapur Tech Corridor,Hyderabad,25000,Branch_24,ATM_CASH_WITHDRAWAL,SYNTHETIC / SIMULATED DATA — NOT REAL FINANCIAL DATA
TXN000561,2026-08-30 19:48:15,2026-08-30,19:48:15,Sunday,19,17.439891,78.499574,ATM_HYD_303,SBI Multi-Service Lounge - Station Rd,Secunderabad Station Transit Hub,Hyderabad,25000,Branch_48,ATM_CASH_WITHDRAWAL,SYNTHETIC / SIMULATED DATA — NOT REAL FINANCIAL DATA
TXN000652,2026-08-30 19:48:59,2026-08-30,19:48:59,Sunday,19,17.442563,78.3912,ATM_HYD_203,HDFC Bank E-Corner - Inorbit Road,Madhapur Tech Corridor,Hyderabad,20000,Branch_35,ATM_CASH_WITHDRAWAL,SYNTHETIC / SIMULATED DATA — NOT REAL FINANCIAL DATA
TXN000752,2026-08-30 19:52:48,2026-08-30,19:52:48,Sunday,19,17.360714,78.476968,ATM_HYD_501,Bank of India - Madina Market,Charminar Heritage Bazaar,Hyderabad,25000,Branch_32,ATM_CASH_WITHDRAWAL,SYNTHETIC / SIMULATED DATA — NOT REAL FINANCIAL DATA
TXN001457,2026-08-30 19:57:50,2026-08-30,19:57:50,Sunday,19,17.435925,78.504899,ATM_HYD_302,Bank of Baroda ATM - Clock Tower Cir,Secunderabad Station Transit Hub,Hyderabad,10000,Branch_44,ATM_CASH_WITHDRAWAL,SYNTHETIC / SIMULATED DATA — NOT REAL FINANCIAL DATA
TXN001434,2026-08-30 20:07:17,2026-08-30,20:07:17,Sunday,20,17.437786,78.501098,ATM_HYD_303,SBI Multi-Service Lounge - Station Rd,Secunderabad Station Transit Hub,Hyderabad,50000,Branch_46,ATM_CASH_WITHDRAWAL,SYNTHETIC / SIMULATED DATA — NOT REAL FINANCIAL DATA
TXN001094,2026-08-30 20:12:31,2026-08-30,20:12:31,Sunday,20,17.442969,78.392075,ATM_HYD_205,IndusInd Bank 24/7 ATM - Kavuri Hills,Madhapur Tech Corridor,Hyderabad,30000,Branch_14,ATM_CASH_WITHDRAWAL,SYNTHETIC / SIMULATED DATA — NOT REAL FINANCIAL DATA
TXN001177,2026-08-30 20:23:44,2026-08-30,20:23:44,Sunday,20,17.376281,78.522237,ATM_HYD_404,Canara Bank ATM - Dilsukhnagar Bus Depot,Dilsukhnagar Market Corridor,Hyderabad,25000,Branch_35,ATM_CASH_WITHDRAWAL,SYNTHETIC / SIMULATED DATA — NOT REAL FINANCIAL DATA
TXN001039,2026-08-30 20:29:14,2026-08-30,20:29:14,Sunday,20,17.437644,78.45026,ATM_HYD_105,Canara Bank Express ATM - SR Nagar,Ameerpet Commercial Hub,Hyderabad,23000,Branch_19,ATM_CASH_WITHDRAWAL,SYNTHETIC / SIMULATED DATA — NOT REAL FINANCIAL DATA
TXN002206,2026-08-30 20:40:15,2026-08-30,20:40:15,Sunday,20,17.365667,78.476914,ATM_HYD_501,Bank of India - Madina Market,Charminar Heritage Bazaar,Hyderabad,20000,Branch_30,ATM_CASH_WITHDRAWAL,SYNTHETIC / SIMULATED DATA — NOT REAL FINANCIAL DATA
TXN000824,2026-08-30 21:17:51,2026-08-30,21:17:51,Sunday,21,17.446568,78.396862,ATM_HYD_203,HDFC Bank E-Corner - Inorbit Road,Madhapur Tech Corridor,Hyderabad,42000,Branch_34,ATM_CASH_WITHDRAWAL,SYNTHETIC / SIMULATED DATA — NOT REAL FINANCIAL DATA
TXN002014,2026-08-30 21:28:21,2026-08-30,21:28:21,Sunday,21,17.440074,78.444701,ATM_HYD_104,Axis Bank ATM - Elephant House,Ameerpet Commercial Hub,Hyderabad,20000,Branch_44,ATM_CASH_WITHDRAWAL,SYNTHETIC / SIMULATED DATA — NOT REAL FINANCIAL DATA
TXN000558,2026-08-30 21:39:25,2026-08-30,21:39:25,Sunday,21,17.445555,78.446078,ATM_HYD_104,Axis Bank ATM - Elephant House,Ameerpet Commercial Hub,Hyderabad,25000,Branch_10,ATM_CASH_WITHDRAWAL,SYNTHETIC / SIMULATED DATA — NOT REAL FINANCIAL DATA
TXN002251,2026-08-30 21:42:35,2026-08-30,21:42:35,Sunday,21,17.475907,78.475155,ATM_HYD_902,Petrol Pump ATM - Medchal Highway,Isolated / Peripheral Zone,Hyderabad,30000,Branch_71,ATM_CASH_WITHDRAWAL,SYNTHETIC / SIMULATED DATA — NOT REAL FINANCIAL DATA
TXN001922,2026-08-31 00:39:34,2026-08-31,00:39:34,Monday,0,17.435245,78.445906,ATM_HYD_101,SBI Kiosk - Ameerpet Metro Junction,Ameerpet Commercial Hub,Hyderabad,17000,Branch_39,ATM_CASH_WITHDRAWAL,SYNTHETIC / SIMULATED DATA — NOT REAL FINANCIAL DATA
TXN002352,2026-08-31 02:07:22,2026-08-31,02:07:22,Monday,2,17.31987,78.470664,ATM_HYD_901,Rural Kiosk - Outer Ring Road Exit 4,Isolated / Peripheral Zone,Hyderabad,20000,Branch_63,ATM_CASH_WITHDRAWAL,SYNTHETIC / SIMULATED DATA — NOT REAL FINANCIAL DATA
TXN002252,2026-08-31 03:46:41,2026-08-31,03:46:41,Monday,3,17.373188,78.537854,ATM_HYD_905,Highway Kiosk - Patancheru Depot,Isolated / Peripheral Zone,Hyderabad,20000,Branch_77,ATM_CASH_WITHDRAWAL,SYNTHETIC / SIMULATED DATA — NOT REAL FINANCIAL DATA
TXN001719,2026-08-31 04:25:41,2026-08-31,04:25:41,Monday,4,17.367392,78.47337,ATM_HYD_502,SBI ATM - Gulzar Houz,Charminar Heritage Bazaar,Hyderabad,40000,Branch_41,ATM_CASH_WITHDRAWAL,SYNTHETIC / SIMULATED DATA — NOT REAL FINANCIAL DATA
TXN001672,2026-08-31 06:36:21,2026-08-31,06:36:21,Monday,6,17.368582,78.529774,ATM_HYD_403,HDFC Cash Machine - Malakpet Link,Dilsukhnagar Market Corridor,Hyderabad,20000,Branch_42,ATM_CASH_WITHDRAWAL,SYNTHETIC / SIMULATED DATA — NOT REAL FINANCIAL DATA
TXN002205,2026-08-31 10:01:39,2026-08-31,10:01:39,Monday,10,17.439751,78.509956,ATM_HYD_301,Punjab National Bank - Railway Gate 1,Secunderabad Station Transit Hub,Hyderabad,10000,Branch_19,ATM_CASH_WITHDRAWAL,SYNTHETIC / SIMULATED DATA — NOT REAL FINANCIAL DATA
TXN002162,2026-08-31 10:51:57,2026-08-31,10:51:57,Monday,10,17.433843,78.499912,ATM_HYD_302,Bank of Baroda ATM - Clock Tower Cir,Secunderabad Station Transit Hub,Hyderabad,40000,Branch_13,ATM_CASH_WITHDRAWAL,SYNTHETIC / SIMULATED DATA — NOT REAL FINANCIAL DATA
TXN002293,2026-08-31 11:52:32,2026-08-31,11:52:32,Monday,11,17.493629,78.551938,ATM_HYD_901,Rural Kiosk - Outer Ring Road Exit 4,Isolated / Peripheral Zone,Hyderabad,50000,Branch_67,ATM_CASH_WITHDRAWAL,SYNTHETIC / SIMULATED DATA — NOT REAL FINANCIAL DATA
TXN001577,2026-08-31 12:46:26,2026-08-31,12:46:26,Monday,12,17.436297,78.443836,ATM_HYD_102,HDFC 24x7 Cash Point - Maitrivanam,Ameerpet Commercial Hub,Hyderabad,15000,Branch_18,ATM_CASH_WITHDRAWAL,SYNTHETIC / SIMULATED DATA — NOT REAL FINANCIAL DATA
TXN000448,2026-08-31 13:08:24,2026-08-31,13:08:24,Monday,13,17.44138,78.501094,ATM_HYD_301,Punjab National Bank - Railway Gate 1,Secunderabad Station Transit Hub,Hyderabad,10000,Branch_18,ATM_CASH_WITHDRAWAL,SYNTHETIC / SIMULATED DATA — NOT REAL FINANCIAL DATA
TXN000876,2026-08-31 13:13:36,2026-08-31,13:13:36,Monday,13,17.435369,78.443006,ATM_HYD_105,Canara Bank Express ATM - SR Nagar,Ameerpet Commercial Hub,Hyderabad,50000,Branch_32,ATM_CASH_WITHDRAWAL,SYNTHETIC / SIMULATED DATA — NOT REAL FINANCIAL DATA
TXN000132,2026-08-31 13:49:25,2026-08-31,13:49:25,Monday,13,17.436751,78.448835,ATM_HYD_101,SBI Kiosk - Ameerpet Metro Junction,Ameerpet Commercial Hub,Hyderabad,20000,Branch_10,ATM_CASH_WITHDRAWAL,SYNTHETIC / SIMULATED DATA — NOT REAL FINANCIAL DATA
TXN000013,2026-08-31 14:13:58,2026-08-31,14:13:58,Monday,14,17.363649,78.527426,ATM_HYD_401,SBI Express ATM - Dilsukhnagar Metro,Dilsukhnagar Market Corridor,Hyderabad,15000,Branch_30,ATM_CASH_WITHDRAWAL,SYNTHETIC / SIMULATED DATA — NOT REAL FINANCIAL DATA
TXN001998,2026-08-31 14:17:38,2026-08-31,14:17:38,Monday,14,17.442072,78.444002,ATM_HYD_102,HDFC 24x7 Cash Point - Maitrivanam,Ameerpet Commercial Hub,Hyderabad,30000,Branch_17,ATM_CASH_WITHDRAWAL,SYNTHETIC / SIMULATED DATA — NOT REAL FINANCIAL DATA
TXN002300,2026-08-31 14:37:45,2026-08-31,14:37:45,Monday,14,17.455765,78.393554,ATM_HYD_904,Express ATM - Uppal Outskirts,Isolated / Peripheral Zone,Hyderabad,40000,Branch_85,ATM_CASH_WITHDRAWAL,SYNTHETIC / SIMULATED DATA — NOT REAL FINANCIAL DATA
TXN002048,2026-08-31 14:47:12,2026-08-31,14:47:12,Monday,14,17.439234,78.504256,ATM_HYD_303,SBI Multi-Service Lounge - Station Rd,Secunderabad Station Transit Hub,Hyderabad,20000,Branch_22,ATM_CASH_WITHDRAWAL,SYNTHETIC / SIMULATED DATA — NOT REAL FINANCIAL DATA
TXN001571,2026-08-31 14:52:24,2026-08-31,14:52:24,Monday,14,17.442511,78.503494,ATM_HYD_304,Union Bank ATM - Patny Circle,Secunderabad Station Transit Hub,Hyderabad,20000,Branch_33,ATM_CASH_WITHDRAWAL,SYNTHETIC / SIMULATED DATA — NOT REAL FINANCIAL DATA
TXN001146,2026-08-31 15:31:55,2026-08-31,15:31:55,Monday,15,17.370474,78.523063,ATM_HYD_401,SBI Express ATM - Dilsukhnagar Metro,Dilsukhnagar Market Corridor,Hyderabad,25000,Branch_27,ATM_CASH_WITHDRAWAL,SYNTHETIC / SIMULATED DATA — NOT REAL FINANCIAL DATA
TXN000893,2026-08-31 15:45:48,2026-08-31,15:45:48,Monday,15,17.369362,78.532578,ATM_HYD_403,HDFC Cash Machine - Malakpet Link,Dilsukhnagar Market Corridor,Hyderabad,20000,Branch_44,ATM_CASH_WITHDRAWAL,SYNTHETIC / SIMULATED DATA — NOT REAL FINANCIAL DATA
TXN000045,2026-08-31 16:44:46,2026-08-31,16:44:46,Monday,16,17.441632,78.452813,ATM_HYD_104,Axis Bank ATM - Elephant House,Ameerpet Commercial Hub,Hyderabad,20000,Branch_10,ATM_CASH_WITHDRAWAL,SYNTHETIC / SIMULATED DATA — NOT REAL FINANCIAL DATA
TXN001429,2026-08-31 19:12:54,2026-08-31,19:12:54,Monday,19,17.439836,78.498112,ATM_HYD_301,Punjab National Bank - Railway Gate 1,Secunderabad Station Transit Hub,Hyderabad,15000,Branch_37,ATM_CASH_WITHDRAWAL,SYNTHETIC / SIMULATED DATA — NOT REAL FINANCIAL DATA
TXN001145,2026-08-31 19:24:11,2026-08-31,19:24:11,Monday,19,17.435167,78.443789,ATM_HYD_101,SBI Kiosk - Ameerpet Metro Junction,Ameerpet Commercial Hub,Hyderabad,40000,Branch_26,ATM_CASH_WITHDRAWAL,SYNTHETIC / SIMULATED DATA — NOT REAL FINANCIAL DATA
TXN000661,2026-08-31 19:39:42,2026-08-31,19:39:42,Monday,19,17.443129,78.389036,ATM_HYD_202,SBI ATM - Hitec City Metro Pillar 24,Madhapur Tech Corridor,Hyderabad,50000,Branch_47,ATM_CASH_WITHDRAWAL,SYNTHETIC / SIMULATED DATA — NOT REAL FINANCIAL DATA
TXN000829,2026-08-31 19:58:08,2026-08-31,19:58:08,Monday,19,17.434359,78.501253,ATM_HYD_302,Bank of Baroda ATM - Clock Tower Cir,Secunderabad Station Transit Hub,Hyderabad,25000,Branch_19,ATM_CASH_WITHDRAWAL,SYNTHETIC / SIMULATED DATA — NOT REAL FINANCIAL DATA
TXN001906,2026-08-31 20:18:11,2026-08-31,20:18:11,Monday,20,17.435618,78.444539,ATM_HYD_102,HDFC 24x7 Cash Point - Maitrivanam,Ameerpet Commercial Hub,Hyderabad,20000,Branch_46,ATM_CASH_WITHDRAWAL,SYNTHETIC / SIMULATED DATA — NOT REAL FINANCIAL DATA
TXN000821,2026-08-31 20:34:05,2026-08-31,20:34:05,Monday,20,17.368443,78.526111,ATM_HYD_401,SBI Express ATM - Dilsukhnagar Metro,Dilsukhnagar Market Corridor,Hyderabad,25000,Branch_42,ATM_CASH_WITHDRAWAL,SYNTHETIC / SIMULATED DATA — NOT REAL FINANCIAL DATA
TXN001637,2026-08-31 20:51:10,2026-08-31,20:51:10,Monday,20,17.449164,78.390608,ATM_HYD_204,ICICI Bank Express ATM - Madhapur Police Station,Madhapur Tech Corridor,Hyderabad,50000,Branch_10,ATM_CASH_WITHDRAWAL,SYNTHETIC / SIMULATED DATA — NOT REAL FINANCIAL DATA
TXN000913,2026-08-31 21:17:25,2026-08-31,21:17:25,Monday,21,17.43763,78.504565,ATM_HYD_304,Union Bank ATM - Patny Circle,Secunderabad Station Transit Hub,Hyderabad,10000,Branch_37,ATM_CASH_WITHDRAWAL,SYNTHETIC / SIMULATED DATA — NOT REAL FINANCIAL DATA
TXN000136,2026-08-31 21:26:05,2026-08-31,21:26:05,Monday,21,17.439383,78.386821,ATM_HYD_202,SBI ATM - Hitec City Metro Pillar 24,Madhapur Tech Corridor,Hyderabad,20000,Branch_17,ATM_CASH_WITHDRAWAL,SYNTHETIC / SIMULATED DATA — NOT REAL FINANCIAL DATA
TXN000150,2026-08-31 21:31:55,2026-08-31,21:31:55,Monday,21,17.440153,78.446159,ATM_HYD_104,Axis Bank ATM - Elephant House,Ameerpet Commercial Hub,Hyderabad,20000,Branch_49,ATM_CASH_WITHDRAWAL,SYNTHETIC / SIMULATED DATA — NOT REAL FINANCIAL DATA
TXN000741,2026-08-31 22:17:38,2026-08-31,22:17:38,Monday,22,17.446979,78.391944,ATM_HYD_203,HDFC Bank E-Corner - Inorbit Road,Madhapur Tech Corridor,Hyderabad,50000,Branch_27,ATM_CASH_WITHDRAWAL,SYNTHETIC / SIMULATED DATA — NOT REAL FINANCIAL DATA
TXN001104,2026-08-31 22:30:56,2026-08-31,22:30:56,Monday,22,17.361064,78.472203,ATM_HYD_502,SBI ATM - Gulzar Houz,Charminar Heritage Bazaar,Hyderabad,50000,Branch_23,ATM_CASH_WITHDRAWAL,SYNTHETIC / SIMULATED DATA — NOT REAL FINANCIAL DATA
TXN000831,2026-08-31 22:35:44,2026-08-31,22:35:44,Monday,22,17.436275,78.44719,ATM_HYD_101,SBI Kiosk - Ameerpet Metro Junction,Ameerpet Commercial Hub,Hyderabad,15000,Branch_36,ATM_CASH_WITHDRAWAL,SYNTHETIC / SIMULATED DATA — NOT REAL FINANCIAL DATA
TXN002170,2026-08-31 22:47:58,2026-08-31,22:47:58,Monday,22,17.445816,78.388626,ATM_HYD_205,IndusInd Bank 24/7 ATM - Kavuri Hills,Madhapur Tech Corridor,Hyderabad,20000,Branch_10,ATM_CASH_WITHDRAWAL,SYNTHETIC / SIMULATED DATA — NOT REAL FINANCIAL DATA
TXN002203,2026-08-31 23:39:33,2026-08-31,23:39:33,Monday,23,17.447504,78.384894,ATM_HYD_204,ICICI Bank Express ATM - Madhapur Police Station,Madhapur Tech Corridor,Hyderabad,10000,Branch_12,ATM_CASH_WITHDRAWAL,SYNTHETIC / SIMULATED DATA — NOT REAL FINANCIAL DATA
TXN002496,2026-09-01 00:33:25,2026-09-01,00:33:25,Tuesday,0,17.342816,78.427679,ATM_HYD_902,Petrol Pump ATM - Medchal Highway,Isolated / Peripheral Zone,Hyderabad,50000,Branch_80,ATM_CASH_WITHDRAWAL,SYNTHETIC / SIMULATED DATA — NOT REAL FINANCIAL DATA
TXN002438,2026-09-01 00:47:46,2026-09-01,00:47:46,Tuesday,0,17.374993,78.432122,ATM_HYD_903,Market Yard Cash Point - Shamshabad Link,Isolated / Peripheral Zone,Hyderabad,20000,Branch_51,ATM_CASH_WITHDRAWAL,SYNTHETIC / SIMULATED DATA — NOT REAL FINANCIAL DATA
TXN002279,2026-09-01 01:44:13,2026-09-01,01:44:13,Tuesday,1,17.455231,78.377702,ATM_HYD_904,Express ATM - Uppal Outskirts,Isolated / Peripheral Zone,Hyderabad,25000,Branch_70,ATM_CASH_WITHDRAWAL,SYNTHETIC / SIMULATED DATA — NOT REAL FINANCIAL DATA
TXN000576,2026-09-01 06:48:39,2026-09-01,06:48:39,Tuesday,6,17.362066,78.476147,ATM_HYD_501,Bank of India - Madina Market,Charminar Heritage Bazaar,Hyderabad,50000,Branch_11,ATM_CASH_WITHDRAWAL,SYNTHETIC / SIMULATED DATA — NOT REAL FINANCIAL DATA
TXN000101,2026-09-01 07:01:26,2026-09-01,07:01:26,Tuesday,7,17.438737,78.446518,ATM_HYD_103,ICICI e-Lobby - Ameerpet Cross Roads,Ameerpet Commercial Hub,Hyderabad,20000,Branch_15,ATM_CASH_WITHDRAWAL,SYNTHETIC / SIMULATED DATA — NOT REAL FINANCIAL DATA
TXN001914,2026-09-01 07:10:52,2026-09-01,07:10:52,Tuesday,7,17.453045,78.382246,ATM_HYD_201,Kotak ATM - Cyber Towers Concourse,Madhapur Tech Corridor,Hyderabad,10000,Branch_10,ATM_CASH_WITHDRAWAL,SYNTHETIC / SIMULATED DATA — NOT REAL FINANCIAL DATA
TXN002297,2026-09-01 08:11:13,2026-09-01,08:11:13,Tuesday,8,17.41071,78.446196,ATM_HYD_901,Rural Kiosk - Outer Ring Road Exit 4,Isolated / Peripheral Zone,Hyderabad,50000,Branch_57,ATM_CASH_WITHDRAWAL,SYNTHETIC / SIMULATED DATA — NOT REAL FINANCIAL DATA
TXN002449,2026-09-01 08:20:50,2026-09-01,08:20:50,Tuesday,8,17.487404,78.461064,ATM_HYD_903,Market Yard Cash Point - Shamshabad Link,Isolated / Peripheral Zone,Hyderabad,15000,Branch_85,ATM_CASH_WITHDRAWAL,SYNTHETIC / SIMULATED DATA — NOT REAL FINANCIAL DATA
TXN000216,2026-09-01 09:07:47,2026-09-01,09:07:47,Tuesday,9,17.44134,78.44533,ATM_HYD_105,Canara Bank Express ATM - SR Nagar,Ameerpet Commercial Hub,Hyderabad,20000,Branch_19,ATM_CASH_WITHDRAWAL,SYNTHETIC / SIMULATED DATA — NOT REAL FINANCIAL DATA
TXN000326,2026-09-01 10:02:47,2026-09-01,10:02:47,Tuesday,10,17.438209,78.504235,ATM_HYD_304,Union Bank ATM - Patny Circle,Secunderabad Station Transit Hub,Hyderabad,27000,Branch_25,ATM_CASH_WITHDRAWAL,SYNTHETIC / SIMULATED DATA — NOT REAL FINANCIAL DATA
TXN000778,2026-09-01 10:13:51,2026-09-01,10:13:51,Tuesday,10,17.436167,78.501246,ATM_HYD_303,SBI Multi-Service Lounge - Station Rd,Secunderabad Station Transit Hub,Hyderabad,15000,Branch_48,ATM_CASH_WITHDRAWAL,SYNTHETIC / SIMULATED DATA — NOT REAL FINANCIAL DATA
TXN002302,2026-09-01 10:42:17,2026-09-01,10:42:17,Tuesday,10,17.514633,78.547081,ATM_HYD_904,Express ATM - Uppal Outskirts,Isolated / Peripheral Zone,Hyderabad,40000,Branch_61,ATM_CASH_WITHDRAWAL,SYNTHETIC / SIMULATED DATA — NOT REAL FINANCIAL DATA
TXN000871,2026-09-01 10:47:50,2026-09-01,10:47:50,Tuesday,10,17.450205,78.39192,ATM_HYD_205,IndusInd Bank 24/7 ATM - Kavuri Hills,Madhapur Tech Corridor,Hyderabad,22000,Branch_31,ATM_CASH_WITHDRAWAL,SYNTHETIC / SIMULATED DATA — NOT REAL FINANCIAL DATA
TXN000012,2026-09-01 11:38:00,2026-09-01,11:38:00,Tuesday,11,17.361005,78.468844,ATM_HYD_501,Bank of India - Madina Market,Charminar Heritage Bazaar,Hyderabad,15000,Branch_24,ATM_CASH_WITHDRAWAL,SYNTHETIC / SIMULATED DATA — NOT REAL FINANCIAL DATA
TXN001650,2026-09-01 12:22:15,2026-09-01,12:22:15,Tuesday,12,17.447463,78.496567,ATM_HYD_302,Bank of Baroda ATM - Clock Tower Cir,Secunderabad Station Transit Hub,Hyderabad,50000,Branch_33,ATM_CASH_WITHDRAWAL,SYNTHETIC / SIMULATED DATA — NOT REAL FINANCIAL DATA
TXN002231,2026-09-01 12:30:52,2026-09-01,12:30:52,Tuesday,12,17.43337,78.498209,ATM_HYD_304,Union Bank ATM - Patny Circle,Secunderabad Station Transit Hub,Hyderabad,20000,Branch_41,ATM_CASH_WITHDRAWAL,SYNTHETIC / SIMULATED DATA — NOT REAL FINANCIAL DATA
TXN000801,2026-09-01 12:35:14,2026-09-01,12:35:14,Tuesday,12,17.446831,78.498874,ATM_HYD_301,Punjab National Bank - Railway Gate 1,Secunderabad Station Transit Hub,Hyderabad,20000,Branch_46,ATM_CASH_WITHDRAWAL,SYNTHETIC / SIMULATED DATA — NOT REAL FINANCIAL DATA
TXN000839,2026-09-01 13:03:42,2026-09-01,13:03:42,Tuesday,13,17.442046,78.499572,ATM_HYD_304,Union Bank ATM - Patny Circle,Secunderabad Station Transit Hub,Hyderabad,30000,Branch_37,ATM_CASH_WITHDRAWAL,SYNTHETIC / SIMULATED DATA — NOT REAL FINANCIAL DATA
TXN001007,2026-09-01 13:32:43,2026-09-01,13:32:43,Tuesday,13,17.442754,78.499645,ATM_HYD_302,Bank of Baroda ATM - Clock Tower Cir,Secunderabad Station Transit Hub,Hyderabad,50000,Branch_13,ATM_CASH_WITHDRAWAL,SYNTHETIC / SIMULATED DATA — NOT REAL FINANCIAL DATA
TXN001655,2026-09-01 13:51:31,2026-09-01,13:51:31,Tuesday,13,17.440157,78.450695,ATM_HYD_103,ICICI e-Lobby - Ameerpet Cross Roads,Ameerpet Commercial Hub,Hyderabad,20000,Branch_27,ATM_CASH_WITHDRAWAL,SYNTHETIC / SIMULATED DATA — NOT REAL FINANCIAL DATA
TXN000783,2026-09-01 15:07:06,2026-09-01,15:07:06,Tuesday,15,17.436398,78.445647,ATM_HYD_103,ICICI e-Lobby - Ameerpet Cross Roads,Ameerpet Commercial Hub,Hyderabad,40000,Branch_14,ATM_CASH_WITHDRAWAL,SYNTHETIC / SIMULATED DATA — NOT REAL FINANCIAL DATA
TXN002120,2026-09-01 15:37:19,2026-09-01,15:37:19,Tuesday,15,17.370776,78.520292,ATM_HYD_402,Andhra Bank (UBI) ATM - Chaitanyapuri,Dilsukhnagar Market Corridor,Hyderabad,30000,Branch_45,ATM_CASH_WITHDRAWAL,SYNTHETIC / SIMULATED DATA — NOT REAL FINANCIAL DATA
TXN002044,2026-09-01 15:54:14,2026-09-01,15:54:14,Tuesday,15,17.437571,78.440673,ATM_HYD_102,HDFC 24x7 Cash Point - Maitrivanam,Ameerpet Commercial Hub,Hyderabad,10000,Branch_30,ATM_CASH_WITHDRAWAL,SYNTHETIC / SIMULATED DATA — NOT REAL FINANCIAL DATA
TXN002303,2026-09-01 17:03:27,2026-09-01,17:03:27,Tuesday,17,17.495003,78.465422,ATM_HYD_905,Highway Kiosk - Patancheru Depot,Isolated / Peripheral Zone,Hyderabad,25000,Branch_98,ATM_CASH_WITHDRAWAL,SYNTHETIC / SIMULATED DATA — NOT REAL FINANCIAL DATA
TXN000517,2026-09-01 17:52:45,2026-09-01,17:52:45,Tuesday,17,17.45225,78.392718,ATM_HYD_203,HDFC Bank E-Corner - Inorbit Road,Madhapur Tech Corridor,Hyderabad,20000,Branch_31,ATM_CASH_WITHDRAWAL,SYNTHETIC / SIMULATED DATA — NOT REAL FINANCIAL DATA
TXN001978,2026-09-01 17:57:01,2026-09-01,17:57:01,Tuesday,17,17.45277,78.387639,ATM_HYD_202,SBI ATM - Hitec City Metro Pillar 24,Madhapur Tech Corridor,Hyderabad,20000,Branch_39,ATM_CASH_WITHDRAWAL,SYNTHETIC / SIMULATED DATA — NOT REAL FINANCIAL DATA
TXN001974,2026-09-01 18:36:40,2026-09-01,18:36:40,Tuesday,18,17.453018,78.395358,ATM_HYD_201,Kotak ATM - Cyber Towers Concourse,Madhapur Tech Corridor,Hyderabad,30000,Branch_15,ATM_CASH_WITHDRAWAL,SYNTHETIC / SIMULATED DATA — NOT REAL FINANCIAL DATA
TXN001337,2026-09-01 18:40:57,2026-09-01,18:40:57,Tuesday,18,17.436204,78.451577,ATM_HYD_101,SBI Kiosk - Ameerpet Metro Junction,Ameerpet Commercial Hub,Hyderabad,25000,Branch_20,ATM_CASH_WITHDRAWAL,SYNTHETIC / SIMULATED DATA — NOT REAL FINANCIAL DATA
TXN000069,2026-09-01 18:43:13,2026-09-01,18:43:13,Tuesday,18,17.441051,78.44803,ATM_HYD_105,Canara Bank Express ATM - SR Nagar,Ameerpet Commercial Hub,Hyderabad,25000,Branch_20,ATM_CASH_WITHDRAWAL,SYNTHETIC / SIMULATED DATA — NOT REAL FINANCIAL DATA
TXN000986,2026-09-01 18:47:26,2026-09-01,18:47:26,Tuesday,18,17.448401,78.392878,ATM_HYD_201,Kotak ATM - Cyber Towers Concourse,Madhapur Tech Corridor,Hyderabad,50000,Branch_34,ATM_CASH_WITHDRAWAL,SYNTHETIC / SIMULATED DATA — NOT REAL FINANCIAL DATA
TXN002355,2026-09-01 18:48:04,2026-09-01,18:48:04,Tuesday,18,17.509676,78.546357,ATM_HYD_904,Express ATM - Uppal Outskirts,Isolated / Peripheral Zone,Hyderabad,20000,Branch_75,ATM_CASH_WITHDRAWAL,SYNTHETIC / SIMULATED DATA — NOT REAL FINANCIAL DATA
TXN000483,2026-09-01 19:14:04,2026-09-01,19:14:04,Tuesday,19,17.452852,78.397835,ATM_HYD_204,ICICI Bank Express ATM - Madhapur Police Station,Madhapur Tech Corridor,Hyderabad,15000,Branch_18,ATM_CASH_WITHDRAWAL,SYNTHETIC / SIMULATED DATA — NOT REAL FINANCIAL DATA
TXN002011,2026-09-01 19:18:41,2026-09-01,19:18:41,Tuesday,19,17.433376,78.447059,ATM_HYD_102,HDFC 24x7 Cash Point - Maitrivanam,Ameerpet Commercial Hub,Hyderabad,20000,Branch_44,ATM_CASH_WITHDRAWAL,SYNTHETIC / SIMULATED DATA — NOT REAL FINANCIAL DATA
TXN001415,2026-09-01 19:55:02,2026-09-01,19:55:02,Tuesday,19,17.452073,78.392492,ATM_HYD_201,Kotak ATM - Cyber Towers Concourse,Madhapur Tech Corridor,Hyderabad,15000,Branch_30,ATM_CASH_WITHDRAWAL,SYNTHETIC / SIMULATED DATA — NOT REAL FINANCIAL DATA
TXN000562,2026-09-01 20:01:41,2026-09-01,20:01:41,Tuesday,20,17.434859,78.444633,ATM_HYD_104,Axis Bank ATM - Elephant House,Ameerpet Commercial Hub,Hyderabad,25000,Branch_28,ATM_CASH_WITHDRAWAL,SYNTHETIC / SIMULATED DATA — NOT REAL FINANCIAL DATA
TXN002073,2026-09-01 20:09:37,2026-09-01,20:09:37,Tuesday,20,17.435728,78.443477,ATM_HYD_102,HDFC 24x7 Cash Point - Maitrivanam,Ameerpet Commercial Hub,Hyderabad,10000,Branch_12,ATM_CASH_WITHDRAWAL,SYNTHETIC / SIMULATED DATA — NOT REAL FINANCIAL DATA
TXN001854,2026-09-01 21:01:19,2026-09-01,21:01:19,Tuesday,21,17.372258,78.519924,ATM_HYD_403,HDFC Cash Machine - Malakpet Link,Dilsukhnagar Market Corridor,Hyderabad,20000,Branch_22,ATM_CASH_WITHDRAWAL,SYNTHETIC / SIMULATED DATA — NOT REAL FINANCIAL DATA
TXN001086,2026-09-01 21:02:08,2026-09-01,21:02:08,Tuesday,21,17.448329,78.396982,ATM_HYD_203,HDFC Bank E-Corner - Inorbit Road,Madhapur Tech Corridor,Hyderabad,20000,Branch_32,ATM_CASH_WITHDRAWAL,SYNTHETIC / SIMULATED DATA — NOT REAL FINANCIAL DATA
TXN000438,2026-09-01 21:05:46,2026-09-01,21:05:46,Tuesday,21,17.362828,78.526788,ATM_HYD_404,Canara Bank ATM - Dilsukhnagar Bus Depot,Dilsukhnagar Market Corridor,Hyderabad,50000,Branch_32,ATM_CASH_WITHDRAWAL,SYNTHETIC / SIMULATED DATA — NOT REAL FINANCIAL DATA
TXN000130,2026-09-01 23:10:21,2026-09-01,23:10:21,Tuesday,23,17.456781,78.391719,ATM_HYD_203,HDFC Bank E-Corner - Inorbit Road,Madhapur Tech Corridor,Hyderabad,20000,Branch_41,ATM_CASH_WITHDRAWAL,SYNTHETIC / SIMULATED DATA — NOT REAL FINANCIAL DATA
TXN001158,2026-09-01 23:37:13,2026-09-01,23:37:13,Tuesday,23,17.37516,78.528182,ATM_HYD_401,SBI Express ATM - Dilsukhnagar Metro,Dilsukhnagar Market Corridor,Hyderabad,10000,Branch_38,ATM_CASH_WITHDRAWAL,SYNTHETIC / SIMULATED DATA — NOT REAL FINANCIAL DATA
TXN001129,2026-09-01 23:47:08,2026-09-01,23:47:08,Tuesday,23,17.446587,78.385898,ATM_HYD_204,ICICI Bank Express ATM - Madhapur Police Station,Madhapur Tech Corridor,Hyderabad,10000,Branch_47,ATM_CASH_WITHDRAWAL,SYNTHETIC / SIMULATED DATA — NOT REAL FINANCIAL DATA
TXN001451,2026-09-01 23:50:34,2026-09-01,23:50:34,Tuesday,23,17.438727,78.393707,ATM_HYD_201,Kotak ATM - Cyber Towers Concourse,Madhapur Tech Corridor,Hyderabad,25000,Branch_11,ATM_CASH_WITHDRAWAL,SYNTHETIC / SIMULATED DATA — NOT REAL FINANCIAL DATA
TXN000952,2026-09-02 00:33:41,2026-09-02,00:33:41,Wednesday,0,17.439654,78.502669,ATM_HYD_302,Bank of Baroda ATM - Clock Tower Cir,Secunderabad Station Transit Hub,Hyderabad,20000,Branch_42,ATM_CASH_WITHDRAWAL,SYNTHETIC / SIMULATED DATA — NOT REAL FINANCIAL DATA
TXN002228,2026-09-02 03:03:15,2026-09-02,03:03:15,Wednesday,3,17.441022,78.501014,ATM_HYD_304,Union Bank ATM - Patny Circle,Secunderabad Station Transit Hub,Hyderabad,38000,Branch_13,ATM_CASH_WITHDRAWAL,SYNTHETIC / SIMULATED DATA — NOT REAL FINANCIAL DATA
TXN000858,2026-09-02 03:32:41,2026-09-02,03:32:41,Wednesday,3,17.445495,78.390653,ATM_HYD_203,HDFC Bank E-Corner - Inorbit Road,Madhapur Tech Corridor,Hyderabad,27000,Branch_21,ATM_CASH_WITHDRAWAL,SYNTHETIC / SIMULATED DATA — NOT REAL FINANCIAL DATA
TXN002402,2026-09-02 07:29:22,2026-09-02,07:29:22,Wednesday,7,17.315665,78.529672,ATM_HYD_903,Market Yard Cash Point - Shamshabad Link,Isolated / Peripheral Zone,Hyderabad,15000,Branch_91,ATM_CASH_WITHDRAWAL,SYNTHETIC / SIMULATED DATA — NOT REAL FINANCIAL DATA
TXN000212,2026-09-02 08:06:22,2026-09-02,08:06:22,Wednesday,8,17.441257,78.504859,ATM_HYD_302,Bank of Baroda ATM - Clock Tower Cir,Secunderabad Station Transit Hub,Hyderabad,35000,Branch_17,ATM_CASH_WITHDRAWAL,SYNTHETIC / SIMULATED DATA — NOT REAL FINANCIAL DATA
TXN001845,2026-09-02 08:37:03,2026-09-02,08:37:03,Wednesday,8,17.362769,78.472669,ATM_HYD_503,HDFC Bank Kiosk - Nayapul Bridge,Charminar Heritage Bazaar,Hyderabad,20000,Branch_45,ATM_CASH_WITHDRAWAL,SYNTHETIC / SIMULATED DATA — NOT REAL FINANCIAL DATA
TXN001283,2026-09-02 10:58:52,2026-09-02,10:58:52,Wednesday,10,17.447192,78.394076,ATM_HYD_205,IndusInd Bank 24/7 ATM - Kavuri Hills,Madhapur Tech Corridor,Hyderabad,10000,Branch_40,ATM_CASH_WITHDRAWAL,SYNTHETIC / SIMULATED DATA — NOT REAL FINANCIAL DATA
TXN002339,2026-09-02 11:24:29,2026-09-02,11:24:29,Wednesday,11,17.365569,78.338766,ATM_HYD_902,Petrol Pump ATM - Medchal Highway,Isolated / Peripheral Zone,Hyderabad,10000,Branch_70,ATM_CASH_WITHDRAWAL,SYNTHETIC / SIMULATED DATA — NOT REAL FINANCIAL DATA
TXN000374,2026-09-02 11:57:33,2026-09-02,11:57:33,Wednesday,11,17.446036,78.501518,ATM_HYD_304,Union Bank ATM - Patny Circle,Secunderabad Station Transit Hub,Hyderabad,20000,Branch_24,ATM_CASH_WITHDRAWAL,SYNTHETIC / SIMULATED DATA — NOT REAL FINANCIAL DATA
TXN001793,2026-09-02 12:34:24,2026-09-02,12:34:24,Wednesday,12,17.444153,78.394293,ATM_HYD_203,HDFC Bank E-Corner - Inorbit Road,Madhapur Tech Corridor,Hyderabad,25000,Branch_33,ATM_CASH_WITHDRAWAL,SYNTHETIC / SIMULATED DATA — NOT REAL FINANCIAL DATA
TXN000467,2026-09-02 12:37:56,2026-09-02,12:37:56,Wednesday,12,17.435189,78.454209,ATM_HYD_101,SBI Kiosk - Ameerpet Metro Junction,Ameerpet Commercial Hub,Hyderabad,30000,Branch_14,ATM_CASH_WITHDRAWAL,SYNTHETIC / SIMULATED DATA — NOT REAL FINANCIAL DATA
TXN001753,2026-09-02 14:21:56,2026-09-02,14:21:56,Wednesday,14,17.43523,78.445146,ATM_HYD_101,SBI Kiosk - Ameerpet Metro Junction,Ameerpet Commercial Hub,Hyderabad,20000,Branch_18,ATM_CASH_WITHDRAWAL,SYNTHETIC / SIMULATED DATA — NOT REAL FINANCIAL DATA
TXN001943,2026-09-02 14:34:17,2026-09-02,14:34:17,Wednesday,14,17.371584,78.521673,ATM_HYD_404,Canara Bank ATM - Dilsukhnagar Bus Depot,Dilsukhnagar Market Corridor,Hyderabad,25000,Branch_32,ATM_CASH_WITHDRAWAL,SYNTHETIC / SIMULATED DATA — NOT REAL FINANCIAL DATA
TXN000440,2026-09-02 14:36:54,2026-09-02,14:36:54,Wednesday,14,17.437908,78.447203,ATM_HYD_103,ICICI e-Lobby - Ameerpet Cross Roads,Ameerpet Commercial Hub,Hyderabad,20000,Branch_31,ATM_CASH_WITHDRAWAL,SYNTHETIC / SIMULATED DATA — NOT REAL FINANCIAL DATA
TXN000323,2026-09-02 14:41:16,2026-09-02,14:41:16,Wednesday,14,17.44116,78.495889,ATM_HYD_301,Punjab National Bank - Railway Gate 1,Secunderabad Station Transit Hub,Hyderabad,10000,Branch_10,ATM_CASH_WITHDRAWAL,SYNTHETIC / SIMULATED DATA — NOT REAL FINANCIAL DATA
TXN000251,2026-09-02 15:34:21,2026-09-02,15:34:21,Wednesday,15,17.435093,78.448325,ATM_HYD_105,Canara Bank Express ATM - SR Nagar,Ameerpet Commercial Hub,Hyderabad,20000,Branch_21,ATM_CASH_WITHDRAWAL,SYNTHETIC / SIMULATED DATA — NOT REAL FINANCIAL DATA
TXN000560,2026-09-02 15:35:51,2026-09-02,15:35:51,Wednesday,15,17.442269,78.497001,ATM_HYD_301,Punjab National Bank - Railway Gate 1,Secunderabad Station Transit Hub,Hyderabad,40000,Branch_27,ATM_CASH_WITHDRAWAL,SYNTHETIC / SIMULATED DATA — NOT REAL FINANCIAL DATA
TXN000231,2026-09-02 16:43:04,2026-09-02,16:43:04,Wednesday,16,17.371578,78.520581,ATM_HYD_401,SBI Express ATM - Dilsukhnagar Metro,Dilsukhnagar Market Corridor,Hyderabad,30000,Branch_48,ATM_CASH_WITHDRAWAL,SYNTHETIC / SIMULATED DATA — NOT REAL FINANCIAL DATA
TXN002119,2026-09-02 17:16:11,2026-09-02,17:16:11,Wednesday,17,17.438549,78.443794,ATM_HYD_103,ICICI e-Lobby - Ameerpet Cross Roads,Ameerpet Commercial Hub,Hyderabad,50000,Branch_20,ATM_CASH_WITHDRAWAL,SYNTHETIC / SIMULATED DATA — NOT REAL FINANCIAL DATA
TXN001659,2026-09-02 17:30:06,2026-09-02,17:30:06,Wednesday,17,17.449938,78.387341,ATM_HYD_201,Kotak ATM - Cyber Towers Concourse,Madhapur Tech Corridor,Hyderabad,20000,Branch_36,ATM_CASH_WITHDRAWAL,SYNTHETIC / SIMULATED DATA — NOT REAL FINANCIAL DATA
TXN002145,2026-09-02 17:33:16,2026-09-02,17:33:16,Wednesday,17,17.449038,78.401878,ATM_HYD_201,Kotak ATM - Cyber Towers Concourse,Madhapur Tech Corridor,Hyderabad,30000,Branch_13,ATM_CASH_WITHDRAWAL,SYNTHETIC / SIMULATED DATA — NOT REAL FINANCIAL DATA
TXN000224,2026-09-02 17:35:43,2026-09-02,17:35:43,Wednesday,17,17.454736,78.388193,ATM_HYD_201,Kotak ATM - Cyber Towers Concourse,Madhapur Tech Corridor,Hyderabad,30000,Branch_26,ATM_CASH_WITHDRAWAL,SYNTHETIC / SIMULATED DATA — NOT REAL FINANCIAL DATA
TXN000636,2026-09-02 18:02:09,2026-09-02,18:02:09,Wednesday,18,17.453484,78.388148,ATM_HYD_201,Kotak ATM - Cyber Towers Concourse,Madhapur Tech Corridor,Hyderabad,25000,Branch_48,ATM_CASH_WITHDRAWAL,SYNTHETIC / SIMULATED DATA — NOT REAL FINANCIAL DATA
TXN000968,2026-09-02 18:03:59,2026-09-02,18:03:59,Wednesday,18,17.439856,78.452822,ATM_HYD_104,Axis Bank ATM - Elephant House,Ameerpet Commercial Hub,Hyderabad,25000,Branch_35,ATM_CASH_WITHDRAWAL,SYNTHETIC / SIMULATED DATA — NOT REAL FINANCIAL DATA
TXN000567,2026-09-02 18:22:14,2026-09-02,18:22:14,Wednesday,18,17.444439,78.396027,ATM_HYD_202,SBI ATM - Hitec City Metro Pillar 24,Madhapur Tech Corridor,Hyderabad,25000,Branch_29,ATM_CASH_WITHDRAWAL,SYNTHETIC / SIMULATED DATA — NOT REAL FINANCIAL DATA
TXN001197,2026-09-02 19:14:07,2026-09-02,19:14:07,Wednesday,19,17.361289,78.47372,ATM_HYD_501,Bank of India - Madina Market,Charminar Heritage Bazaar,Hyderabad,20000,Branch_41,ATM_CASH_WITHDRAWAL,SYNTHETIC / SIMULATED DATA — NOT REAL FINANCIAL DATA
TXN001002,2026-09-02 19:27:48,2026-09-02,19:27:48,Wednesday,19,17.449544,78.393863,ATM_HYD_204,ICICI Bank Express ATM - Madhapur Police Station,Madhapur Tech Corridor,Hyderabad,30000,Branch_49,ATM_CASH_WITHDRAWAL,SYNTHETIC / SIMULATED DATA — NOT REAL FINANCIAL DATA
TXN001371,2026-09-02 19:28:24,2026-09-02,19:28:24,Wednesday,19,17.366042,78.475808,ATM_HYD_501,Bank of India - Madina Market,Charminar Heritage Bazaar,Hyderabad,20000,Branch_24,ATM_CASH_WITHDRAWAL,SYNTHETIC / SIMULATED DATA — NOT REAL FINANCIAL DATA
TXN000300,2026-09-02 19:34:31,2026-09-02,19:34:31,Wednesday,19,17.441566,78.451399,ATM_HYD_105,Canara Bank Express ATM - SR Nagar,Ameerpet Commercial Hub,Hyderabad,10000,Branch_29,ATM_CASH_WITHDRAWAL,SYNTHETIC / SIMULATED DATA — NOT REAL FINANCIAL DATA
TXN000735,2026-09-02 19:35:35,2026-09-02,19:35:35,Wednesday,19,17.448741,78.382435,ATM_HYD_204,ICICI Bank Express ATM - Madhapur Police Station,Madhapur Tech Corridor,Hyderabad,30000,Branch_26,ATM_CASH_WITHDRAWAL,SYNTHETIC / SIMULATED DATA — NOT REAL FINANCIAL DATA
TXN000362,2026-09-02 19:53:15,2026-09-02,19:53:15,Wednesday,19,17.438525,78.499609,ATM_HYD_302,Bank of Baroda ATM - Clock Tower Cir,Secunderabad Station Transit Hub,Hyderabad,20000,Branch_31,ATM_CASH_WITHDRAWAL,SYNTHETIC / SIMULATED DATA — NOT REAL FINANCIAL DATA
TXN001578,2026-09-02 20:32:06,2026-09-02,20:32:06,Wednesday,20,17.447966,78.498253,ATM_HYD_301,Punjab National Bank - Railway Gate 1,Secunderabad Station Transit Hub,Hyderabad,25000,Branch_19,ATM_CASH_WITHDRAWAL,SYNTHETIC / SIMULATED DATA — NOT REAL FINANCIAL DATA
TXN000773,2026-09-02 20:34:50,2026-09-02,20:34:50,Wednesday,20,17.439347,78.445765,ATM_HYD_101,SBI Kiosk - Ameerpet Metro Junction,Ameerpet Commercial Hub,Hyderabad,25000,Branch_13,ATM_CASH_WITHDRAWAL,SYNTHETIC / SIMULATED DATA — NOT REAL FINANCIAL DATA
TXN000601,2026-09-02 20:44:39,2026-09-02,20:44:39,Wednesday,20,17.444665,78.451138,ATM_HYD_102,HDFC 24x7 Cash Point - Maitrivanam,Ameerpet Commercial Hub,Hyderabad,20000,Branch_25,ATM_CASH_WITHDRAWAL,SYNTHETIC / SIMULATED DATA — NOT REAL FINANCIAL DATA
TXN000568,2026-09-02 21:18:29,2026-09-02,21:18:29,Wednesday,21,17.454381,78.388339,ATM_HYD_204,ICICI Bank Express ATM - Madhapur Police Station,Madhapur Tech Corridor,Hyderabad,20000,Branch_40,ATM_CASH_WITHDRAWAL,SYNTHETIC / SIMULATED DATA — NOT REAL FINANCIAL DATA
TXN001220,2026-09-02 21:52:52,2026-09-02,21:52:52,Wednesday,21,17.437376,78.4424,ATM_HYD_104,Axis Bank ATM - Elephant House,Ameerpet Commercial Hub,Hyderabad,10000,Branch_47,ATM_CASH_WITHDRAWAL,SYNTHETIC / SIMULATED DATA — NOT REAL FINANCIAL DATA
TXN001370,2026-09-02 21:56:44,2026-09-02,21:56:44,Wednesday,21,17.438437,78.443988,ATM_HYD_102,HDFC 24x7 Cash Point - Maitrivanam,Ameerpet Commercial Hub,Hyderabad,25000,Branch_40,ATM_CASH_WITHDRAWAL,SYNTHETIC / SIMULATED DATA — NOT REAL FINANCIAL DATA
TXN000823,2026-09-02 22:10:01,2026-09-02,22:10:01,Wednesday,22,17.444466,78.391677,ATM_HYD_203,HDFC Bank E-Corner - Inorbit Road,Madhapur Tech Corridor,Hyderabad,25000,Branch_32,ATM_CASH_WITHDRAWAL,SYNTHETIC / SIMULATED DATA — NOT REAL FINANCIAL DATA
TXN000660,2026-09-02 22:41:15,2026-09-02,22:41:15,Wednesday,22,17.45181,78.394139,ATM_HYD_204,ICICI Bank Express ATM - Madhapur Police Station,Madhapur Tech Corridor,Hyderabad,25000,Branch_14,ATM_CASH_WITHDRAWAL,SYNTHETIC / SIMULATED DATA — NOT REAL FINANCIAL DATA
TXN001291,2026-09-02 22:50:01,2026-09-02,22:50:01,Wednesday,22,17.441274,78.389632,ATM_HYD_201,Kotak ATM - Cyber Towers Concourse,Madhapur Tech Corridor,Hyderabad,50000,Branch_31,ATM_CASH_WITHDRAWAL,SYNTHETIC / SIMULATED DATA — NOT REAL FINANCIAL DATA
TXN000803,2026-09-02 23:27:26,2026-09-02,23:27:26,Wednesday,23,17.440228,78.390921,ATM_HYD_201,Kotak ATM - Cyber Towers Concourse,Madhapur Tech Corridor,Hyderabad,30000,Branch_17,ATM_CASH_WITHDRAWAL,SYNTHETIC / SIMULATED DATA — NOT REAL FINANCIAL DATA
TXN002213,2026-09-02 23:44:13,2026-09-02,23:44:13,Wednesday,23,17.43777,78.44253,ATM_HYD_103,ICICI e-Lobby - Ameerpet Cross Roads,Ameerpet Commercial Hub,Hyderabad,20000,Branch_14,ATM_CASH_WITHDRAWAL,SYNTHETIC / SIMULATED DATA — NOT REAL FINANCIAL DATA
TXN002467,2026-09-03 00:25:17,2026-09-03,00:25:17,Thursday,0,17.385204,78.480051,ATM_HYD_905,Highway Kiosk - Patancheru Depot,Isolated / Peripheral Zone,Hyderabad,25000,Branch_81,ATM_CASH_WITHDRAWAL,SYNTHETIC / SIMULATED DATA — NOT REAL FINANCIAL DATA
TXN001198,2026-09-03 01:00:46,2026-09-03,01:00:46,Thursday,1,17.362446,78.475068,ATM_HYD_502,SBI ATM - Gulzar Houz,Charminar Heritage Bazaar,Hyderabad,20000,Branch_45,ATM_CASH_WITHDRAWAL,SYNTHETIC / SIMULATED DATA — NOT REAL FINANCIAL DATA
TXN002262,2026-09-03 02:01:19,2026-09-03,02:01:19,Thursday,2,17.38755,78.407537,ATM_HYD_905,Highway Kiosk - Patancheru Depot,Isolated / Peripheral Zone,Hyderabad,20000,Branch_71,ATM_CASH_WITHDRAWAL,SYNTHETIC / SIMULATED DATA — NOT REAL FINANCIAL DATA
TXN001284,2026-09-03 02:07:34,2026-09-03,02:07:34,Thursday,2,17.438561,78.451224,ATM_HYD_102,HDFC 24x7 Cash Point - Maitrivanam,Ameerpet Commercial Hub,Hyderabad,15000,Branch_43,ATM_CASH_WITHDRAWAL,SYNTHETIC / SIMULATED DATA — NOT REAL FINANCIAL DATA
TXN002255,2026-09-03 02:48:51,2026-09-03,02:48:51,Thursday,2,17.335216,78.526831,ATM_HYD_903,Market Yard Cash Point - Shamshabad Link,Isolated / Peripheral Zone,Hyderabad,50000,Branch_94,ATM_CASH_WITHDRAWAL,SYNTHETIC / SIMULATED DATA — NOT REAL FINANCIAL DATA
TXN002227,2026-09-03 02:54:06,2026-09-03,02:54:06,Thursday,2,17.43631,78.452645,ATM_HYD_101,SBI Kiosk - Ameerpet Metro Junction,Ameerpet Commercial Hub,Hyderabad,15000,Branch_19,ATM_CASH_WITHDRAWAL,SYNTHETIC / SIMULATED DATA — NOT REAL FINANCIAL DATA
TXN001410,2026-09-03 07:25:42,2026-09-03,07:25:42,Thursday,7,17.368244,78.524609,ATM_HYD_403,HDFC Cash Machine - Malakpet Link,Dilsukhnagar Market Corridor,Hyderabad,20000,Branch_33,ATM_CASH_WITHDRAWAL,SYNTHETIC / SIMULATED DATA — NOT REAL FINANCIAL DATA
TXN000564,2026-09-03 07:38:13,2026-09-03,07:38:13,Thursday,7,17.435863,78.455352,ATM_HYD_102,HDFC 24x7 Cash Point - Maitrivanam,Ameerpet Commercial Hub,Hyderabad,15000,Branch_44,ATM_CASH_WITHDRAWAL,SYNTHETIC / SIMULATED DATA — NOT REAL FINANCIAL DATA
TXN002405,2026-09-03 08:18:18,2026-09-03,08:18:18,Thursday,8,17.512929,78.449473,ATM_HYD_905,Highway Kiosk - Patancheru Depot,Isolated / Peripheral Zone,Hyderabad,30000,Branch_90,ATM_CASH_WITHDRAWAL,SYNTHETIC / SIMULATED DATA — NOT REAL FINANCIAL DATA
TXN000499,2026-09-03 09:39:27,2026-09-03,09:39:27,Thursday,9,17.365191,78.475587,ATM_HYD_502,SBI ATM - Gulzar Houz,Charminar Heritage Bazaar,Hyderabad,30000,Branch_34,ATM_CASH_WITHDRAWAL,SYNTHETIC / SIMULATED DATA — NOT REAL FINANCIAL DATA
TXN001796,2026-09-03 09:42:03,2026-09-03,09:42:03,Thursday,9,17.432694,78.450561,ATM_HYD_105,Canara Bank Express ATM - SR Nagar,Ameerpet Commercial Hub,Hyderabad,40000,Branch_47,ATM_CASH_WITHDRAWAL,SYNTHETIC / SIMULATED DATA — NOT REAL FINANCIAL DATA
TXN000909,2026-09-03 10:11:40,2026-09-03,10:11:40,Thursday,10,17.441305,78.443153,ATM_HYD_104,Axis Bank ATM - Elephant House,Ameerpet Commercial Hub,Hyderabad,25000,Branch_49,ATM_CASH_WITHDRAWAL,SYNTHETIC / SIMULATED DATA — NOT REAL FINANCIAL DATA
TXN000406,2026-09-03 11:49:56,2026-09-03,11:49:56,Thursday,11,17.369913,78.523099,ATM_HYD_402,Andhra Bank (UBI) ATM - Chaitanyapuri,Dilsukhnagar Market Corridor,Hyderabad,15000,Branch_28,ATM_CASH_WITHDRAWAL,SYNTHETIC / SIMULATED DATA — NOT REAL FINANCIAL DATA
TXN002189,2026-09-03 12:14:56,2026-09-03,12:14:56,Thursday,12,17.36786,78.52306,ATM_HYD_403,HDFC Cash Machine - Malakpet Link,Dilsukhnagar Market Corridor,Hyderabad,15000,Branch_40,ATM_CASH_WITHDRAWAL,SYNTHETIC / SIMULATED DATA — NOT REAL FINANCIAL DATA
TXN001214,2026-09-03 12:29:32,2026-09-03,12:29:32,Thursday,12,17.370795,78.523083,ATM_HYD_404,Canara Bank ATM - Dilsukhnagar Bus Depot,Dilsukhnagar Market Corridor,Hyderabad,30000,Branch_35,ATM_CASH_WITHDRAWAL,SYNTHETIC / SIMULATED DATA — NOT REAL FINANCIAL DATA
TXN001959,2026-09-03 13:52:28,2026-09-03,13:52:28,Thursday,13,17.432991,78.496243,ATM_HYD_301,Punjab National Bank - Railway Gate 1,Secunderabad Station Transit Hub,Hyderabad,10000,Branch_41,ATM_CASH_WITHDRAWAL,SYNTHETIC / SIMULATED DATA — NOT REAL FINANCIAL DATA
TXN000815,2026-09-03 14:19:28,2026-09-03,14:19:28,Thursday,14,17.374272,78.527577,ATM_HYD_401,SBI Express ATM - Dilsukhnagar Metro,Dilsukhnagar Market Corridor,Hyderabad,20000,Branch_31,ATM_CASH_WITHDRAWAL,SYNTHETIC / SIMULATED DATA — NOT REAL FINANCIAL DATA
TXN001087,2026-09-03 14:22:22,2026-09-03,14:22:22,Thursday,14,17.438943,78.50029,ATM_HYD_301,Punjab National Bank - Railway Gate 1,Secunderabad Station Transit Hub,Hyderabad,50000,Branch_13,ATM_CASH_WITHDRAWAL,SYNTHETIC / SIMULATED DATA — NOT REAL FINANCIAL DATA
TXN000899,2026-09-03 14:32:06,2026-09-03,14:32:06,Thursday,14,17.439895,78.447236,ATM_HYD_103,ICICI e-Lobby - Ameerpet Cross Roads,Ameerpet Commercial Hub,Hyderabad,50000,Branch_16,ATM_CASH_WITHDRAWAL,SYNTHETIC / SIMULATED DATA — NOT REAL FINANCIAL DATA
TXN002223,2026-09-03 15:46:16,2026-09-03,15:46:16,Thursday,15,17.436956,78.450562,ATM_HYD_104,Axis Bank ATM - Elephant House,Ameerpet Commercial Hub,Hyderabad,25000,Branch_41,ATM_CASH_WITHDRAWAL,SYNTHETIC / SIMULATED DATA — NOT REAL FINANCIAL DATA
TXN000284,2026-09-03 15:55:45,2026-09-03,15:55:45,Thursday,15,17.438867,78.445536,ATM_HYD_102,HDFC 24x7 Cash Point - Maitrivanam,Ameerpet Commercial Hub,Hyderabad,15000,Branch_32,ATM_CASH_WITHDRAWAL,SYNTHETIC / SIMULATED DATA — NOT REAL FINANCIAL DATA
TXN002395,2026-09-03 16:04:26,2026-09-03,16:04:26,Thursday,16,17.300745,78.391323,ATM_HYD_904,Express ATM - Uppal Outskirts,Isolated / Peripheral Zone,Hyderabad,30000,Branch_61,ATM_CASH_WITHDRAWAL,SYNTHETIC / SIMULATED DATA — NOT REAL FINANCIAL DATA
TXN001054,2026-09-03 16:08:52,2026-09-03,16:08:52,Thursday,16,17.370284,78.522876,ATM_HYD_404,Canara Bank ATM - Dilsukhnagar Bus Depot,Dilsukhnagar Market Corridor,Hyderabad,25000,Branch_48,ATM_CASH_WITHDRAWAL,SYNTHETIC / SIMULATED DATA — NOT REAL FINANCIAL DATA
TXN001055,2026-09-03 17:01:47,2026-09-03,17:01:47,Thursday,17,17.361941,78.473372,ATM_HYD_503,HDFC Bank Kiosk - Nayapul Bridge,Charminar Heritage Bazaar,Hyderabad,20000,Branch_24,ATM_CASH_WITHDRAWAL,SYNTHETIC / SIMULATED DATA — NOT REAL FINANCIAL DATA
TXN000380,2026-09-03 18:14:53,2026-09-03,18:14:53,Thursday,18,17.430889,78.451055,ATM_HYD_105,Canara Bank Express ATM - SR Nagar,Ameerpet Commercial Hub,Hyderabad,30000,Branch_49,ATM_CASH_WITHDRAWAL,SYNTHETIC / SIMULATED DATA — NOT REAL FINANCIAL DATA
TXN000977,2026-09-03 19:15:12,2026-09-03,19:15:12,Thursday,19,17.435595,78.50288,ATM_HYD_303,SBI Multi-Service Lounge - Station Rd,Secunderabad Station Transit Hub,Hyderabad,35000,Branch_16,ATM_CASH_WITHDRAWAL,SYNTHETIC / SIMULATED DATA — NOT REAL FINANCIAL DATA
TXN002012,2026-09-03 19:32:19,2026-09-03,19:32:19,Thursday,19,17.447831,78.449985,ATM_HYD_102,HDFC 24x7 Cash Point - Maitrivanam,Ameerpet Commercial Hub,Hyderabad,40000,Branch_17,ATM_CASH_WITHDRAWAL,SYNTHETIC / SIMULATED DATA — NOT REAL FINANCIAL DATA
TXN000522,2026-09-03 20:10:46,2026-09-03,20:10:46,Thursday,20,17.445323,78.393817,ATM_HYD_201,Kotak ATM - Cyber Towers Concourse,Madhapur Tech Corridor,Hyderabad,8000,Branch_31,ATM_CASH_WITHDRAWAL,SYNTHETIC / SIMULATED DATA — NOT REAL FINANCIAL DATA
TXN000602,2026-09-03 20:24:09,2026-09-03,20:24:09,Thursday,20,17.440978,78.454596,ATM_HYD_104,Axis Bank ATM - Elephant House,Ameerpet Commercial Hub,Hyderabad,15000,Branch_45,ATM_CASH_WITHDRAWAL,SYNTHETIC / SIMULATED DATA — NOT REAL FINANCIAL DATA
TXN002065,2026-09-03 20:27:05,2026-09-03,20:27:05,Thursday,20,17.441643,78.448149,ATM_HYD_101,SBI Kiosk - Ameerpet Metro Junction,Ameerpet Commercial Hub,Hyderabad,18000,Branch_17,ATM_CASH_WITHDRAWAL,SYNTHETIC / SIMULATED DATA — NOT REAL FINANCIAL DATA
TXN001595,2026-09-03 20:34:57,2026-09-03,20:34:57,Thursday,20,17.441777,78.500562,ATM_HYD_301,Punjab National Bank - Railway Gate 1,Secunderabad Station Transit Hub,Hyderabad,25000,Branch_16,ATM_CASH_WITHDRAWAL,SYNTHETIC / SIMULATED DATA — NOT REAL FINANCIAL DATA
TXN001014,2026-09-03 20:41:01,2026-09-03,20:41:01,Thursday,20,17.436432,78.447631,ATM_HYD_104,Axis Bank ATM - Elephant House,Ameerpet Commercial Hub,Hyderabad,10000,Branch_14,ATM_CASH_WITHDRAWAL,SYNTHETIC / SIMULATED DATA — NOT REAL FINANCIAL DATA
TXN001730,2026-09-03 20:50:32,2026-09-03,20:50:32,Thursday,20,17.438287,78.504262,ATM_HYD_302,Bank of Baroda ATM - Clock Tower Cir,Secunderabad Station Transit Hub,Hyderabad,20000,Branch_42,ATM_CASH_WITHDRAWAL,SYNTHETIC / SIMULATED DATA — NOT REAL FINANCIAL DATA
TXN000213,2026-09-03 20:52:09,2026-09-03,20:52:09,Thursday,20,17.442363,78.49664,ATM_HYD_302,Bank of Baroda ATM - Clock Tower Cir,Secunderabad Station Transit Hub,Hyderabad,25000,Branch_19,ATM_CASH_WITHDRAWAL,SYNTHETIC / SIMULATED DATA — NOT REAL FINANCIAL DATA
TXN000341,2026-09-03 21:25:33,2026-09-03,21:25:33,Thursday,21,17.452701,78.396501,ATM_HYD_202,SBI ATM - Hitec City Metro Pillar 24,Madhapur Tech Corridor,Hyderabad,18000,Branch_10,ATM_CASH_WITHDRAWAL,SYNTHETIC / SIMULATED DATA — NOT REAL FINANCIAL DATA
TXN000571,2026-09-03 21:57:58,2026-09-03,21:57:58,Thursday,21,17.446193,78.390096,ATM_HYD_202,SBI ATM - Hitec City Metro Pillar 24,Madhapur Tech Corridor,Hyderabad,20000,Branch_19,ATM_CASH_WITHDRAWAL,SYNTHETIC / SIMULATED DATA — NOT REAL FINANCIAL DATA
TXN001838,2026-09-03 22:08:49,2026-09-03,22:08:49,Thursday,22,17.447519,78.386636,ATM_HYD_201,Kotak ATM - Cyber Towers Concourse,Madhapur Tech Corridor,Hyderabad,15000,Branch_41,ATM_CASH_WITHDRAWAL,SYNTHETIC / SIMULATED DATA — NOT REAL FINANCIAL DATA
TXN001499,2026-09-03 23:43:15,2026-09-03,23:43:15,Thursday,23,17.449154,78.390908,ATM_HYD_202,SBI ATM - Hitec City Metro Pillar 24,Madhapur Tech Corridor,Hyderabad,17000,Branch_37,ATM_CASH_WITHDRAWAL,SYNTHETIC / SIMULATED DATA — NOT REAL FINANCIAL DATA
TXN000195,2026-09-03 23:49:29,2026-09-03,23:49:29,Thursday,23,17.451237,78.384413,ATM_HYD_201,Kotak ATM - Cyber Towers Concourse,Madhapur Tech Corridor,Hyderabad,20000,Branch_27,ATM_CASH_WITHDRAWAL,SYNTHETIC / SIMULATED DATA — NOT REAL FINANCIAL DATA
TXN000452,2026-09-04 03:08:14,2026-09-04,03:08:14,Friday,3,17.455587,78.392921,ATM_HYD_204,ICICI Bank Express ATM - Madhapur Police Station,Madhapur Tech Corridor,Hyderabad,10000,Branch_18,ATM_CASH_WITHDRAWAL,SYNTHETIC / SIMULATED DATA — NOT REAL FINANCIAL DATA
TXN000505,2026-09-04 03:28:43,2026-09-04,03:28:43,Friday,3,17.434614,78.499906,ATM_HYD_301,Punjab National Bank - Railway Gate 1,Secunderabad Station Transit Hub,Hyderabad,25000,Branch_46,ATM_CASH_WITHDRAWAL,SYNTHETIC / SIMULATED DATA — NOT REAL FINANCIAL DATA
TXN000108,2026-09-04 03:46:40,2026-09-04,03:46:40,Friday,3,17.443602,78.499293,ATM_HYD_303,SBI Multi-Service Lounge - Station Rd,Secunderabad Station Transit Hub,Hyderabad,40000,Branch_26,ATM_CASH_WITHDRAWAL,SYNTHETIC / SIMULATED DATA — NOT REAL FINANCIAL DATA
TXN001266,2026-09-04 06:32:14,2026-09-04,06:32:14,Friday,6,17.441034,78.446467,ATM_HYD_101,SBI Kiosk - Ameerpet Metro Junction,Ameerpet Commercial Hub,Hyderabad,20000,Branch_48,ATM_CASH_WITHDRAWAL,SYNTHETIC / SIMULATED DATA — NOT REAL FINANCIAL DATA
TXN000937,2026-09-04 08:28:45,2026-09-04,08:28:45,Friday,8,17.430022,78.454949,ATM_HYD_105,Canara Bank Express ATM - SR Nagar,Ameerpet Commercial Hub,Hyderabad,10000,Branch_27,ATM_CASH_WITHDRAWAL,SYNTHETIC / SIMULATED DATA — NOT REAL FINANCIAL DATA
TXN000866,2026-09-04 08:32:16,2026-09-04,08:32:16,Friday,8,17.443211,78.39054,ATM_HYD_205,IndusInd Bank 24/7 ATM - Kavuri Hills,Madhapur Tech Corridor,Hyderabad,40000,Branch_41,ATM_CASH_WITHDRAWAL,SYNTHETIC / SIMULATED DATA — NOT REAL FINANCIAL DATA
TXN000720,2026-09-04 11:07:58,2026-09-04,11:07:58,Friday,11,17.434779,78.499847,ATM_HYD_302,Bank of Baroda ATM - Clock Tower Cir,Secunderabad Station Transit Hub,Hyderabad,45000,Branch_41,ATM_CASH_WITHDRAWAL,SYNTHETIC / SIMULATED DATA — NOT REAL FINANCIAL DATA
TXN001060,2026-09-04 12:54:47,2026-09-04,12:54:47,Friday,12,17.438231,78.504706,ATM_HYD_302,Bank of Baroda ATM - Clock Tower Cir,Secunderabad Station Transit Hub,Hyderabad,50000,Branch_47,ATM_CASH_WITHDRAWAL,SYNTHETIC / SIMULATED DATA — NOT REAL FINANCIAL DATA
TXN000487,2026-09-04 13:43:19,2026-09-04,13:43:19,Friday,13,17.437729,78.44684,ATM_HYD_102,HDFC 24x7 Cash Point - Maitrivanam,Ameerpet Commercial Hub,Hyderabad,10000,Branch_21,ATM_CASH_WITHDRAWAL,SYNTHETIC / SIMULATED DATA — NOT REAL FINANCIAL DATA
TXN002056,2026-09-04 13:53:04,2026-09-04,13:53:04,Friday,13,17.43923,78.504025,ATM_HYD_301,Punjab National Bank - Railway Gate 1,Secunderabad Station Transit Hub,Hyderabad,40000,Branch_29,ATM_CASH_WITHDRAWAL,SYNTHETIC / SIMULATED DATA — NOT REAL FINANCIAL DATA
TXN002277,2026-09-04 13:56:00,2026-09-04,13:56:00,Friday,13,17.509756,78.343386,ATM_HYD_905,Highway Kiosk - Patancheru Depot,Isolated / Peripheral Zone,Hyderabad,30000,Branch_80,ATM_CASH_WITHDRAWAL,SYNTHETIC / SIMULATED DATA — NOT REAL FINANCIAL DATA
TXN001583,2026-09-04 14:02:57,2026-09-04,14:02:57,Friday,14,17.443803,78.497734,ATM_HYD_303,SBI Multi-Service Lounge - Station Rd,Secunderabad Station Transit Hub,Hyderabad,30000,Branch_34,ATM_CASH_WITHDRAWAL,SYNTHETIC / SIMULATED DATA — NOT REAL FINANCIAL DATA
TXN001694,2026-09-04 14:36:47,2026-09-04,14:36:47,Friday,14,17.437656,78.44889,ATM_HYD_102,HDFC 24x7 Cash Point - Maitrivanam,Ameerpet Commercial Hub,Hyderabad,30000,Branch_37,ATM_CASH_WITHDRAWAL,SYNTHETIC / SIMULATED DATA — NOT REAL FINANCIAL DATA
TXN001576,2026-09-04 15:03:09,2026-09-04,15:03:09,Friday,15,17.439742,78.441847,ATM_HYD_101,SBI Kiosk - Ameerpet Metro Junction,Ameerpet Commercial Hub,Hyderabad,10000,Branch_42,ATM_CASH_WITHDRAWAL,SYNTHETIC / SIMULATED DATA — NOT REAL FINANCIAL DATA
TXN000716,2026-09-04 15:44:53,2026-09-04,15:44:53,Friday,15,17.364677,78.474779,ATM_HYD_502,SBI ATM - Gulzar Houz,Charminar Heritage Bazaar,Hyderabad,40000,Branch_28,ATM_CASH_WITHDRAWAL,SYNTHETIC / SIMULATED DATA — NOT REAL FINANCIAL DATA
TXN000672,2026-09-04 17:14:04,2026-09-04,17:14:04,Friday,17,17.363637,78.52055,ATM_HYD_404,Canara Bank ATM - Dilsukhnagar Bus Depot,Dilsukhnagar Market Corridor,Hyderabad,10000,Branch_24,ATM_CASH_WITHDRAWAL,SYNTHETIC / SIMULATED DATA — NOT REAL FINANCIAL DATA
TXN002480,2026-09-04 17:22:03,2026-09-04,17:22:03,Friday,17,17.430882,78.411206,ATM_HYD_904,Express ATM - Uppal Outskirts,Isolated / Peripheral Zone,Hyderabad,10000,Branch_75,ATM_CASH_WITHDRAWAL,SYNTHETIC / SIMULATED DATA — NOT REAL FINANCIAL DATA
TXN001553,2026-09-04 17:30:44,2026-09-04,17:30:44,Friday,17,17.36492,78.525955,ATM_HYD_404,Canara Bank ATM - Dilsukhnagar Bus Depot,Dilsukhnagar Market Corridor,Hyderabad,30000,Branch_48,ATM_CASH_WITHDRAWAL,SYNTHETIC / SIMULATED DATA — NOT REAL FINANCIAL DATA
TXN001963,2026-09-04 17:48:01,2026-09-04,17:48:01,Friday,17,17.375591,78.524743,ATM_HYD_402,Andhra Bank (UBI) ATM - Chaitanyapuri,Dilsukhnagar Market Corridor,Hyderabad,30000,Branch_28,ATM_CASH_WITHDRAWAL,SYNTHETIC / SIMULATED DATA — NOT REAL FINANCIAL DATA
TXN001803,2026-09-04 17:58:23,2026-09-04,17:58:23,Friday,17,17.444909,78.393754,ATM_HYD_201,Kotak ATM - Cyber Towers Concourse,Madhapur Tech Corridor,Hyderabad,15000,Branch_48,ATM_CASH_WITHDRAWAL,SYNTHETIC / SIMULATED DATA — NOT REAL FINANCIAL DATA
TXN001876,2026-09-04 18:22:40,2026-09-04,18:22:40,Friday,18,17.447949,78.393041,ATM_HYD_201,Kotak ATM - Cyber Towers Concourse,Madhapur Tech Corridor,Hyderabad,48000,Branch_27,ATM_CASH_WITHDRAWAL,SYNTHETIC / SIMULATED DATA — NOT REAL FINANCIAL DATA
TXN001712,2026-09-04 18:26:29,2026-09-04,18:26:29,Friday,18,17.437059,78.448602,ATM_HYD_104,Axis Bank ATM - Elephant House,Ameerpet Commercial Hub,Hyderabad,50000,Branch_11,ATM_CASH_WITHDRAWAL,SYNTHETIC / SIMULATED DATA — NOT REAL FINANCIAL DATA
TXN002022,2026-09-04 18:29:49,2026-09-04,18:29:49,Friday,18,17.445093,78.388601,ATM_HYD_204,ICICI Bank Express ATM - Madhapur Police Station,Madhapur Tech Corridor,Hyderabad,20000,Branch_22,ATM_CASH_WITHDRAWAL,SYNTHETIC / SIMULATED DATA — NOT REAL FINANCIAL DATA
TXN000180,2026-09-04 18:45:54,2026-09-04,18:45:54,Friday,18,17.436345,78.449667,ATM_HYD_101,SBI Kiosk - Ameerpet Metro Junction,Ameerpet Commercial Hub,Hyderabad,10000,Branch_30,ATM_CASH_WITHDRAWAL,SYNTHETIC / SIMULATED DATA — NOT REAL FINANCIAL DATA
TXN002155,2026-09-04 18:51:53,2026-09-04,18:51:53,Friday,18,17.435674,78.445237,ATM_HYD_101,SBI Kiosk - Ameerpet Metro Junction,Ameerpet Commercial Hub,Hyderabad,30000,Branch_47,ATM_CASH_WITHDRAWAL,SYNTHETIC / SIMULATED DATA — NOT REAL FINANCIAL DATA
TXN001033,2026-09-04 18:55:35,2026-09-04,18:55:35,Friday,18,17.438718,78.450969,ATM_HYD_103,ICICI e-Lobby - Ameerpet Cross Roads,Ameerpet Commercial Hub,Hyderabad,25000,Branch_38,ATM_CASH_WITHDRAWAL,SYNTHETIC / SIMULATED DATA — NOT REAL FINANCIAL DATA
TXN000194,2026-09-04 19:13:09,2026-09-04,19:13:09,Friday,19,17.441631,78.499649,ATM_HYD_303,SBI Multi-Service Lounge - Station Rd,Secunderabad Station Transit Hub,Hyderabad,25000,Branch_24,ATM_CASH_WITHDRAWAL,SYNTHETIC / SIMULATED DATA — NOT REAL FINANCIAL DATA
TXN000718,2026-09-04 19:17:11,2026-09-04,19:17:11,Friday,19,17.362271,78.470097,ATM_HYD_502,SBI ATM - Gulzar Houz,Charminar Heritage Bazaar,Hyderabad,50000,Branch_22,ATM_CASH_WITHDRAWAL,SYNTHETIC / SIMULATED DATA — NOT REAL FINANCIAL DATA
TXN001885,2026-09-04 19:20:33,2026-09-04,19:20:33,Friday,19,17.433852,78.449266,ATM_HYD_104,Axis Bank ATM - Elephant House,Ameerpet Commercial Hub,Hyderabad,15000,Branch_23,ATM_CASH_WITHDRAWAL,SYNTHETIC / SIMULATED DATA — NOT REAL FINANCIAL DATA
TXN000955,2026-09-04 19:25:03,2026-09-04,19:25:03,Friday,19,17.45002,78.387212,ATM_HYD_205,IndusInd Bank 24/7 ATM - Kavuri Hills,Madhapur Tech Corridor,Hyderabad,10000,Branch_15,ATM_CASH_WITHDRAWAL,SYNTHETIC / SIMULATED DATA — NOT REAL FINANCIAL DATA
TXN000629,2026-09-04 19:47:26,2026-09-04,19:47:26,Friday,19,17.441535,78.440873,ATM_HYD_101,SBI Kiosk - Ameerpet Metro Junction,Ameerpet Commercial Hub,Hyderabad,25000,Branch_45,ATM_CASH_WITHDRAWAL,SYNTHETIC / SIMULATED DATA — NOT REAL FINANCIAL DATA
TXN001999,2026-09-04 19:58:40,2026-09-04,19:58:40,Friday,19,17.438465,78.447436,ATM_HYD_102,HDFC 24x7 Cash Point - Maitrivanam,Ameerpet Commercial Hub,Hyderabad,25000,Branch_43,ATM_CASH_WITHDRAWAL,SYNTHETIC / SIMULATED DATA — NOT REAL FINANCIAL DATA
TXN000247,2026-09-04 20:11:42,2026-09-04,20:11:42,Friday,20,17.446248,78.391817,ATM_HYD_205,IndusInd Bank 24/7 ATM - Kavuri Hills,Madhapur Tech Corridor,Hyderabad,50000,Branch_43,ATM_CASH_WITHDRAWAL,SYNTHETIC / SIMULATED DATA — NOT REAL FINANCIAL DATA
TXN000638,2026-09-04 20:20:33,2026-09-04,20:20:33,Friday,20,17.439571,78.450937,ATM_HYD_105,Canara Bank Express ATM - SR Nagar,Ameerpet Commercial Hub,Hyderabad,25000,Branch_21,ATM_CASH_WITHDRAWAL,SYNTHETIC / SIMULATED DATA — NOT REAL FINANCIAL DATA
TXN000958,2026-09-04 20:28:47,2026-09-04,20:28:47,Friday,20,17.44064,78.449949,ATM_HYD_101,SBI Kiosk - Ameerpet Metro Junction,Ameerpet Commercial Hub,Hyderabad,15000,Branch_12,ATM_CASH_WITHDRAWAL,SYNTHETIC / SIMULATED DATA — NOT REAL FINANCIAL DATA
TXN001489,2026-09-04 20:31:12,2026-09-04,20:31:12,Friday,20,17.441496,78.387142,ATM_HYD_204,ICICI Bank Express ATM - Madhapur Police Station,Madhapur Tech Corridor,Hyderabad,30000,Branch_19,ATM_CASH_WITHDRAWAL,SYNTHETIC / SIMULATED DATA — NOT REAL FINANCIAL DATA
TXN001707,2026-09-04 20:40:24,2026-09-04,20:40:24,Friday,20,17.440909,78.491698,ATM_HYD_304,Union Bank ATM - Patny Circle,Secunderabad Station Transit Hub,Hyderabad,20000,Branch_16,ATM_CASH_WITHDRAWAL,SYNTHETIC / SIMULATED DATA — NOT REAL FINANCIAL DATA
TXN000061,2026-09-04 20:43:53,2026-09-04,20:43:53,Friday,20,17.438342,78.389585,ATM_HYD_203,HDFC Bank E-Corner - Inorbit Road,Madhapur Tech Corridor,Hyderabad,50000,Branch_11,ATM_CASH_WITHDRAWAL,SYNTHETIC / SIMULATED DATA — NOT REAL FINANCIAL DATA
TXN001061,2026-09-04 20:49:46,2026-09-04,20:49:46,Friday,20,17.376976,78.528948,ATM_HYD_403,HDFC Cash Machine - Malakpet Link,Dilsukhnagar Market Corridor,Hyderabad,25000,Branch_42,ATM_CASH_WITHDRAWAL,SYNTHETIC / SIMULATED DATA — NOT REAL FINANCIAL DATA
TXN001750,2026-09-04 21:10:18,2026-09-04,21:10:18,Friday,21,17.438229,78.447919,ATM_HYD_104,Axis Bank ATM - Elephant House,Ameerpet Commercial Hub,Hyderabad,50000,Branch_25,ATM_CASH_WITHDRAWAL,SYNTHETIC / SIMULATED DATA — NOT REAL FINANCIAL DATA
TXN001746,2026-09-04 21:54:08,2026-09-04,21:54:08,Friday,21,17.451125,78.398493,ATM_HYD_205,IndusInd Bank 24/7 ATM - Kavuri Hills,Madhapur Tech Corridor,Hyderabad,40000,Branch_38,ATM_CASH_WITHDRAWAL,SYNTHETIC / SIMULATED DATA — NOT REAL FINANCIAL DATA
TXN000774,2026-09-04 22:34:50,2026-09-04,22:34:50,Friday,22,17.445947,78.386845,ATM_HYD_201,Kotak ATM - Cyber Towers Concourse,Madhapur Tech Corridor,Hyderabad,32000,Branch_24,ATM_CASH_WITHDRAWAL,SYNTHETIC / SIMULATED DATA — NOT REAL FINANCIAL DATA
TXN000565,2026-09-04 23:10:53,2026-09-04,23:10:53,Friday,23,17.450638,78.398434,ATM_HYD_204,ICICI Bank Express ATM - Madhapur Police Station,Madhapur Tech Corridor,Hyderabad,20000,Branch_45,ATM_CASH_WITHDRAWAL,SYNTHETIC / SIMULATED DATA — NOT REAL FINANCIAL DATA
TXN000592,2026-09-04 23:21:39,2026-09-04,23:21:39,Friday,23,17.440573,78.503585,ATM_HYD_303,SBI Multi-Service Lounge - Station Rd,Secunderabad Station Transit Hub,Hyderabad,20000,Branch_17,ATM_CASH_WITHDRAWAL,SYNTHETIC / SIMULATED DATA — NOT REAL FINANCIAL DATA
TXN001192,2026-09-04 23:27:22,2026-09-04,23:27:22,Friday,23,17.433653,78.502637,ATM_HYD_304,Union Bank ATM - Patny Circle,Secunderabad Station Transit Hub,Hyderabad,10000,Branch_20,ATM_CASH_WITHDRAWAL,SYNTHETIC / SIMULATED DATA — NOT REAL FINANCIAL DATA
TXN002311,2026-09-04 23:35:57,2026-09-04,23:35:57,Friday,23,17.506357,78.536418,ATM_HYD_903,Market Yard Cash Point - Shamshabad Link,Isolated / Peripheral Zone,Hyderabad,25000,Branch_71,ATM_CASH_WITHDRAWAL,SYNTHETIC / SIMULATED DATA — NOT REAL FINANCIAL DATA
TXN002400,2026-09-04 23:37:37,2026-09-04,23:37:37,Friday,23,17.509956,78.391838,ATM_HYD_904,Express ATM - Uppal Outskirts,Isolated / Peripheral Zone,Hyderabad,30000,Branch_55,ATM_CASH_WITHDRAWAL,SYNTHETIC / SIMULATED DATA — NOT REAL FINANCIAL DATA
TXN000551,2026-09-04 23:44:05,2026-09-04,23:44:05,Friday,23,17.443924,78.395633,ATM_HYD_201,Kotak ATM - Cyber Towers Concourse,Madhapur Tech Corridor,Hyderabad,10000,Branch_39,ATM_CASH_WITHDRAWAL,SYNTHETIC / SIMULATED DATA — NOT REAL FINANCIAL DATA
TXN000308,2026-09-04 23:46:43,2026-09-04,23:46:43,Friday,23,17.450795,78.396927,ATM_HYD_205,IndusInd Bank 24/7 ATM - Kavuri Hills,Madhapur Tech Corridor,Hyderabad,25000,Branch_26,ATM_CASH_WITHDRAWAL,SYNTHETIC / SIMULATED DATA — NOT REAL FINANCIAL DATA
TXN001512,2026-09-05 00:11:09,2026-09-05,00:11:09,Saturday,0,17.441697,78.504647,ATM_HYD_303,SBI Multi-Service Lounge - Station Rd,Secunderabad Station Transit Hub,Hyderabad,40000,Branch_47,ATM_CASH_WITHDRAWAL,SYNTHETIC / SIMULATED DATA — NOT REAL FINANCIAL DATA
TXN002349,2026-09-05 01:02:50,2026-09-05,01:02:50,Saturday,1,17.496265,78.337696,ATM_HYD_904,Express ATM - Uppal Outskirts,Isolated / Peripheral Zone,Hyderabad,30000,Branch_53,ATM_CASH_WITHDRAWAL,SYNTHETIC / SIMULATED DATA — NOT REAL FINANCIAL DATA
TXN000457,2026-09-05 01:25:11,2026-09-05,01:25:11,Saturday,1,17.433175,78.445855,ATM_HYD_101,SBI Kiosk - Ameerpet Metro Junction,Ameerpet Commercial Hub,Hyderabad,15000,Branch_36,ATM_CASH_WITHDRAWAL,SYNTHETIC / SIMULATED DATA — NOT REAL FINANCIAL DATA
TXN001208,2026-09-05 02:59:43,2026-09-05,02:59:43,Saturday,2,17.447282,78.386818,ATM_HYD_205,IndusInd Bank 24/7 ATM - Kavuri Hills,Madhapur Tech Corridor,Hyderabad,10000,Branch_10,ATM_CASH_WITHDRAWAL,SYNTHETIC / SIMULATED DATA — NOT REAL FINANCIAL DATA
TXN000978,2026-09-05 03:17:28,2026-09-05,03:17:28,Saturday,3,17.435817,78.446039,ATM_HYD_105,Canara Bank Express ATM - SR Nagar,Ameerpet Commercial Hub,Hyderabad,20000,Branch_42,ATM_CASH_WITHDRAWAL,SYNTHETIC / SIMULATED DATA — NOT REAL FINANCIAL DATA
TXN000742,2026-09-05 06:14:07,2026-09-05,06:14:07,Saturday,6,17.441646,78.446331,ATM_HYD_104,Axis Bank ATM - Elephant House,Ameerpet Commercial Hub,Hyderabad,20000,Branch_38,ATM_CASH_WITHDRAWAL,SYNTHETIC / SIMULATED DATA — NOT REAL FINANCIAL DATA
TXN000610,2026-09-05 06:38:57,2026-09-05,06:38:57,Saturday,6,17.440356,78.499025,ATM_HYD_303,SBI Multi-Service Lounge - Station Rd,Secunderabad Station Transit Hub,Hyderabad,25000,Branch_39,ATM_CASH_WITHDRAWAL,SYNTHETIC / SIMULATED DATA — NOT REAL FINANCIAL DATA
TXN001072,2026-09-05 07:30:20,2026-09-05,07:30:20,Saturday,7,17.435753,78.449463,ATM_HYD_101,SBI Kiosk - Ameerpet Metro Junction,Ameerpet Commercial Hub,Hyderabad,25000,Branch_48,ATM_CASH_WITHDRAWAL,SYNTHETIC / SIMULATED DATA — NOT REAL FINANCIAL DATA
TXN000781,2026-09-05 08:21:24,2026-09-05,08:21:24,Saturday,8,17.443098,78.504674,ATM_HYD_301,Punjab National Bank - Railway Gate 1,Secunderabad Station Transit Hub,Hyderabad,50000,Branch_14,ATM_CASH_WITHDRAWAL,SYNTHETIC / SIMULATED DATA — NOT REAL FINANCIAL DATA
TXN001430,2026-09-05 10:34:01,2026-09-05,10:34:01,Saturday,10,17.361031,78.523949,ATM_HYD_403,HDFC Cash Machine - Malakpet Link,Dilsukhnagar Market Corridor,Hyderabad,25000,Branch_18,ATM_CASH_WITHDRAWAL,SYNTHETIC / SIMULATED DATA — NOT REAL FINANCIAL DATA
TXN000385,2026-09-05 11:19:28,2026-09-05,11:19:28,Saturday,11,17.444289,78.499862,ATM_HYD_303,SBI Multi-Service Lounge - Station Rd,Secunderabad Station Transit Hub,Hyderabad,20000,Branch_27,ATM_CASH_WITHDRAWAL,SYNTHETIC / SIMULATED DATA — NOT REAL FINANCIAL DATA
TXN000296,2026-09-05 11:55:28,2026-09-05,11:55:28,Saturday,11,17.447405,78.396521,ATM_HYD_205,IndusInd Bank 24/7 ATM - Kavuri Hills,Madhapur Tech Corridor,Hyderabad,50000,Branch_42,ATM_CASH_WITHDRAWAL,SYNTHETIC / SIMULATED DATA — NOT REAL FINANCIAL DATA
TXN000112,2026-09-05 13:45:34,2026-09-05,13:45:34,Saturday,13,17.439147,78.445502,ATM_HYD_102,HDFC 24x7 Cash Point - Maitrivanam,Ameerpet Commercial Hub,Hyderabad,23000,Branch_13,ATM_CASH_WITHDRAWAL,SYNTHETIC / SIMULATED DATA — NOT REAL FINANCIAL DATA
TXN001448,2026-09-05 14:05:07,2026-09-05,14:05:07,Saturday,14,17.368374,78.516313,ATM_HYD_404,Canara Bank ATM - Dilsukhnagar Bus Depot,Dilsukhnagar Market Corridor,Hyderabad,25000,Branch_42,ATM_CASH_WITHDRAWAL,SYNTHETIC / SIMULATED DATA — NOT REAL FINANCIAL DATA
TXN001511,2026-09-05 14:06:42,2026-09-05,14:06:42,Saturday,14,17.374245,78.522658,ATM_HYD_404,Canara Bank ATM - Dilsukhnagar Bus Depot,Dilsukhnagar Market Corridor,Hyderabad,30000,Branch_18,ATM_CASH_WITHDRAWAL,SYNTHETIC / SIMULATED DATA — NOT REAL FINANCIAL DATA
TXN001563,2026-09-05 15:04:00,2026-09-05,15:04:00,Saturday,15,17.375197,78.524825,ATM_HYD_402,Andhra Bank (UBI) ATM - Chaitanyapuri,Dilsukhnagar Market Corridor,Hyderabad,15000,Branch_36,ATM_CASH_WITHDRAWAL,SYNTHETIC / SIMULATED DATA — NOT REAL FINANCIAL DATA
TXN000223,2026-09-05 15:24:26,2026-09-05,15:24:26,Saturday,15,17.437603,78.445693,ATM_HYD_102,HDFC 24x7 Cash Point - Maitrivanam,Ameerpet Commercial Hub,Hyderabad,15000,Branch_48,ATM_CASH_WITHDRAWAL,SYNTHETIC / SIMULATED DATA — NOT REAL FINANCIAL DATA
TXN000054,2026-09-05 15:27:08,2026-09-05,15:27:08,Saturday,15,17.363529,78.519369,ATM_HYD_401,SBI Express ATM - Dilsukhnagar Metro,Dilsukhnagar Market Corridor,Hyderabad,22000,Branch_12,ATM_CASH_WITHDRAWAL,SYNTHETIC / SIMULATED DATA — NOT REAL FINANCIAL DATA
TXN000272,2026-09-05 16:29:51,2026-09-05,16:29:51,Saturday,16,17.36525,78.527368,ATM_HYD_401,SBI Express ATM - Dilsukhnagar Metro,Dilsukhnagar Market Corridor,Hyderabad,10000,Branch_18,ATM_CASH_WITHDRAWAL,SYNTHETIC / SIMULATED DATA — NOT REAL FINANCIAL DATA
TXN001118,2026-09-05 16:53:40,2026-09-05,16:53:40,Saturday,16,17.3708,78.526902,ATM_HYD_404,Canara Bank ATM - Dilsukhnagar Bus Depot,Dilsukhnagar Market Corridor,Hyderabad,25000,Branch_12,ATM_CASH_WITHDRAWAL,SYNTHETIC / SIMULATED DATA — NOT REAL FINANCIAL DATA
TXN000360,2026-09-05 17:36:55,2026-09-05,17:36:55,Saturday,17,17.441699,78.388833,ATM_HYD_202,SBI ATM - Hitec City Metro Pillar 24,Madhapur Tech Corridor,Hyderabad,30000,Branch_19,ATM_CASH_WITHDRAWAL,SYNTHETIC / SIMULATED DATA — NOT REAL FINANCIAL DATA
TXN001985,2026-09-05 19:40:41,2026-09-05,19:40:41,Saturday,19,17.434573,78.45231,ATM_HYD_101,SBI Kiosk - Ameerpet Metro Junction,Ameerpet Commercial Hub,Hyderabad,20000,Branch_17,ATM_CASH_WITHDRAWAL,SYNTHETIC / SIMULATED DATA — NOT REAL FINANCIAL DATA
TXN000093,2026-09-05 19:47:45,2026-09-05,19:47:45,Saturday,19,17.442889,78.501068,ATM_HYD_303,SBI Multi-Service Lounge - Station Rd,Secunderabad Station Transit Hub,Hyderabad,18000,Branch_29,ATM_CASH_WITHDRAWAL,SYNTHETIC / SIMULATED DATA — NOT REAL FINANCIAL DATA
TXN001977,2026-09-05 19:58:55,2026-09-05,19:58:55,Saturday,19,17.437885,78.446815,ATM_HYD_104,Axis Bank ATM - Elephant House,Ameerpet Commercial Hub,Hyderabad,15000,Branch_40,ATM_CASH_WITHDRAWAL,SYNTHETIC / SIMULATED DATA — NOT REAL FINANCIAL DATA
TXN000167,2026-09-05 20:00:16,2026-09-05,20:00:16,Saturday,20,17.451617,78.39003,ATM_HYD_205,IndusInd Bank 24/7 ATM - Kavuri Hills,Madhapur Tech Corridor,Hyderabad,50000,Branch_39,ATM_CASH_WITHDRAWAL,SYNTHETIC / SIMULATED DATA — NOT REAL FINANCIAL DATA
TXN001049,2026-09-05 20:22:52,2026-09-05,20:22:52,Saturday,20,17.373836,78.522191,ATM_HYD_403,HDFC Cash Machine - Malakpet Link,Dilsukhnagar Market Corridor,Hyderabad,23000,Branch_43,ATM_CASH_WITHDRAWAL,SYNTHETIC / SIMULATED DATA — NOT REAL FINANCIAL DATA
TXN001070,2026-09-05 20:31:43,2026-09-05,20:31:43,Saturday,20,17.439923,78.446136,ATM_HYD_104,Axis Bank ATM - Elephant House,Ameerpet Commercial Hub,Hyderabad,42000,Branch_43,ATM_CASH_WITHDRAWAL,SYNTHETIC / SIMULATED DATA — NOT REAL FINANCIAL DATA
TXN001001,2026-09-05 20:40:00,2026-09-05,20:40:00,Saturday,20,17.437183,78.44801,ATM_HYD_102,HDFC 24x7 Cash Point - Maitrivanam,Ameerpet Commercial Hub,Hyderabad,20000,Branch_14,ATM_CASH_WITHDRAWAL,SYNTHETIC / SIMULATED DATA — NOT REAL FINANCIAL DATA
TXN001930,2026-09-05 21:00:39,2026-09-05,21:00:39,Saturday,21,17.436593,78.444794,ATM_HYD_103,ICICI e-Lobby - Ameerpet Cross Roads,Ameerpet Commercial Hub,Hyderabad,50000,Branch_35,ATM_CASH_WITHDRAWAL,SYNTHETIC / SIMULATED DATA — NOT REAL FINANCIAL DATA
TXN001518,2026-09-05 21:07:58,2026-09-05,21:07:58,Saturday,21,17.362269,78.522733,ATM_HYD_403,HDFC Cash Machine - Malakpet Link,Dilsukhnagar Market Corridor,Hyderabad,30000,Branch_40,ATM_CASH_WITHDRAWAL,SYNTHETIC / SIMULATED DATA — NOT REAL FINANCIAL DATA
TXN001308,2026-09-05 21:19:30,2026-09-05,21:19:30,Saturday,21,17.368814,78.526825,ATM_HYD_402,Andhra Bank (UBI) ATM - Chaitanyapuri,Dilsukhnagar Market Corridor,Hyderabad,10000,Branch_43,ATM_CASH_WITHDRAWAL,SYNTHETIC / SIMULATED DATA — NOT REAL FINANCIAL DATA
TXN002245,2026-09-05 21:57:11,2026-09-05,21:57:11,Saturday,21,17.36916,78.52524,ATM_HYD_404,Canara Bank ATM - Dilsukhnagar Bus Depot,Dilsukhnagar Market Corridor,Hyderabad,25000,Branch_21,ATM_CASH_WITHDRAWAL,SYNTHETIC / SIMULATED DATA — NOT REAL FINANCIAL DATA
TXN001899,2026-09-05 22:25:26,2026-09-05,22:25:26,Saturday,22,17.449558,78.386809,ATM_HYD_205,IndusInd Bank 24/7 ATM - Kavuri Hills,Madhapur Tech Corridor,Hyderabad,20000,Branch_13,ATM_CASH_WITHDRAWAL,SYNTHETIC / SIMULATED DATA — NOT REAL FINANCIAL DATA
TXN001612,2026-09-05 22:45:35,2026-09-05,22:45:35,Saturday,22,17.438896,78.502798,ATM_HYD_301,Punjab National Bank - Railway Gate 1,Secunderabad Station Transit Hub,Hyderabad,12000,Branch_42,ATM_CASH_WITHDRAWAL,SYNTHETIC / SIMULATED DATA — NOT REAL FINANCIAL DATA
TXN001268,2026-09-05 23:16:56,2026-09-05,23:16:56,Saturday,23,17.447039,78.382862,ATM_HYD_204,ICICI Bank Express ATM - Madhapur Police Station,Madhapur Tech Corridor,Hyderabad,40000,Branch_24,ATM_CASH_WITHDRAWAL,SYNTHETIC / SIMULATED DATA — NOT REAL FINANCIAL DATA
TXN002393,2026-09-06 01:07:37,2026-09-06,01:07:37,Sunday,1,17.403511,78.341992,ATM_HYD_905,Highway Kiosk - Patancheru Depot,Isolated / Peripheral Zone,Hyderabad,40000,Branch_84,ATM_CASH_WITHDRAWAL,SYNTHETIC / SIMULATED DATA — NOT REAL FINANCIAL DATA
TXN000772,2026-09-06 01:25:17,2026-09-06,01:25:17,Sunday,1,17.36626,78.529333,ATM_HYD_402,Andhra Bank (UBI) ATM - Chaitanyapuri,Dilsukhnagar Market Corridor,Hyderabad,25000,Branch_41,ATM_CASH_WITHDRAWAL,SYNTHETIC / SIMULATED DATA — NOT REAL FINANCIAL DATA
TXN002366,2026-09-06 04:44:08,2026-09-06,04:44:08,Sunday,4,17.481219,78.43246,ATM_HYD_901,Rural Kiosk - Outer Ring Road Exit 4,Isolated / Peripheral Zone,Hyderabad,50000,Branch_67,ATM_CASH_WITHDRAWAL,SYNTHETIC / SIMULATED DATA — NOT REAL FINANCIAL DATA
TXN001050,2026-09-06 05:11:09,2026-09-06,05:11:09,Sunday,5,17.435374,78.445741,ATM_HYD_103,ICICI e-Lobby - Ameerpet Cross Roads,Ameerpet Commercial Hub,Hyderabad,20000,Branch_20,ATM_CASH_WITHDRAWAL,SYNTHETIC / SIMULATED DATA — NOT REAL FINANCIAL DATA
TXN002062,2026-09-06 05:34:55,2026-09-06,05:34:55,Sunday,5,17.45642,78.390998,ATM_HYD_204,ICICI Bank Express ATM - Madhapur Police Station,Madhapur Tech Corridor,Hyderabad,25000,Branch_30,ATM_CASH_WITHDRAWAL,SYNTHETIC / SIMULATED DATA — NOT REAL FINANCIAL DATA
TXN002416,2026-09-06 05:54:12,2026-09-06,05:54:12,Sunday,5,17.43948,78.421038,ATM_HYD_905,Highway Kiosk - Patancheru Depot,Isolated / Peripheral Zone,Hyderabad,40000,Branch_75,ATM_CASH_WITHDRAWAL,SYNTHETIC / SIMULATED DATA — NOT REAL FINANCIAL DATA
TXN001361,2026-09-06 08:59:07,2026-09-06,08:59:07,Sunday,8,17.361428,78.470591,ATM_HYD_501,Bank of India - Madina Market,Charminar Heritage Bazaar,Hyderabad,40000,Branch_11,ATM_CASH_WITHDRAWAL,SYNTHETIC / SIMULATED DATA — NOT REAL FINANCIAL DATA
TXN000850,2026-09-06 11:49:10,2026-09-06,11:49:10,Sunday,11,17.44597,78.505577,ATM_HYD_302,Bank of Baroda ATM - Clock Tower Cir,Secunderabad Station Transit Hub,Hyderabad,20000,Branch_46,ATM_CASH_WITHDRAWAL,SYNTHETIC / SIMULATED DATA — NOT REAL FINANCIAL DATA
TXN002285,2026-09-06 12:09:51,2026-09-06,12:09:51,Sunday,12,17.355012,78.434262,ATM_HYD_904,Express ATM - Uppal Outskirts,Isolated / Peripheral Zone,Hyderabad,20000,Branch_94,ATM_CASH_WITHDRAWAL,SYNTHETIC / SIMULATED DATA — NOT REAL FINANCIAL DATA
TXN001747,2026-09-06 12:25:08,2026-09-06,12:25:08,Sunday,12,17.438311,78.447061,ATM_HYD_104,Axis Bank ATM - Elephant House,Ameerpet Commercial Hub,Hyderabad,25000,Branch_18,ATM_CASH_WITHDRAWAL,SYNTHETIC / SIMULATED DATA — NOT REAL FINANCIAL DATA
TXN001387,2026-09-06 14:04:21,2026-09-06,14:04:21,Sunday,14,17.437232,78.505067,ATM_HYD_303,SBI Multi-Service Lounge - Station Rd,Secunderabad Station Transit Hub,Hyderabad,50000,Branch_22,ATM_CASH_WITHDRAWAL,SYNTHETIC / SIMULATED DATA — NOT REAL FINANCIAL DATA
TXN001591,2026-09-06 14:32:28,2026-09-06,14:32:28,Sunday,14,17.438183,78.496872,ATM_HYD_303,SBI Multi-Service Lounge - Station Rd,Secunderabad Station Transit Hub,Hyderabad,20000,Branch_12,ATM_CASH_WITHDRAWAL,SYNTHETIC / SIMULATED DATA — NOT REAL FINANCIAL DATA
TXN002146,2026-09-06 14:33:00,2026-09-06,14:33:00,Sunday,14,17.372473,78.525484,ATM_HYD_401,SBI Express ATM - Dilsukhnagar Metro,Dilsukhnagar Market Corridor,Hyderabad,22000,Branch_29,ATM_CASH_WITHDRAWAL,SYNTHETIC / SIMULATED DATA — NOT REAL FINANCIAL DATA
TXN000153,2026-09-06 14:33:26,2026-09-06,14:33:26,Sunday,14,17.436147,78.450145,ATM_HYD_103,ICICI e-Lobby - Ameerpet Cross Roads,Ameerpet Commercial Hub,Hyderabad,50000,Branch_21,ATM_CASH_WITHDRAWAL,SYNTHETIC / SIMULATED DATA — NOT REAL FINANCIAL DATA
TXN001468,2026-09-06 14:50:13,2026-09-06,14:50:13,Sunday,14,17.447957,78.391725,ATM_HYD_201,Kotak ATM - Cyber Towers Concourse,Madhapur Tech Corridor,Hyderabad,15000,Branch_16,ATM_CASH_WITHDRAWAL,SYNTHETIC / SIMULATED DATA — NOT REAL FINANCIAL DATA
TXN002378,2026-09-06 15:27:50,2026-09-06,15:27:50,Sunday,15,17.412485,78.562269,ATM_HYD_901,Rural Kiosk - Outer Ring Road Exit 4,Isolated / Peripheral Zone,Hyderabad,40000,Branch_52,ATM_CASH_WITHDRAWAL,SYNTHETIC / SIMULATED DATA — NOT REAL FINANCIAL DATA
TXN000635,2026-09-06 15:35:16,2026-09-06,15:35:16,Sunday,15,17.444109,78.45347,ATM_HYD_101,SBI Kiosk - Ameerpet Metro Junction,Ameerpet Commercial Hub,Hyderabad,20000,Branch_26,ATM_CASH_WITHDRAWAL,SYNTHETIC / SIMULATED DATA — NOT REAL FINANCIAL DATA
TXN001411,2026-09-06 15:55:21,2026-09-06,15:55:21,Sunday,15,17.437684,78.446204,ATM_HYD_104,Axis Bank ATM - Elephant House,Ameerpet Commercial Hub,Hyderabad,20000,Branch_10,ATM_CASH_WITHDRAWAL,SYNTHETIC / SIMULATED DATA — NOT REAL FINANCIAL DATA
TXN001406,2026-09-06 17:21:01,2026-09-06,17:21:01,Sunday,17,17.446429,78.387581,ATM_HYD_201,Kotak ATM - Cyber Towers Concourse,Madhapur Tech Corridor,Hyderabad,25000,Branch_40,ATM_CASH_WITHDRAWAL,SYNTHETIC / SIMULATED DATA — NOT REAL FINANCIAL DATA
TXN001008,2026-09-06 17:32:33,2026-09-06,17:32:33,Sunday,17,17.36645,78.521675,ATM_HYD_401,SBI Express ATM - Dilsukhnagar Metro,Dilsukhnagar Market Corridor,Hyderabad,25000,Branch_40,ATM_CASH_WITHDRAWAL,SYNTHETIC / SIMULATED DATA — NOT REAL FINANCIAL DATA
TXN000520,2026-09-06 18:06:53,2026-09-06,18:06:53,Sunday,18,17.440394,78.445669,ATM_HYD_104,Axis Bank ATM - Elephant House,Ameerpet Commercial Hub,Hyderabad,15000,Branch_46,ATM_CASH_WITHDRAWAL,SYNTHETIC / SIMULATED DATA — NOT REAL FINANCIAL DATA
TXN001374,2026-09-06 18:09:24,2026-09-06,18:09:24,Sunday,18,17.44951,78.392932,ATM_HYD_202,SBI ATM - Hitec City Metro Pillar 24,Madhapur Tech Corridor,Hyderabad,10000,Branch_12,ATM_CASH_WITHDRAWAL,SYNTHETIC / SIMULATED DATA — NOT REAL FINANCIAL DATA
TXN000118,2026-09-06 18:19:55,2026-09-06,18:19:55,Sunday,18,17.441395,78.447142,ATM_HYD_105,Canara Bank Express ATM - SR Nagar,Ameerpet Commercial Hub,Hyderabad,40000,Branch_37,ATM_CASH_WITHDRAWAL,SYNTHETIC / SIMULATED DATA — NOT REAL FINANCIAL DATA
TXN000935,2026-09-06 18:30:16,2026-09-06,18:30:16,Sunday,18,17.434056,78.448647,ATM_HYD_102,HDFC 24x7 Cash Point - Maitrivanam,Ameerpet Commercial Hub,Hyderabad,27000,Branch_10,ATM_CASH_WITHDRAWAL,SYNTHETIC / SIMULATED DATA — NOT REAL FINANCIAL DATA
TXN000722,2026-09-06 18:57:56,2026-09-06,18:57:56,Sunday,18,17.434146,78.44559,ATM_HYD_104,Axis Bank ATM - Elephant House,Ameerpet Commercial Hub,Hyderabad,15000,Branch_27,ATM_CASH_WITHDRAWAL,SYNTHETIC / SIMULATED DATA — NOT REAL FINANCIAL DATA
TXN001044,2026-09-06 19:01:54,2026-09-06,19:01:54,Sunday,19,17.441913,78.491895,ATM_HYD_301,Punjab National Bank - Railway Gate 1,Secunderabad Station Transit Hub,Hyderabad,10000,Branch_47,ATM_CASH_WITHDRAWAL,SYNTHETIC / SIMULATED DATA — NOT REAL FINANCIAL DATA
TXN000419,2026-09-06 19:24:26,2026-09-06,19:24:26,Sunday,19,17.441068,78.497465,ATM_HYD_302,Bank of Baroda ATM - Clock Tower Cir,Secunderabad Station Transit Hub,Hyderabad,15000,Branch_46,ATM_CASH_WITHDRAWAL,SYNTHETIC / SIMULATED DATA — NOT REAL FINANCIAL DATA
TXN000400,2026-09-06 19:30:37,2026-09-06,19:30:37,Sunday,19,17.437555,78.501807,ATM_HYD_304,Union Bank ATM - Patny Circle,Secunderabad Station Transit Hub,Hyderabad,10000,Branch_42,ATM_CASH_WITHDRAWAL,SYNTHETIC / SIMULATED DATA — NOT REAL FINANCIAL DATA
TXN001905,2026-09-06 20:15:19,2026-09-06,20:15:19,Sunday,20,17.441136,78.506497,ATM_HYD_302,Bank of Baroda ATM - Clock Tower Cir,Secunderabad Station Transit Hub,Hyderabad,20000,Branch_22,ATM_CASH_WITHDRAWAL,SYNTHETIC / SIMULATED DATA — NOT REAL FINANCIAL DATA
TXN000312,2026-09-06 20:45:05,2026-09-06,20:45:05,Sunday,20,17.43511,78.445928,ATM_HYD_105,Canara Bank Express ATM - SR Nagar,Ameerpet Commercial Hub,Hyderabad,20000,Branch_32,ATM_CASH_WITHDRAWAL,SYNTHETIC / SIMULATED DATA — NOT REAL FINANCIAL DATA
TXN002149,2026-09-06 20:45:54,2026-09-06,20:45:54,Sunday,20,17.443166,78.389441,ATM_HYD_205,IndusInd Bank 24/7 ATM - Kavuri Hills,Madhapur Tech Corridor,Hyderabad,50000,Branch_21,ATM_CASH_WITHDRAWAL,SYNTHETIC / SIMULATED DATA — NOT REAL FINANCIAL DATA
TXN000009,2026-09-06 20:53:23,2026-09-06,20:53:23,Sunday,20,17.440057,78.508203,ATM_HYD_301,Punjab National Bank - Railway Gate 1,Secunderabad Station Transit Hub,Hyderabad,25000,Branch_32,ATM_CASH_WITHDRAWAL,SYNTHETIC / SIMULATED DATA — NOT REAL FINANCIAL DATA
TXN002447,2026-09-06 21:07:02,2026-09-06,21:07:02,Sunday,21,17.51002,78.362144,ATM_HYD_903,Market Yard Cash Point - Shamshabad Link,Isolated / Peripheral Zone,Hyderabad,25000,Branch_65,ATM_CASH_WITHDRAWAL,SYNTHETIC / SIMULATED DATA — NOT REAL FINANCIAL DATA
TXN000393,2026-09-06 21:12:27,2026-09-06,21:12:27,Sunday,21,17.444803,78.387962,ATM_HYD_205,IndusInd Bank 24/7 ATM - Kavuri Hills,Madhapur Tech Corridor,Hyderabad,15000,Branch_31,ATM_CASH_WITHDRAWAL,SYNTHETIC / SIMULATED DATA — NOT REAL FINANCIAL DATA
TXN001257,2026-09-06 21:49:18,2026-09-06,21:49:18,Sunday,21,17.438359,78.44958,ATM_HYD_103,ICICI e-Lobby - Ameerpet Cross Roads,Ameerpet Commercial Hub,Hyderabad,20000,Branch_23,ATM_CASH_WITHDRAWAL,SYNTHETIC / SIMULATED DATA — NOT REAL FINANCIAL DATA
TXN000331,2026-09-06 21:58:30,2026-09-06,21:58:30,Sunday,21,17.451122,78.396447,ATM_HYD_205,IndusInd Bank 24/7 ATM - Kavuri Hills,Madhapur Tech Corridor,Hyderabad,30000,Branch_23,ATM_CASH_WITHDRAWAL,SYNTHETIC / SIMULATED DATA — NOT REAL FINANCIAL DATA
TXN001965,2026-09-06 23:07:06,2026-09-06,23:07:06,Sunday,23,17.448003,78.38801,ATM_HYD_202,SBI ATM - Hitec City Metro Pillar 24,Madhapur Tech Corridor,Hyderabad,10000,Branch_23,ATM_CASH_WITHDRAWAL,SYNTHETIC / SIMULATED DATA — NOT REAL FINANCIAL DATA
TXN000187,2026-09-06 23:34:17,2026-09-06,23:34:17,Sunday,23,17.365078,78.520805,ATM_HYD_403,HDFC Cash Machine - Malakpet Link,Dilsukhnagar Market Corridor,Hyderabad,15000,Branch_39,ATM_CASH_WITHDRAWAL,SYNTHETIC / SIMULATED DATA — NOT REAL FINANCIAL DATA
TXN002291,2026-09-07 02:10:11,2026-09-07,02:10:11,Monday,2,17.395811,78.348087,ATM_HYD_905,Highway Kiosk - Patancheru Depot,Isolated / Peripheral Zone,Hyderabad,30000,Branch_60,ATM_CASH_WITHDRAWAL,SYNTHETIC / SIMULATED DATA — NOT REAL FINANCIAL DATA
TXN000498,2026-09-07 03:17:06,2026-09-07,03:17:06,Monday,3,17.439622,78.440366,ATM_HYD_101,SBI Kiosk - Ameerpet Metro Junction,Ameerpet Commercial Hub,Hyderabad,15000,Branch_44,ATM_CASH_WITHDRAWAL,SYNTHETIC / SIMULATED DATA — NOT REAL FINANCIAL DATA
TXN000379,2026-09-07 06:25:35,2026-09-07,06:25:35,Monday,6,17.376396,78.52413,ATM_HYD_403,HDFC Cash Machine - Malakpet Link,Dilsukhnagar Market Corridor,Hyderabad,20000,Branch_15,ATM_CASH_WITHDRAWAL,SYNTHETIC / SIMULATED DATA — NOT REAL FINANCIAL DATA
TXN000703,2026-09-07 07:32:40,2026-09-07,07:32:40,Monday,7,17.446078,78.393276,ATM_HYD_201,Kotak ATM - Cyber Towers Concourse,Madhapur Tech Corridor,Hyderabad,40000,Branch_43,ATM_CASH_WITHDRAWAL,SYNTHETIC / SIMULATED DATA — NOT REAL FINANCIAL DATA
TXN000766,2026-09-07 08:38:38,2026-09-07,08:38:38,Monday,8,17.454735,78.392491,ATM_HYD_202,SBI ATM - Hitec City Metro Pillar 24,Madhapur Tech Corridor,Hyderabad,40000,Branch_12,ATM_CASH_WITHDRAWAL,SYNTHETIC / SIMULATED DATA — NOT REAL FINANCIAL DATA
TXN001385,2026-09-07 11:48:58,2026-09-07,11:48:58,Monday,11,17.446083,78.501432,ATM_HYD_301,Punjab National Bank - Railway Gate 1,Secunderabad Station Transit Hub,Hyderabad,40000,Branch_48,ATM_CASH_WITHDRAWAL,SYNTHETIC / SIMULATED DATA — NOT REAL FINANCIAL DATA
TXN001993,2026-09-07 12:01:54,2026-09-07,12:01:54,Monday,12,17.439965,78.506373,ATM_HYD_303,SBI Multi-Service Lounge - Station Rd,Secunderabad Station Transit Hub,Hyderabad,30000,Branch_29,ATM_CASH_WITHDRAWAL,SYNTHETIC / SIMULATED DATA — NOT REAL FINANCIAL DATA
TXN001078,2026-09-07 13:09:19,2026-09-07,13:09:19,Monday,13,17.440841,78.505665,ATM_HYD_302,Bank of Baroda ATM - Clock Tower Cir,Secunderabad Station Transit Hub,Hyderabad,10000,Branch_16,ATM_CASH_WITHDRAWAL,SYNTHETIC / SIMULATED DATA — NOT REAL FINANCIAL DATA
TXN000947,2026-09-07 13:16:52,2026-09-07,13:16:52,Monday,13,17.437105,78.450999,ATM_HYD_104,Axis Bank ATM - Elephant House,Ameerpet Commercial Hub,Hyderabad,10000,Branch_38,ATM_CASH_WITHDRAWAL,SYNTHETIC / SIMULATED DATA — NOT REAL FINANCIAL DATA
TXN001336,2026-09-07 14:04:34,2026-09-07,14:04:34,Monday,14,17.434949,78.505454,ATM_HYD_304,Union Bank ATM - Patny Circle,Secunderabad Station Transit Hub,Hyderabad,10000,Branch_40,ATM_CASH_WITHDRAWAL,SYNTHETIC / SIMULATED DATA — NOT REAL FINANCIAL DATA
TXN000073,2026-09-07 14:09:41,2026-09-07,14:09:41,Monday,14,17.437327,78.449144,ATM_HYD_102,HDFC 24x7 Cash Point - Maitrivanam,Ameerpet Commercial Hub,Hyderabad,40000,Branch_16,ATM_CASH_WITHDRAWAL,SYNTHETIC / SIMULATED DATA — NOT REAL FINANCIAL DATA
TXN001248,2026-09-07 14:26:57,2026-09-07,14:26:57,Monday,14,17.439633,78.44731,ATM_HYD_103,ICICI e-Lobby - Ameerpet Cross Roads,Ameerpet Commercial Hub,Hyderabad,25000,Branch_34,ATM_CASH_WITHDRAWAL,SYNTHETIC / SIMULATED DATA — NOT REAL FINANCIAL DATA
TXN001418,2026-09-07 14:45:09,2026-09-07,14:45:09,Monday,14,17.435522,78.448441,ATM_HYD_101,SBI Kiosk - Ameerpet Metro Junction,Ameerpet Commercial Hub,Hyderabad,10000,Branch_46,ATM_CASH_WITHDRAWAL,SYNTHETIC / SIMULATED DATA — NOT REAL FINANCIAL DATA
TXN001857,2026-09-07 14:46:25,2026-09-07,14:46:25,Monday,14,17.44951,78.502167,ATM_HYD_302,Bank of Baroda ATM - Clock Tower Cir,Secunderabad Station Transit Hub,Hyderabad,50000,Branch_44,ATM_CASH_WITHDRAWAL,SYNTHETIC / SIMULATED DATA — NOT REAL FINANCIAL DATA
TXN002345,2026-09-07 14:49:43,2026-09-07,14:49:43,Monday,14,17.436461,78.46605,ATM_HYD_901,Rural Kiosk - Outer Ring Road Exit 4,Isolated / Peripheral Zone,Hyderabad,30000,Branch_97,ATM_CASH_WITHDRAWAL,SYNTHETIC / SIMULATED DATA — NOT REAL FINANCIAL DATA
TXN002325,2026-09-07 14:59:57,2026-09-07,14:59:57,Monday,14,17.355393,78.42258,ATM_HYD_904,Express ATM - Uppal Outskirts,Isolated / Peripheral Zone,Hyderabad,10000,Branch_51,ATM_CASH_WITHDRAWAL,SYNTHETIC / SIMULATED DATA — NOT REAL FINANCIAL DATA
TXN002433,2026-09-07 15:31:00,2026-09-07,15:31:00,Monday,15,17.51099,78.455601,ATM_HYD_903,Market Yard Cash Point - Shamshabad Link,Isolated / Peripheral Zone,Hyderabad,50000,Branch_63,ATM_CASH_WITHDRAWAL,SYNTHETIC / SIMULATED DATA — NOT REAL FINANCIAL DATA
TXN002181,2026-09-07 15:32:04,2026-09-07,15:32:04,Monday,15,17.431397,78.446385,ATM_HYD_101,SBI Kiosk - Ameerpet Metro Junction,Ameerpet Commercial Hub,Hyderabad,20000,Branch_22,ATM_CASH_WITHDRAWAL,SYNTHETIC / SIMULATED DATA — NOT REAL FINANCIAL DATA
TXN002500,2026-09-07 15:46:24,2026-09-07,15:46:24,Monday,15,17.430282,78.549674,ATM_HYD_905,Highway Kiosk - Patancheru Depot,Isolated / Peripheral Zone,Hyderabad,20000,Branch_90,ATM_CASH_WITHDRAWAL,SYNTHETIC / SIMULATED DATA — NOT REAL FINANCIAL DATA
TXN000768,2026-09-07 16:59:20,2026-09-07,16:59:20,Monday,16,17.372886,78.522708,ATM_HYD_404,Canara Bank ATM - Dilsukhnagar Bus Depot,Dilsukhnagar Market Corridor,Hyderabad,50000,Branch_12,ATM_CASH_WITHDRAWAL,SYNTHETIC / SIMULATED DATA — NOT REAL FINANCIAL DATA
TXN001972,2026-09-07 17:26:26,2026-09-07,17:26:26,Monday,17,17.368523,78.52462,ATM_HYD_401,SBI Express ATM - Dilsukhnagar Metro,Dilsukhnagar Market Corridor,Hyderabad,10000,Branch_11,ATM_CASH_WITHDRAWAL,SYNTHETIC / SIMULATED DATA — NOT REAL FINANCIAL DATA
TXN000340,2026-09-07 18:24:05,2026-09-07,18:24:05,Monday,18,17.437504,78.44398,ATM_HYD_103,ICICI e-Lobby - Ameerpet Cross Roads,Ameerpet Commercial Hub,Hyderabad,25000,Branch_44,ATM_CASH_WITHDRAWAL,SYNTHETIC / SIMULATED DATA — NOT REAL FINANCIAL DATA
TXN001379,2026-09-07 18:28:40,2026-09-07,18:28:40,Monday,18,17.452243,78.39096,ATM_HYD_205,IndusInd Bank 24/7 ATM - Kavuri Hills,Madhapur Tech Corridor,Hyderabad,42000,Branch_14,ATM_CASH_WITHDRAWAL,SYNTHETIC / SIMULATED DATA — NOT REAL FINANCIAL DATA
TXN000701,2026-09-07 18:40:38,2026-09-07,18:40:38,Monday,18,17.447864,78.390348,ATM_HYD_202,SBI ATM - Hitec City Metro Pillar 24,Madhapur Tech Corridor,Hyderabad,23000,Branch_19,ATM_CASH_WITHDRAWAL,SYNTHETIC / SIMULATED DATA — NOT REAL FINANCIAL DATA
TXN000715,2026-09-07 18:43:44,2026-09-07,18:43:44,Monday,18,17.445794,78.382433,ATM_HYD_201,Kotak ATM - Cyber Towers Concourse,Madhapur Tech Corridor,Hyderabad,25000,Branch_30,ATM_CASH_WITHDRAWAL,SYNTHETIC / SIMULATED DATA — NOT REAL FINANCIAL DATA
TXN002273,2026-09-07 19:46:44,2026-09-07,19:46:44,Monday,19,17.500472,78.535157,ATM_HYD_902,Petrol Pump ATM - Medchal Highway,Isolated / Peripheral Zone,Hyderabad,10000,Branch_99,ATM_CASH_WITHDRAWAL,SYNTHETIC / SIMULATED DATA — NOT REAL FINANCIAL DATA
TXN000570,2026-09-07 20:03:55,2026-09-07,20:03:55,Monday,20,17.449484,78.38664,ATM_HYD_201,Kotak ATM - Cyber Towers Concourse,Madhapur Tech Corridor,Hyderabad,50000,Branch_18,ATM_CASH_WITHDRAWAL,SYNTHETIC / SIMULATED DATA — NOT REAL FINANCIAL DATA
TXN001932,2026-09-07 20:09:18,2026-09-07,20:09:18,Monday,20,17.44851,78.387479,ATM_HYD_203,HDFC Bank E-Corner - Inorbit Road,Madhapur Tech Corridor,Hyderabad,30000,Branch_40,ATM_CASH_WITHDRAWAL,SYNTHETIC / SIMULATED DATA — NOT REAL FINANCIAL DATA
TXN001439,2026-09-07 20:18:18,2026-09-07,20:18:18,Monday,20,17.437592,78.450507,ATM_HYD_104,Axis Bank ATM - Elephant House,Ameerpet Commercial Hub,Hyderabad,20000,Branch_22,ATM_CASH_WITHDRAWAL,SYNTHETIC / SIMULATED DATA — NOT REAL FINANCIAL DATA
TXN000631,2026-09-07 20:20:35,2026-09-07,20:20:35,Monday,20,17.43642,78.507954,ATM_HYD_301,Punjab National Bank - Railway Gate 1,Secunderabad Station Transit Hub,Hyderabad,15000,Branch_26,ATM_CASH_WITHDRAWAL,SYNTHETIC / SIMULATED DATA — NOT REAL FINANCIAL DATA
TXN002168,2026-09-07 20:34:10,2026-09-07,20:34:10,Monday,20,17.437775,78.44239,ATM_HYD_102,HDFC 24x7 Cash Point - Maitrivanam,Ameerpet Commercial Hub,Hyderabad,20000,Branch_35,ATM_CASH_WITHDRAWAL,SYNTHETIC / SIMULATED DATA — NOT REAL FINANCIAL DATA
TXN000462,2026-09-07 20:43:41,2026-09-07,20:43:41,Monday,20,17.440452,78.505646,ATM_HYD_303,SBI Multi-Service Lounge - Station Rd,Secunderabad Station Transit Hub,Hyderabad,20000,Branch_37,ATM_CASH_WITHDRAWAL,SYNTHETIC / SIMULATED DATA — NOT REAL FINANCIAL DATA
TXN001450,2026-09-07 20:44:27,2026-09-07,20:44:27,Monday,20,17.436491,78.502782,ATM_HYD_302,Bank of Baroda ATM - Clock Tower Cir,Secunderabad Station Transit Hub,Hyderabad,10000,Branch_18,ATM_CASH_WITHDRAWAL,SYNTHETIC / SIMULATED DATA — NOT REAL FINANCIAL DATA
TXN000171,2026-09-07 20:47:44,2026-09-07,20:47:44,Monday,20,17.435535,78.50456,ATM_HYD_302,Bank of Baroda ATM - Clock Tower Cir,Secunderabad Station Transit Hub,Hyderabad,15000,Branch_36,ATM_CASH_WITHDRAWAL,SYNTHETIC / SIMULATED DATA — NOT REAL FINANCIAL DATA
TXN002163,2026-09-07 21:03:52,2026-09-07,21:03:52,Monday,21,17.455058,78.397027,ATM_HYD_203,HDFC Bank E-Corner - Inorbit Road,Madhapur Tech Corridor,Hyderabad,25000,Branch_37,ATM_CASH_WITHDRAWAL,SYNTHETIC / SIMULATED DATA — NOT REAL FINANCIAL DATA
TXN000416,2026-09-07 21:07:22,2026-09-07,21:07:22,Monday,21,17.444188,78.385363,ATM_HYD_205,IndusInd Bank 24/7 ATM - Kavuri Hills,Madhapur Tech Corridor,Hyderabad,10000,Branch_39,ATM_CASH_WITHDRAWAL,SYNTHETIC / SIMULATED DATA — NOT REAL FINANCIAL DATA
TXN001626,2026-09-07 21:43:30,2026-09-07,21:43:30,Monday,21,17.440354,78.504739,ATM_HYD_302,Bank of Baroda ATM - Clock Tower Cir,Secunderabad Station Transit Hub,Hyderabad,20000,Branch_30,ATM_CASH_WITHDRAWAL,SYNTHETIC / SIMULATED DATA — NOT REAL FINANCIAL DATA
TXN002491,2026-09-07 22:25:11,2026-09-07,22:25:11,Monday,22,17.492485,78.544688,ATM_HYD_901,Rural Kiosk - Outer Ring Road Exit 4,Isolated / Peripheral Zone,Hyderabad,20000,Branch_73,ATM_CASH_WITHDRAWAL,SYNTHETIC / SIMULATED DATA — NOT REAL FINANCIAL DATA
TXN000782,2026-09-07 22:31:49,2026-09-07,22:31:49,Monday,22,17.441058,78.394473,ATM_HYD_205,IndusInd Bank 24/7 ATM - Kavuri Hills,Madhapur Tech Corridor,Hyderabad,25000,Branch_49,ATM_CASH_WITHDRAWAL,SYNTHETIC / SIMULATED DATA — NOT REAL FINANCIAL DATA
TXN000691,2026-09-07 23:47:58,2026-09-07,23:47:58,Monday,23,17.453539,78.395293,ATM_HYD_204,ICICI Bank Express ATM - Madhapur Police Station,Madhapur Tech Corridor,Hyderabad,20000,Branch_46,ATM_CASH_WITHDRAWAL,SYNTHETIC / SIMULATED DATA — NOT REAL FINANCIAL DATA
TXN001267,2026-09-07 23:51:44,2026-09-07,23:51:44,Monday,23,17.45498,78.392741,ATM_HYD_203,HDFC Bank E-Corner - Inorbit Road,Madhapur Tech Corridor,Hyderabad,20000,Branch_17,ATM_CASH_WITHDRAWAL,SYNTHETIC / SIMULATED DATA — NOT REAL FINANCIAL DATA
TXN001841,2026-09-07 23:58:39,2026-09-07,23:58:39,Monday,23,17.445817,78.395744,ATM_HYD_204,ICICI Bank Express ATM - Madhapur Police Station,Madhapur Tech Corridor,Hyderabad,10000,Branch_26,ATM_CASH_WITHDRAWAL,SYNTHETIC / SIMULATED DATA — NOT REAL FINANCIAL DATA
TXN000299,2026-09-08 03:39:01,2026-09-08,03:39:01,Tuesday,3,17.437721,78.493469,ATM_HYD_302,Bank of Baroda ATM - Clock Tower Cir,Secunderabad Station Transit Hub,Hyderabad,30000,Branch_29,ATM_CASH_WITHDRAWAL,SYNTHETIC / SIMULATED DATA — NOT REAL FINANCIAL DATA
TXN001121,2026-09-08 03:41:57,2026-09-08,03:41:57,Tuesday,3,17.370965,78.522999,ATM_HYD_401,SBI Express ATM - Dilsukhnagar Metro,Dilsukhnagar Market Corridor,Hyderabad,15000,Branch_29,ATM_CASH_WITHDRAWAL,SYNTHETIC / SIMULATED DATA — NOT REAL FINANCIAL DATA
TXN002036,2026-09-08 11:27:52,2026-09-08,11:27:52,Tuesday,11,17.449979,78.389549,ATM_HYD_204,ICICI Bank Express ATM - Madhapur Police Station,Madhapur Tech Corridor,Hyderabad,20000,Branch_43,ATM_CASH_WITHDRAWAL,SYNTHETIC / SIMULATED DATA — NOT REAL FINANCIAL DATA
TXN002409,2026-09-08 11:33:46,2026-09-08,11:33:46,Tuesday,11,17.445681,78.359045,ATM_HYD_901,Rural Kiosk - Outer Ring Road Exit 4,Isolated / Peripheral Zone,Hyderabad,25000,Branch_76,ATM_CASH_WITHDRAWAL,SYNTHETIC / SIMULATED DATA — NOT REAL FINANCIAL DATA
TXN000381,2026-09-08 12:23:06,2026-09-08,12:23:06,Tuesday,12,17.438184,78.444573,ATM_HYD_105,Canara Bank Express ATM - SR Nagar,Ameerpet Commercial Hub,Hyderabad,15000,Branch_27,ATM_CASH_WITHDRAWAL,SYNTHETIC / SIMULATED DATA — NOT REAL FINANCIAL DATA
TXN001918,2026-09-08 12:48:59,2026-09-08,12:48:59,Tuesday,12,17.438826,78.495558,ATM_HYD_304,Union Bank ATM - Patny Circle,Secunderabad Station Transit Hub,Hyderabad,10000,Branch_42,ATM_CASH_WITHDRAWAL,SYNTHETIC / SIMULATED DATA — NOT REAL FINANCIAL DATA
TXN001032,2026-09-08 14:23:24,2026-09-08,14:23:24,Tuesday,14,17.438793,78.506336,ATM_HYD_303,SBI Multi-Service Lounge - Station Rd,Secunderabad Station Transit Hub,Hyderabad,20000,Branch_28,ATM_CASH_WITHDRAWAL,SYNTHETIC / SIMULATED DATA — NOT REAL FINANCIAL DATA
TXN002198,2026-09-08 14:34:41,2026-09-08,14:34:41,Tuesday,14,17.364944,78.521638,ATM_HYD_402,Andhra Bank (UBI) ATM - Chaitanyapuri,Dilsukhnagar Market Corridor,Hyderabad,10000,Branch_49,ATM_CASH_WITHDRAWAL,SYNTHETIC / SIMULATED DATA — NOT REAL FINANCIAL DATA
TXN000621,2026-09-08 15:06:15,2026-09-08,15:06:15,Tuesday,15,17.440071,78.448041,ATM_HYD_103,ICICI e-Lobby - Ameerpet Cross Roads,Ameerpet Commercial Hub,Hyderabad,10000,Branch_38,ATM_CASH_WITHDRAWAL,SYNTHETIC / SIMULATED DATA — NOT REAL FINANCIAL DATA
TXN001917,2026-09-08 15:16:46,2026-09-08,15:16:46,Tuesday,15,17.365923,78.527165,ATM_HYD_404,Canara Bank ATM - Dilsukhnagar Bus Depot,Dilsukhnagar Market Corridor,Hyderabad,10000,Branch_31,ATM_CASH_WITHDRAWAL,SYNTHETIC / SIMULATED DATA — NOT REAL FINANCIAL DATA
TXN000708,2026-09-08 15:33:00,2026-09-08,15:33:00,Tuesday,15,17.363976,78.523234,ATM_HYD_403,HDFC Cash Machine - Malakpet Link,Dilsukhnagar Market Corridor,Hyderabad,10000,Branch_14,ATM_CASH_WITHDRAWAL,SYNTHETIC / SIMULATED DATA — NOT REAL FINANCIAL DATA
TXN001031,2026-09-08 15:38:38,2026-09-08,15:38:38,Tuesday,15,17.435396,78.445778,ATM_HYD_105,Canara Bank Express ATM - SR Nagar,Ameerpet Commercial Hub,Hyderabad,25000,Branch_13,ATM_CASH_WITHDRAWAL,SYNTHETIC / SIMULATED DATA — NOT REAL FINANCIAL DATA
TXN000698,2026-09-08 15:42:34,2026-09-08,15:42:34,Tuesday,15,17.434969,78.497066,ATM_HYD_303,SBI Multi-Service Lounge - Station Rd,Secunderabad Station Transit Hub,Hyderabad,25000,Branch_17,ATM_CASH_WITHDRAWAL,SYNTHETIC / SIMULATED DATA — NOT REAL FINANCIAL DATA
TXN000254,2026-09-08 15:55:45,2026-09-08,15:55:45,Tuesday,15,17.453088,78.393525,ATM_HYD_205,IndusInd Bank 24/7 ATM - Kavuri Hills,Madhapur Tech Corridor,Hyderabad,20000,Branch_26,ATM_CASH_WITHDRAWAL,SYNTHETIC / SIMULATED DATA — NOT REAL FINANCIAL DATA
TXN000395,2026-09-08 15:57:55,2026-09-08,15:57:55,Tuesday,15,17.44614,78.392745,ATM_HYD_202,SBI ATM - Hitec City Metro Pillar 24,Madhapur Tech Corridor,Hyderabad,20000,Branch_41,ATM_CASH_WITHDRAWAL,SYNTHETIC / SIMULATED DATA — NOT REAL FINANCIAL DATA
TXN000717,2026-09-08 16:04:35,2026-09-08,16:04:35,Tuesday,16,17.36975,78.52462,ATM_HYD_401,SBI Express ATM - Dilsukhnagar Metro,Dilsukhnagar Market Corridor,Hyderabad,20000,Branch_40,ATM_CASH_WITHDRAWAL,SYNTHETIC / SIMULATED DATA — NOT REAL FINANCIAL DATA
TXN000377,2026-09-08 16:05:49,2026-09-08,16:05:49,Tuesday,16,17.37415,78.523717,ATM_HYD_402,Andhra Bank (UBI) ATM - Chaitanyapuri,Dilsukhnagar Market Corridor,Hyderabad,10000,Branch_46,ATM_CASH_WITHDRAWAL,SYNTHETIC / SIMULATED DATA — NOT REAL FINANCIAL DATA
TXN001674,2026-09-08 16:27:10,2026-09-08,16:27:10,Tuesday,16,17.367295,78.522564,ATM_HYD_402,Andhra Bank (UBI) ATM - Chaitanyapuri,Dilsukhnagar Market Corridor,Hyderabad,50000,Branch_46,ATM_CASH_WITHDRAWAL,SYNTHETIC / SIMULATED DATA — NOT REAL FINANCIAL DATA
TXN002111,2026-09-08 17:01:17,2026-09-08,17:01:17,Tuesday,17,17.435924,78.449995,ATM_HYD_101,SBI Kiosk - Ameerpet Metro Junction,Ameerpet Commercial Hub,Hyderabad,15000,Branch_37,ATM_CASH_WITHDRAWAL,SYNTHETIC / SIMULATED DATA — NOT REAL FINANCIAL DATA
TXN000595,2026-09-08 17:17:53,2026-09-08,17:17:53,Tuesday,17,17.371678,78.525445,ATM_HYD_401,SBI Express ATM - Dilsukhnagar Metro,Dilsukhnagar Market Corridor,Hyderabad,20000,Branch_40,ATM_CASH_WITHDRAWAL,SYNTHETIC / SIMULATED DATA — NOT REAL FINANCIAL DATA
TXN002136,2026-09-08 17:19:34,2026-09-08,17:19:34,Tuesday,17,17.371528,78.530558,ATM_HYD_402,Andhra Bank (UBI) ATM - Chaitanyapuri,Dilsukhnagar Market Corridor,Hyderabad,20000,Branch_29,ATM_CASH_WITHDRAWAL,SYNTHETIC / SIMULATED DATA — NOT REAL FINANCIAL DATA
TXN002043,2026-09-08 17:39:53,2026-09-08,17:39:53,Tuesday,17,17.44723,78.388134,ATM_HYD_201,Kotak ATM - Cyber Towers Concourse,Madhapur Tech Corridor,Hyderabad,25000,Branch_10,ATM_CASH_WITHDRAWAL,SYNTHETIC / SIMULATED DATA — NOT REAL FINANCIAL DATA
TXN000027,2026-09-08 17:43:09,2026-09-08,17:43:09,Tuesday,17,17.437086,78.448454,ATM_HYD_103,ICICI e-Lobby - Ameerpet Cross Roads,Ameerpet Commercial Hub,Hyderabad,10000,Branch_38,ATM_CASH_WITHDRAWAL,SYNTHETIC / SIMULATED DATA — NOT REAL FINANCIAL DATA
TXN000474,2026-09-08 17:55:18,2026-09-08,17:55:18,Tuesday,17,17.373278,78.520472,ATM_HYD_401,SBI Express ATM - Dilsukhnagar Metro,Dilsukhnagar Market Corridor,Hyderabad,40000,Branch_29,ATM_CASH_WITHDRAWAL,SYNTHETIC / SIMULATED DATA — NOT REAL FINANCIAL DATA
TXN001280,2026-09-08 17:56:36,2026-09-08,17:56:36,Tuesday,17,17.453568,78.390021,ATM_HYD_201,Kotak ATM - Cyber Towers Concourse,Madhapur Tech Corridor,Hyderabad,25000,Branch_24,ATM_CASH_WITHDRAWAL,SYNTHETIC / SIMULATED DATA — NOT REAL FINANCIAL DATA
TXN000847,2026-09-08 18:01:11,2026-09-08,18:01:11,Tuesday,18,17.436735,78.441953,ATM_HYD_102,HDFC 24x7 Cash Point - Maitrivanam,Ameerpet Commercial Hub,Hyderabad,15000,Branch_22,ATM_CASH_WITHDRAWAL,SYNTHETIC / SIMULATED DATA — NOT REAL FINANCIAL DATA
TXN002123,2026-09-08 18:06:54,2026-09-08,18:06:54,Tuesday,18,17.362047,78.474735,ATM_HYD_502,SBI ATM - Gulzar Houz,Charminar Heritage Bazaar,Hyderabad,20000,Branch_28,ATM_CASH_WITHDRAWAL,SYNTHETIC / SIMULATED DATA — NOT REAL FINANCIAL DATA
TXN001594,2026-09-08 18:23:26,2026-09-08,18:23:26,Tuesday,18,17.438972,78.450811,ATM_HYD_105,Canara Bank Express ATM - SR Nagar,Ameerpet Commercial Hub,Hyderabad,20000,Branch_39,ATM_CASH_WITHDRAWAL,SYNTHETIC / SIMULATED DATA — NOT REAL FINANCIAL DATA
TXN000371,2026-09-08 18:29:36,2026-09-08,18:29:36,Tuesday,18,17.443278,78.450891,ATM_HYD_103,ICICI e-Lobby - Ameerpet Cross Roads,Ameerpet Commercial Hub,Hyderabad,30000,Branch_24,ATM_CASH_WITHDRAWAL,SYNTHETIC / SIMULATED DATA — NOT REAL FINANCIAL DATA
TXN001353,2026-09-08 18:32:02,2026-09-08,18:32:02,Tuesday,18,17.453933,78.391695,ATM_HYD_203,HDFC Bank E-Corner - Inorbit Road,Madhapur Tech Corridor,Hyderabad,50000,Branch_10,ATM_CASH_WITHDRAWAL,SYNTHETIC / SIMULATED DATA — NOT REAL FINANCIAL DATA
TXN002128,2026-09-08 18:47:16,2026-09-08,18:47:16,Tuesday,18,17.436413,78.448241,ATM_HYD_105,Canara Bank Express ATM - SR Nagar,Ameerpet Commercial Hub,Hyderabad,20000,Branch_33,ATM_CASH_WITHDRAWAL,SYNTHETIC / SIMULATED DATA — NOT REAL FINANCIAL DATA
TXN002195,2026-09-08 19:13:15,2026-09-08,19:13:15,Tuesday,19,17.436949,78.452695,ATM_HYD_103,ICICI e-Lobby - Ameerpet Cross Roads,Ameerpet Commercial Hub,Hyderabad,50000,Branch_22,ATM_CASH_WITHDRAWAL,SYNTHETIC / SIMULATED DATA — NOT REAL FINANCIAL DATA
TXN001133,2026-09-08 19:16:09,2026-09-08,19:16:09,Tuesday,19,17.440851,78.446959,ATM_HYD_101,SBI Kiosk - Ameerpet Metro Junction,Ameerpet Commercial Hub,Hyderabad,27000,Branch_20,ATM_CASH_WITHDRAWAL,SYNTHETIC / SIMULATED DATA — NOT REAL FINANCIAL DATA
TXN001836,2026-09-08 19:30:18,2026-09-08,19:30:18,Tuesday,19,17.440895,78.509514,ATM_HYD_304,Union Bank ATM - Patny Circle,Secunderabad Station Transit Hub,Hyderabad,38000,Branch_28,ATM_CASH_WITHDRAWAL,SYNTHETIC / SIMULATED DATA — NOT REAL FINANCIAL DATA
TXN001521,2026-09-08 19:55:32,2026-09-08,19:55:32,Tuesday,19,17.444369,78.448842,ATM_HYD_102,HDFC 24x7 Cash Point - Maitrivanam,Ameerpet Commercial Hub,Hyderabad,40000,Branch_20,ATM_CASH_WITHDRAWAL,SYNTHETIC / SIMULATED DATA — NOT REAL FINANCIAL DATA
TXN000159,2026-09-08 19:55:43,2026-09-08,19:55:43,Tuesday,19,17.43977,78.443926,ATM_HYD_101,SBI Kiosk - Ameerpet Metro Junction,Ameerpet Commercial Hub,Hyderabad,25000,Branch_13,ATM_CASH_WITHDRAWAL,SYNTHETIC / SIMULATED DATA — NOT REAL FINANCIAL DATA
TXN001590,2026-09-08 19:58:43,2026-09-08,19:58:43,Tuesday,19,17.447683,78.494769,ATM_HYD_303,SBI Multi-Service Lounge - Station Rd,Secunderabad Station Transit Hub,Hyderabad,42000,Branch_42,ATM_CASH_WITHDRAWAL,SYNTHETIC / SIMULATED DATA — NOT REAL FINANCIAL DATA
TXN001715,2026-09-08 20:00:29,2026-09-08,20:00:29,Tuesday,20,17.43689,78.453064,ATM_HYD_101,SBI Kiosk - Ameerpet Metro Junction,Ameerpet Commercial Hub,Hyderabad,50000,Branch_43,ATM_CASH_WITHDRAWAL,SYNTHETIC / SIMULATED DATA — NOT REAL FINANCIAL DATA
TXN000087,2026-09-08 20:01:05,2026-09-08,20:01:05,Tuesday,20,17.437044,78.500637,ATM_HYD_301,Punjab National Bank - Railway Gate 1,Secunderabad Station Transit Hub,Hyderabad,40000,Branch_18,ATM_CASH_WITHDRAWAL,SYNTHETIC / SIMULATED DATA — NOT REAL FINANCIAL DATA
TXN000293,2026-09-08 20:12:23,2026-09-08,20:12:23,Tuesday,20,17.366061,78.524472,ATM_HYD_401,SBI Express ATM - Dilsukhnagar Metro,Dilsukhnagar Market Corridor,Hyderabad,20000,Branch_14,ATM_CASH_WITHDRAWAL,SYNTHETIC / SIMULATED DATA — NOT REAL FINANCIAL DATA
TXN000892,2026-09-08 20:57:37,2026-09-08,20:57:37,Tuesday,20,17.3662,78.522113,ATM_HYD_404,Canara Bank ATM - Dilsukhnagar Bus Depot,Dilsukhnagar Market Corridor,Hyderabad,25000,Branch_38,ATM_CASH_WITHDRAWAL,SYNTHETIC / SIMULATED DATA — NOT REAL FINANCIAL DATA
TXN000131,2026-09-08 21:07:16,2026-09-08,21:07:16,Tuesday,21,17.4515,78.393852,ATM_HYD_203,HDFC Bank E-Corner - Inorbit Road,Madhapur Tech Corridor,Hyderabad,25000,Branch_39,ATM_CASH_WITHDRAWAL,SYNTHETIC / SIMULATED DATA — NOT REAL FINANCIAL DATA
TXN001259,2026-09-08 21:08:46,2026-09-08,21:08:46,Tuesday,21,17.440944,78.446389,ATM_HYD_101,SBI Kiosk - Ameerpet Metro Junction,Ameerpet Commercial Hub,Hyderabad,15000,Branch_27,ATM_CASH_WITHDRAWAL,SYNTHETIC / SIMULATED DATA — NOT REAL FINANCIAL DATA
TXN002172,2026-09-08 21:28:08,2026-09-08,21:28:08,Tuesday,21,17.439009,78.443425,ATM_HYD_101,SBI Kiosk - Ameerpet Metro Junction,Ameerpet Commercial Hub,Hyderabad,25000,Branch_24,ATM_CASH_WITHDRAWAL,SYNTHETIC / SIMULATED DATA — NOT REAL FINANCIAL DATA
TXN000669,2026-09-08 21:37:46,2026-09-08,21:37:46,Tuesday,21,17.439381,78.446104,ATM_HYD_103,ICICI e-Lobby - Ameerpet Cross Roads,Ameerpet Commercial Hub,Hyderabad,50000,Branch_18,ATM_CASH_WITHDRAWAL,SYNTHETIC / SIMULATED DATA — NOT REAL FINANCIAL DATA
TXN000490,2026-09-08 21:41:05,2026-09-08,21:41:05,Tuesday,21,17.362864,78.525923,ATM_HYD_402,Andhra Bank (UBI) ATM - Chaitanyapuri,Dilsukhnagar Market Corridor,Hyderabad,30000,Branch_26,ATM_CASH_WITHDRAWAL,SYNTHETIC / SIMULATED DATA — NOT REAL FINANCIAL DATA
TXN000996,2026-09-08 21:44:52,2026-09-08,21:44:52,Tuesday,21,17.43406,78.450825,ATM_HYD_105,Canara Bank Express ATM - SR Nagar,Ameerpet Commercial Hub,Hyderabad,32000,Branch_25,ATM_CASH_WITHDRAWAL,SYNTHETIC / SIMULATED DATA — NOT REAL FINANCIAL DATA
TXN002247,2026-09-08 21:54:35,2026-09-08,21:54:35,Tuesday,21,17.441172,78.451259,ATM_HYD_104,Axis Bank ATM - Elephant House,Ameerpet Commercial Hub,Hyderabad,50000,Branch_22,ATM_CASH_WITHDRAWAL,SYNTHETIC / SIMULATED DATA — NOT REAL FINANCIAL DATA
TXN001950,2026-09-08 22:16:46,2026-09-08,22:16:46,Tuesday,22,17.444056,78.390763,ATM_HYD_204,ICICI Bank Express ATM - Madhapur Police Station,Madhapur Tech Corridor,Hyderabad,20000,Branch_15,ATM_CASH_WITHDRAWAL,SYNTHETIC / SIMULATED DATA — NOT REAL FINANCIAL DATA
TXN001570,2026-09-08 22:35:38,2026-09-08,22:35:38,Tuesday,22,17.446618,78.388183,ATM_HYD_202,SBI ATM - Hitec City Metro Pillar 24,Madhapur Tech Corridor,Hyderabad,20000,Branch_39,ATM_CASH_WITHDRAWAL,SYNTHETIC / SIMULATED DATA — NOT REAL FINANCIAL DATA
TXN001412,2026-09-09 00:16:52,2026-09-09,00:16:52,Wednesday,0,17.444915,78.446375,ATM_HYD_104,Axis Bank ATM - Elephant House,Ameerpet Commercial Hub,Hyderabad,40000,Branch_18,ATM_CASH_WITHDRAWAL,SYNTHETIC / SIMULATED DATA — NOT REAL FINANCIAL DATA
TXN002431,2026-09-09 03:03:35,2026-09-09,03:03:35,Wednesday,3,17.347065,78.331451,ATM_HYD_901,Rural Kiosk - Outer Ring Road Exit 4,Isolated / Peripheral Zone,Hyderabad,20000,Branch_94,ATM_CASH_WITHDRAWAL,SYNTHETIC / SIMULATED DATA — NOT REAL FINANCIAL DATA
TXN000910,2026-09-09 05:50:53,2026-09-09,05:50:53,Wednesday,5,17.44705,78.387908,ATM_HYD_205,IndusInd Bank 24/7 ATM - Kavuri Hills,Madhapur Tech Corridor,Hyderabad,15000,Branch_13,ATM_CASH_WITHDRAWAL,SYNTHETIC / SIMULATED DATA — NOT REAL FINANCIAL DATA
TXN000488,2026-09-09 06:18:07,2026-09-09,06:18:07,Wednesday,6,17.435366,78.45152,ATM_HYD_101,SBI Kiosk - Ameerpet Metro Junction,Ameerpet Commercial Hub,Hyderabad,10000,Branch_45,ATM_CASH_WITHDRAWAL,SYNTHETIC / SIMULATED DATA — NOT REAL FINANCIAL DATA
TXN002122,2026-09-09 06:52:21,2026-09-09,06:52:21,Wednesday,6,17.454122,78.389251,ATM_HYD_205,IndusInd Bank 24/7 ATM - Kavuri Hills,Madhapur Tech Corridor,Hyderabad,22000,Branch_44,ATM_CASH_WITHDRAWAL,SYNTHETIC / SIMULATED DATA — NOT REAL FINANCIAL DATA
TXN001176,2026-09-09 07:55:54,2026-09-09,07:55:54,Wednesday,7,17.449543,78.394631,ATM_HYD_204,ICICI Bank Express ATM - Madhapur Police Station,Madhapur Tech Corridor,Hyderabad,25000,Branch_48,ATM_CASH_WITHDRAWAL,SYNTHETIC / SIMULATED DATA — NOT REAL FINANCIAL DATA
TXN001327,2026-09-09 09:29:08,2026-09-09,09:29:08,Wednesday,9,17.437385,78.45038,ATM_HYD_104,Axis Bank ATM - Elephant House,Ameerpet Commercial Hub,Hyderabad,20000,Branch_10,ATM_CASH_WITHDRAWAL,SYNTHETIC / SIMULATED DATA — NOT REAL FINANCIAL DATA
TXN002424,2026-09-09 10:19:40,2026-09-09,10:19:40,Wednesday,10,17.443294,78.368519,ATM_HYD_903,Market Yard Cash Point - Shamshabad Link,Isolated / Peripheral Zone,Hyderabad,25000,Branch_63,ATM_CASH_WITHDRAWAL,SYNTHETIC / SIMULATED DATA — NOT REAL FINANCIAL DATA
TXN001785,2026-09-09 11:17:57,2026-09-09,11:17:57,Wednesday,11,17.438947,78.503182,ATM_HYD_302,Bank of Baroda ATM - Clock Tower Cir,Secunderabad Station Transit Hub,Hyderabad,20000,Branch_30,ATM_CASH_WITHDRAWAL,SYNTHETIC / SIMULATED DATA — NOT REAL FINANCIAL DATA
TXN000399,2026-09-09 12:40:19,2026-09-09,12:40:19,Wednesday,12,17.442668,78.502614,ATM_HYD_301,Punjab National Bank - Railway Gate 1,Secunderabad Station Transit Hub,Hyderabad,25000,Branch_19,ATM_CASH_WITHDRAWAL,SYNTHETIC / SIMULATED DATA — NOT REAL FINANCIAL DATA
TXN001251,2026-09-09 14:17:35,2026-09-09,14:17:35,Wednesday,14,17.366747,78.519109,ATM_HYD_401,SBI Express ATM - Dilsukhnagar Metro,Dilsukhnagar Market Corridor,Hyderabad,40000,Branch_16,ATM_CASH_WITHDRAWAL,SYNTHETIC / SIMULATED DATA — NOT REAL FINANCIAL DATA
TXN000068,2026-09-09 14:19:18,2026-09-09,14:19:18,Wednesday,14,17.368373,78.520494,ATM_HYD_403,HDFC Cash Machine - Malakpet Link,Dilsukhnagar Market Corridor,Hyderabad,50000,Branch_47,ATM_CASH_WITHDRAWAL,SYNTHETIC / SIMULATED DATA — NOT REAL FINANCIAL DATA
TXN001967,2026-09-09 14:26:57,2026-09-09,14:26:57,Wednesday,14,17.438077,78.445443,ATM_HYD_105,Canara Bank Express ATM - SR Nagar,Ameerpet Commercial Hub,Hyderabad,25000,Branch_30,ATM_CASH_WITHDRAWAL,SYNTHETIC / SIMULATED DATA — NOT REAL FINANCIAL DATA
TXN000695,2026-09-09 14:27:41,2026-09-09,14:27:41,Wednesday,14,17.434611,78.445434,ATM_HYD_103,ICICI e-Lobby - Ameerpet Cross Roads,Ameerpet Commercial Hub,Hyderabad,50000,Branch_26,ATM_CASH_WITHDRAWAL,SYNTHETIC / SIMULATED DATA — NOT REAL FINANCIAL DATA
TXN002243,2026-09-09 14:28:09,2026-09-09,14:28:09,Wednesday,14,17.440185,78.500712,ATM_HYD_303,SBI Multi-Service Lounge - Station Rd,Secunderabad Station Transit Hub,Hyderabad,50000,Branch_36,ATM_CASH_WITHDRAWAL,SYNTHETIC / SIMULATED DATA — NOT REAL FINANCIAL DATA
TXN002419,2026-09-09 14:42:19,2026-09-09,14:42:19,Wednesday,14,17.349445,78.378794,ATM_HYD_901,Rural Kiosk - Outer Ring Road Exit 4,Isolated / Peripheral Zone,Hyderabad,15000,Branch_64,ATM_CASH_WITHDRAWAL,SYNTHETIC / SIMULATED DATA — NOT REAL FINANCIAL DATA
TXN002091,2026-09-09 14:52:10,2026-09-09,14:52:10,Wednesday,14,17.44387,78.503658,ATM_HYD_301,Punjab National Bank - Railway Gate 1,Secunderabad Station Transit Hub,Hyderabad,25000,Branch_25,ATM_CASH_WITHDRAWAL,SYNTHETIC / SIMULATED DATA — NOT REAL FINANCIAL DATA
TXN001213,2026-09-09 14:56:34,2026-09-09,14:56:34,Wednesday,14,17.438738,78.449699,ATM_HYD_102,HDFC 24x7 Cash Point - Maitrivanam,Ameerpet Commercial Hub,Hyderabad,25000,Branch_49,ATM_CASH_WITHDRAWAL,SYNTHETIC / SIMULATED DATA — NOT REAL FINANCIAL DATA
TXN000173,2026-09-09 14:58:44,2026-09-09,14:58:44,Wednesday,14,17.44695,78.393717,ATM_HYD_205,IndusInd Bank 24/7 ATM - Kavuri Hills,Madhapur Tech Corridor,Hyderabad,50000,Branch_33,ATM_CASH_WITHDRAWAL,SYNTHETIC / SIMULATED DATA — NOT REAL FINANCIAL DATA
TXN001682,2026-09-09 15:14:46,2026-09-09,15:14:46,Wednesday,15,17.356002,78.477513,ATM_HYD_503,HDFC Bank Kiosk - Nayapul Bridge,Charminar Heritage Bazaar,Hyderabad,25000,Branch_27,ATM_CASH_WITHDRAWAL,SYNTHETIC / SIMULATED DATA — NOT REAL FINANCIAL DATA
TXN000437,2026-09-09 15:44:59,2026-09-09,15:44:59,Wednesday,15,17.437727,78.447499,ATM_HYD_101,SBI Kiosk - Ameerpet Metro Junction,Ameerpet Commercial Hub,Hyderabad,25000,Branch_39,ATM_CASH_WITHDRAWAL,SYNTHETIC / SIMULATED DATA — NOT REAL FINANCIAL DATA
TXN000036,2026-09-09 15:55:25,2026-09-09,15:55:25,Wednesday,15,17.371729,78.529318,ATM_HYD_402,Andhra Bank (UBI) ATM - Chaitanyapuri,Dilsukhnagar Market Corridor,Hyderabad,40000,Branch_20,ATM_CASH_WITHDRAWAL,SYNTHETIC / SIMULATED DATA — NOT REAL FINANCIAL DATA
TXN000081,2026-09-09 17:26:03,2026-09-09,17:26:03,Wednesday,17,17.372063,78.52654,ATM_HYD_404,Canara Bank ATM - Dilsukhnagar Bus Depot,Dilsukhnagar Market Corridor,Hyderabad,20000,Branch_36,ATM_CASH_WITHDRAWAL,SYNTHETIC / SIMULATED DATA — NOT REAL FINANCIAL DATA
TXN000905,2026-09-09 17:43:52,2026-09-09,17:43:52,Wednesday,17,17.4533,78.394935,ATM_HYD_203,HDFC Bank E-Corner - Inorbit Road,Madhapur Tech Corridor,Hyderabad,25000,Branch_34,ATM_CASH_WITHDRAWAL,SYNTHETIC / SIMULATED DATA — NOT REAL FINANCIAL DATA
TXN001321,2026-09-09 18:20:17,2026-09-09,18:20:17,Wednesday,18,17.439883,78.447467,ATM_HYD_104,Axis Bank ATM - Elephant House,Ameerpet Commercial Hub,Hyderabad,25000,Branch_21,ATM_CASH_WITHDRAWAL,SYNTHETIC / SIMULATED DATA — NOT REAL FINANCIAL DATA
TXN001843,2026-09-09 18:34:13,2026-09-09,18:34:13,Wednesday,18,17.444188,78.401681,ATM_HYD_204,ICICI Bank Express ATM - Madhapur Police Station,Madhapur Tech Corridor,Hyderabad,20000,Branch_17,ATM_CASH_WITHDRAWAL,SYNTHETIC / SIMULATED DATA — NOT REAL FINANCIAL DATA
TXN000411,2026-09-09 18:40:42,2026-09-09,18:40:42,Wednesday,18,17.448972,78.391872,ATM_HYD_202,SBI ATM - Hitec City Metro Pillar 24,Madhapur Tech Corridor,Hyderabad,50000,Branch_11,ATM_CASH_WITHDRAWAL,SYNTHETIC / SIMULATED DATA — NOT REAL FINANCIAL DATA
TXN000423,2026-09-09 18:45:53,2026-09-09,18:45:53,Wednesday,18,17.434508,78.453975,ATM_HYD_104,Axis Bank ATM - Elephant House,Ameerpet Commercial Hub,Hyderabad,20000,Branch_20,ATM_CASH_WITHDRAWAL,SYNTHETIC / SIMULATED DATA — NOT REAL FINANCIAL DATA
TXN000640,2026-09-09 18:56:13,2026-09-09,18:56:13,Wednesday,18,17.455936,78.384535,ATM_HYD_205,IndusInd Bank 24/7 ATM - Kavuri Hills,Madhapur Tech Corridor,Hyderabad,25000,Branch_31,ATM_CASH_WITHDRAWAL,SYNTHETIC / SIMULATED DATA — NOT REAL FINANCIAL DATA
TXN001236,2026-09-09 20:21:34,2026-09-09,20:21:34,Wednesday,20,17.44967,78.390139,ATM_HYD_205,IndusInd Bank 24/7 ATM - Kavuri Hills,Madhapur Tech Corridor,Hyderabad,30000,Branch_38,ATM_CASH_WITHDRAWAL,SYNTHETIC / SIMULATED DATA — NOT REAL FINANCIAL DATA
TXN001099,2026-09-09 20:29:42,2026-09-09,20:29:42,Wednesday,20,17.371962,78.520931,ATM_HYD_404,Canara Bank ATM - Dilsukhnagar Bus Depot,Dilsukhnagar Market Corridor,Hyderabad,25000,Branch_21,ATM_CASH_WITHDRAWAL,SYNTHETIC / SIMULATED DATA — NOT REAL FINANCIAL DATA
TXN000121,2026-09-09 20:30:18,2026-09-09,20:30:18,Wednesday,20,17.363481,78.527634,ATM_HYD_401,SBI Express ATM - Dilsukhnagar Metro,Dilsukhnagar Market Corridor,Hyderabad,12000,Branch_28,ATM_CASH_WITHDRAWAL,SYNTHETIC / SIMULATED DATA — NOT REAL FINANCIAL DATA
TXN000145,2026-09-09 20:30:45,2026-09-09,20:30:45,Wednesday,20,17.436762,78.449741,ATM_HYD_102,HDFC 24x7 Cash Point - Maitrivanam,Ameerpet Commercial Hub,Hyderabad,20000,Branch_34,ATM_CASH_WITHDRAWAL,SYNTHETIC / SIMULATED DATA — NOT REAL FINANCIAL DATA
TXN001368,2026-09-09 20:31:06,2026-09-09,20:31:06,Wednesday,20,17.367164,78.520673,ATM_HYD_402,Andhra Bank (UBI) ATM - Chaitanyapuri,Dilsukhnagar Market Corridor,Hyderabad,20000,Branch_46,ATM_CASH_WITHDRAWAL,SYNTHETIC / SIMULATED DATA — NOT REAL FINANCIAL DATA
TXN002451,2026-09-09 20:47:01,2026-09-09,20:47:01,Wednesday,20,17.411472,78.571602,ATM_HYD_901,Rural Kiosk - Outer Ring Road Exit 4,Isolated / Peripheral Zone,Hyderabad,25000,Branch_50,ATM_CASH_WITHDRAWAL,SYNTHETIC / SIMULATED DATA — NOT REAL FINANCIAL DATA
TXN000608,2026-09-09 21:35:00,2026-09-09,21:35:00,Wednesday,21,17.438966,78.389361,ATM_HYD_201,Kotak ATM - Cyber Towers Concourse,Madhapur Tech Corridor,Hyderabad,40000,Branch_48,ATM_CASH_WITHDRAWAL,SYNTHETIC / SIMULATED DATA — NOT REAL FINANCIAL DATA
TXN001162,2026-09-09 21:41:09,2026-09-09,21:41:09,Wednesday,21,17.438486,78.454091,ATM_HYD_104,Axis Bank ATM - Elephant House,Ameerpet Commercial Hub,Hyderabad,27000,Branch_37,ATM_CASH_WITHDRAWAL,SYNTHETIC / SIMULATED DATA — NOT REAL FINANCIAL DATA
TXN001350,2026-09-09 22:20:51,2026-09-09,22:20:51,Wednesday,22,17.435541,78.45105,ATM_HYD_104,Axis Bank ATM - Elephant House,Ameerpet Commercial Hub,Hyderabad,15000,Branch_33,ATM_CASH_WITHDRAWAL,SYNTHETIC / SIMULATED DATA — NOT REAL FINANCIAL DATA
TXN001565,2026-09-09 22:55:00,2026-09-09,22:55:00,Wednesday,22,17.372531,78.522651,ATM_HYD_404,Canara Bank ATM - Dilsukhnagar Bus Depot,Dilsukhnagar Market Corridor,Hyderabad,40000,Branch_10,ATM_CASH_WITHDRAWAL,SYNTHETIC / SIMULATED DATA — NOT REAL FINANCIAL DATA
TXN001398,2026-09-09 23:07:06,2026-09-09,23:07:06,Wednesday,23,17.441869,78.446721,ATM_HYD_103,ICICI e-Lobby - Ameerpet Cross Roads,Ameerpet Commercial Hub,Hyderabad,30000,Branch_15,ATM_CASH_WITHDRAWAL,SYNTHETIC / SIMULATED DATA — NOT REAL FINANCIAL DATA
TXN000794,2026-09-10 00:49:46,2026-09-10,00:49:46,Thursday,0,17.448855,78.506531,ATM_HYD_303,SBI Multi-Service Lounge - Station Rd,Secunderabad Station Transit Hub,Hyderabad,25000,Branch_30,ATM_CASH_WITHDRAWAL,SYNTHETIC / SIMULATED DATA — NOT REAL FINANCIAL DATA
TXN002380,2026-09-10 01:01:05,2026-09-10,01:01:05,Thursday,1,17.363964,78.483693,ATM_HYD_902,Petrol Pump ATM - Medchal Highway,Isolated / Peripheral Zone,Hyderabad,50000,Branch_50,ATM_CASH_WITHDRAWAL,SYNTHETIC / SIMULATED DATA — NOT REAL FINANCIAL DATA
TXN000932,2026-09-10 02:14:17,2026-09-10,02:14:17,Thursday,2,17.375164,78.528223,ATM_HYD_404,Canara Bank ATM - Dilsukhnagar Bus Depot,Dilsukhnagar Market Corridor,Hyderabad,20000,Branch_38,ATM_CASH_WITHDRAWAL,SYNTHETIC / SIMULATED DATA — NOT REAL FINANCIAL DATA
TXN001124,2026-09-10 02:16:10,2026-09-10,02:16:10,Thursday,2,17.365332,78.518648,ATM_HYD_404,Canara Bank ATM - Dilsukhnagar Bus Depot,Dilsukhnagar Market Corridor,Hyderabad,10000,Branch_37,ATM_CASH_WITHDRAWAL,SYNTHETIC / SIMULATED DATA — NOT REAL FINANCIAL DATA
TXN000875,2026-09-10 04:34:49,2026-09-10,04:34:49,Thursday,4,17.438268,78.444597,ATM_HYD_104,Axis Bank ATM - Elephant House,Ameerpet Commercial Hub,Hyderabad,25000,Branch_29,ATM_CASH_WITHDRAWAL,SYNTHETIC / SIMULATED DATA — NOT REAL FINANCIAL DATA
TXN000138,2026-09-10 08:09:45,2026-09-10,08:09:45,Thursday,8,17.437395,78.501644,ATM_HYD_303,SBI Multi-Service Lounge - Station Rd,Secunderabad Station Transit Hub,Hyderabad,50000,Branch_25,ATM_CASH_WITHDRAWAL,SYNTHETIC / SIMULATED DATA — NOT REAL FINANCIAL DATA
TXN001389,2026-09-10 08:55:52,2026-09-10,08:55:52,Thursday,8,17.367234,78.471846,ATM_HYD_502,SBI ATM - Gulzar Houz,Charminar Heritage Bazaar,Hyderabad,30000,Branch_33,ATM_CASH_WITHDRAWAL,SYNTHETIC / SIMULATED DATA — NOT REAL FINANCIAL DATA
TXN000597,2026-09-10 09:24:53,2026-09-10,09:24:53,Thursday,9,17.441435,78.50338,ATM_HYD_301,Punjab National Bank - Railway Gate 1,Secunderabad Station Transit Hub,Hyderabad,25000,Branch_46,ATM_CASH_WITHDRAWAL,SYNTHETIC / SIMULATED DATA — NOT REAL FINANCIAL DATA
TXN002315,2026-09-10 10:10:21,2026-09-10,10:10:21,Thursday,10,17.371194,78.539664,ATM_HYD_904,Express ATM - Uppal Outskirts,Isolated / Peripheral Zone,Hyderabad,10000,Branch_94,ATM_CASH_WITHDRAWAL,SYNTHETIC / SIMULATED DATA — NOT REAL FINANCIAL DATA
TXN001013,2026-09-10 10:36:02,2026-09-10,10:36:02,Thursday,10,17.358419,78.479855,ATM_HYD_502,SBI ATM - Gulzar Houz,Charminar Heritage Bazaar,Hyderabad,15000,Branch_18,ATM_CASH_WITHDRAWAL,SYNTHETIC / SIMULATED DATA — NOT REAL FINANCIAL DATA
TXN002367,2026-09-10 12:48:55,2026-09-10,12:48:55,Thursday,12,17.403902,78.468459,ATM_HYD_901,Rural Kiosk - Outer Ring Road Exit 4,Isolated / Peripheral Zone,Hyderabad,25000,Branch_69,ATM_CASH_WITHDRAWAL,SYNTHETIC / SIMULATED DATA — NOT REAL FINANCIAL DATA
TXN002171,2026-09-10 12:52:49,2026-09-10,12:52:49,Thursday,12,17.443,78.504861,ATM_HYD_304,Union Bank ATM - Patny Circle,Secunderabad Station Transit Hub,Hyderabad,25000,Branch_48,ATM_CASH_WITHDRAWAL,SYNTHETIC / SIMULATED DATA — NOT REAL FINANCIAL DATA
TXN001046,2026-09-10 13:03:18,2026-09-10,13:03:18,Thursday,13,17.435367,78.504563,ATM_HYD_303,SBI Multi-Service Lounge - Station Rd,Secunderabad Station Transit Hub,Hyderabad,30000,Branch_14,ATM_CASH_WITHDRAWAL,SYNTHETIC / SIMULATED DATA — NOT REAL FINANCIAL DATA
TXN000350,2026-09-10 13:24:11,2026-09-10,13:24:11,Thursday,13,17.43699,78.501237,ATM_HYD_303,SBI Multi-Service Lounge - Station Rd,Secunderabad Station Transit Hub,Hyderabad,25000,Branch_40,ATM_CASH_WITHDRAWAL,SYNTHETIC / SIMULATED DATA — NOT REAL FINANCIAL DATA
TXN001544,2026-09-10 14:01:14,2026-09-10,14:01:14,Thursday,14,17.437674,78.446625,ATM_HYD_105,Canara Bank Express ATM - SR Nagar,Ameerpet Commercial Hub,Hyderabad,30000,Branch_19,ATM_CASH_WITHDRAWAL,SYNTHETIC / SIMULATED DATA — NOT REAL FINANCIAL DATA
TXN000879,2026-09-10 14:23:28,2026-09-10,14:23:28,Thursday,14,17.434798,78.444478,ATM_HYD_103,ICICI e-Lobby - Ameerpet Cross Roads,Ameerpet Commercial Hub,Hyderabad,10000,Branch_29,ATM_CASH_WITHDRAWAL,SYNTHETIC / SIMULATED DATA — NOT REAL FINANCIAL DATA
TXN000305,2026-09-10 14:32:49,2026-09-10,14:32:49,Thursday,14,17.441377,78.498547,ATM_HYD_302,Bank of Baroda ATM - Clock Tower Cir,Secunderabad Station Transit Hub,Hyderabad,25000,Branch_40,ATM_CASH_WITHDRAWAL,SYNTHETIC / SIMULATED DATA — NOT REAL FINANCIAL DATA
TXN001496,2026-09-10 14:51:43,2026-09-10,14:51:43,Thursday,14,17.438847,78.500275,ATM_HYD_301,Punjab National Bank - Railway Gate 1,Secunderabad Station Transit Hub,Hyderabad,25000,Branch_30,ATM_CASH_WITHDRAWAL,SYNTHETIC / SIMULATED DATA — NOT REAL FINANCIAL DATA
TXN001137,2026-09-10 15:01:18,2026-09-10,15:01:18,Thursday,15,17.367264,78.525556,ATM_HYD_402,Andhra Bank (UBI) ATM - Chaitanyapuri,Dilsukhnagar Market Corridor,Hyderabad,20000,Branch_25,ATM_CASH_WITHDRAWAL,SYNTHETIC / SIMULATED DATA — NOT REAL FINANCIAL DATA
TXN001839,2026-09-10 15:18:17,2026-09-10,15:18:17,Thursday,15,17.359277,78.472178,ATM_HYD_503,HDFC Bank Kiosk - Nayapul Bridge,Charminar Heritage Bazaar,Hyderabad,25000,Branch_36,ATM_CASH_WITHDRAWAL,SYNTHETIC / SIMULATED DATA — NOT REAL FINANCIAL DATA
TXN000352,2026-09-10 15:24:15,2026-09-10,15:24:15,Thursday,15,17.36823,78.52546,ATM_HYD_404,Canara Bank ATM - Dilsukhnagar Bus Depot,Dilsukhnagar Market Corridor,Hyderabad,30000,Branch_31,ATM_CASH_WITHDRAWAL,SYNTHETIC / SIMULATED DATA — NOT REAL FINANCIAL DATA
TXN000620,2026-09-10 15:33:34,2026-09-10,15:33:34,Thursday,15,17.442137,78.505729,ATM_HYD_304,Union Bank ATM - Patny Circle,Secunderabad Station Transit Hub,Hyderabad,25000,Branch_25,ATM_CASH_WITHDRAWAL,SYNTHETIC / SIMULATED DATA — NOT REAL FINANCIAL DATA
TXN001233,2026-09-10 15:36:28,2026-09-10,15:36:28,Thursday,15,17.439253,78.446246,ATM_HYD_101,SBI Kiosk - Ameerpet Metro Junction,Ameerpet Commercial Hub,Hyderabad,20000,Branch_34,ATM_CASH_WITHDRAWAL,SYNTHETIC / SIMULATED DATA — NOT REAL FINANCIAL DATA
TXN001907,2026-09-10 16:17:56,2026-09-10,16:17:56,Thursday,16,17.361973,78.469359,ATM_HYD_502,SBI ATM - Gulzar Houz,Charminar Heritage Bazaar,Hyderabad,15000,Branch_28,ATM_CASH_WITHDRAWAL,SYNTHETIC / SIMULATED DATA — NOT REAL FINANCIAL DATA
TXN000472,2026-09-10 16:26:58,2026-09-10,16:26:58,Thursday,16,17.363419,78.469703,ATM_HYD_503,HDFC Bank Kiosk - Nayapul Bridge,Charminar Heritage Bazaar,Hyderabad,20000,Branch_27,ATM_CASH_WITHDRAWAL,SYNTHETIC / SIMULATED DATA — NOT REAL FINANCIAL DATA
TXN000729,2026-09-10 16:33:26,2026-09-10,16:33:26,Thursday,16,17.438071,78.452507,ATM_HYD_102,HDFC 24x7 Cash Point - Maitrivanam,Ameerpet Commercial Hub,Hyderabad,10000,Branch_35,ATM_CASH_WITHDRAWAL,SYNTHETIC / SIMULATED DATA — NOT REAL FINANCIAL DATA
TXN000869,2026-09-10 16:35:51,2026-09-10,16:35:51,Thursday,16,17.367161,78.525989,ATM_HYD_404,Canara Bank ATM - Dilsukhnagar Bus Depot,Dilsukhnagar Market Corridor,Hyderabad,20000,Branch_10,ATM_CASH_WITHDRAWAL,SYNTHETIC / SIMULATED DATA — NOT REAL FINANCIAL DATA
TXN000344,2026-09-10 17:15:13,2026-09-10,17:15:13,Thursday,17,17.452462,78.392813,ATM_HYD_201,Kotak ATM - Cyber Towers Concourse,Madhapur Tech Corridor,Hyderabad,20000,Branch_12,ATM_CASH_WITHDRAWAL,SYNTHETIC / SIMULATED DATA — NOT REAL FINANCIAL DATA
TXN000017,2026-09-10 18:24:38,2026-09-10,18:24:38,Thursday,18,17.436995,78.450419,ATM_HYD_102,HDFC 24x7 Cash Point - Maitrivanam,Ameerpet Commercial Hub,Hyderabad,10000,Branch_43,ATM_CASH_WITHDRAWAL,SYNTHETIC / SIMULATED DATA — NOT REAL FINANCIAL DATA
TXN001334,2026-09-10 18:48:49,2026-09-10,18:48:49,Thursday,18,17.3648,78.477634,ATM_HYD_501,Bank of India - Madina Market,Charminar Heritage Bazaar,Hyderabad,50000,Branch_29,ATM_CASH_WITHDRAWAL,SYNTHETIC / SIMULATED DATA — NOT REAL FINANCIAL DATA
TXN001958,2026-09-10 19:34:24,2026-09-10,19:34:24,Thursday,19,17.449783,78.396654,ATM_HYD_205,IndusInd Bank 24/7 ATM - Kavuri Hills,Madhapur Tech Corridor,Hyderabad,10000,Branch_45,ATM_CASH_WITHDRAWAL,SYNTHETIC / SIMULATED DATA — NOT REAL FINANCIAL DATA
TXN001555,2026-09-10 19:34:31,2026-09-10,19:34:31,Thursday,19,17.439184,78.445798,ATM_HYD_104,Axis Bank ATM - Elephant House,Ameerpet Commercial Hub,Hyderabad,20000,Branch_24,ATM_CASH_WITHDRAWAL,SYNTHETIC / SIMULATED DATA — NOT REAL FINANCIAL DATA
TXN001919,2026-09-10 19:36:25,2026-09-10,19:36:25,Thursday,19,17.454041,78.382581,ATM_HYD_201,Kotak ATM - Cyber Towers Concourse,Madhapur Tech Corridor,Hyderabad,50000,Branch_20,ATM_CASH_WITHDRAWAL,SYNTHETIC / SIMULATED DATA — NOT REAL FINANCIAL DATA
TXN001915,2026-09-10 19:41:57,2026-09-10,19:41:57,Thursday,19,17.453927,78.386768,ATM_HYD_202,SBI ATM - Hitec City Metro Pillar 24,Madhapur Tech Corridor,Hyderabad,22000,Branch_29,ATM_CASH_WITHDRAWAL,SYNTHETIC / SIMULATED DATA — NOT REAL FINANCIAL DATA
TXN000563,2026-09-10 20:02:37,2026-09-10,20:02:37,Thursday,20,17.442513,78.450097,ATM_HYD_103,ICICI e-Lobby - Ameerpet Cross Roads,Ameerpet Commercial Hub,Hyderabad,20000,Branch_46,ATM_CASH_WITHDRAWAL,SYNTHETIC / SIMULATED DATA — NOT REAL FINANCIAL DATA
TXN001667,2026-09-10 20:07:33,2026-09-10,20:07:33,Thursday,20,17.435764,78.449885,ATM_HYD_105,Canara Bank Express ATM - SR Nagar,Ameerpet Commercial Hub,Hyderabad,30000,Branch_46,ATM_CASH_WITHDRAWAL,SYNTHETIC / SIMULATED DATA — NOT REAL FINANCIAL DATA
TXN001402,2026-09-10 20:27:10,2026-09-10,20:27:10,Thursday,20,17.434081,78.448606,ATM_HYD_105,Canara Bank Express ATM - SR Nagar,Ameerpet Commercial Hub,Hyderabad,30000,Branch_21,ATM_CASH_WITHDRAWAL,SYNTHETIC / SIMULATED DATA — NOT REAL FINANCIAL DATA
TXN002194,2026-09-10 20:28:24,2026-09-10,20:28:24,Thursday,20,17.44319,78.393327,ATM_HYD_204,ICICI Bank Express ATM - Madhapur Police Station,Madhapur Tech Corridor,Hyderabad,10000,Branch_31,ATM_CASH_WITHDRAWAL,SYNTHETIC / SIMULATED DATA — NOT REAL FINANCIAL DATA
TXN000585,2026-09-10 20:33:17,2026-09-10,20:33:17,Thursday,20,17.439633,78.501514,ATM_HYD_303,SBI Multi-Service Lounge - Station Rd,Secunderabad Station Transit Hub,Hyderabad,20000,Branch_18,ATM_CASH_WITHDRAWAL,SYNTHETIC / SIMULATED DATA — NOT REAL FINANCIAL DATA
TXN000057,2026-09-10 20:59:21,2026-09-10,20:59:21,Thursday,20,17.431821,78.446406,ATM_HYD_102,HDFC 24x7 Cash Point - Maitrivanam,Ameerpet Commercial Hub,Hyderabad,20000,Branch_36,ATM_CASH_WITHDRAWAL,SYNTHETIC / SIMULATED DATA — NOT REAL FINANCIAL DATA
TXN001604,2026-09-10 21:44:50,2026-09-10,21:44:50,Thursday,21,17.450648,78.396777,ATM_HYD_203,HDFC Bank E-Corner - Inorbit Road,Madhapur Tech Corridor,Hyderabad,20000,Branch_37,ATM_CASH_WITHDRAWAL,SYNTHETIC / SIMULATED DATA — NOT REAL FINANCIAL DATA
TXN000974,2026-09-10 21:49:30,2026-09-10,21:49:30,Thursday,21,17.43973,78.451436,ATM_HYD_103,ICICI e-Lobby - Ameerpet Cross Roads,Ameerpet Commercial Hub,Hyderabad,40000,Branch_23,ATM_CASH_WITHDRAWAL,SYNTHETIC / SIMULATED DATA — NOT REAL FINANCIAL DATA
TXN002289,2026-09-10 21:59:14,2026-09-10,21:59:14,Thursday,21,17.414618,78.4519,ATM_HYD_901,Rural Kiosk - Outer Ring Road Exit 4,Isolated / Peripheral Zone,Hyderabad,25000,Branch_73,ATM_CASH_WITHDRAWAL,SYNTHETIC / SIMULATED DATA — NOT REAL FINANCIAL DATA
TXN001211,2026-09-10 22:44:35,2026-09-10,22:44:35,Thursday,22,17.449206,78.391216,ATM_HYD_203,HDFC Bank E-Corner - Inorbit Road,Madhapur Tech Corridor,Hyderabad,40000,Branch_30,ATM_CASH_WITHDRAWAL,SYNTHETIC / SIMULATED DATA — NOT REAL FINANCIAL DATA
TXN002109,2026-09-10 22:56:00,2026-09-10,22:56:00,Thursday,22,17.43918,78.445538,ATM_HYD_105,Canara Bank Express ATM - SR Nagar,Ameerpet Commercial Hub,Hyderabad,30000,Branch_12,ATM_CASH_WITHDRAWAL,SYNTHETIC / SIMULATED DATA — NOT REAL FINANCIAL DATA
TXN002430,2026-09-10 23:08:20,2026-09-10,23:08:20,Thursday,23,17.453629,78.438424,ATM_HYD_903,Market Yard Cash Point - Shamshabad Link,Isolated / Peripheral Zone,Hyderabad,15000,Branch_92,ATM_CASH_WITHDRAWAL,SYNTHETIC / SIMULATED DATA — NOT REAL FINANCIAL DATA
TXN002478,2026-09-10 23:55:33,2026-09-10,23:55:33,Thursday,23,17.31688,78.356597,ATM_HYD_901,Rural Kiosk - Outer Ring Road Exit 4,Isolated / Peripheral Zone,Hyderabad,20000,Branch_54,ATM_CASH_WITHDRAWAL,SYNTHETIC / SIMULATED DATA — NOT REAL FINANCIAL DATA
TXN000626,2026-09-11 00:13:53,2026-09-11,00:13:53,Friday,0,17.446354,78.397596,ATM_HYD_203,HDFC Bank E-Corner - Inorbit Road,Madhapur Tech Corridor,Hyderabad,25000,Branch_11,ATM_CASH_WITHDRAWAL,SYNTHETIC / SIMULATED DATA — NOT REAL FINANCIAL DATA
TXN000193,2026-09-11 01:30:51,2026-09-11,01:30:51,Friday,1,17.369092,78.521801,ATM_HYD_403,HDFC Cash Machine - Malakpet Link,Dilsukhnagar Market Corridor,Hyderabad,30000,Branch_28,ATM_CASH_WITHDRAWAL,SYNTHETIC / SIMULATED DATA — NOT REAL FINANCIAL DATA
TXN001140,2026-09-11 02:20:21,2026-09-11,02:20:21,Friday,2,17.443394,78.50358,ATM_HYD_304,Union Bank ATM - Patny Circle,Secunderabad Station Transit Hub,Hyderabad,15000,Branch_16,ATM_CASH_WITHDRAWAL,SYNTHETIC / SIMULATED DATA — NOT REAL FINANCIAL DATA
TXN000460,2026-09-11 03:00:06,2026-09-11,03:00:06,Friday,3,17.436311,78.447045,ATM_HYD_104,Axis Bank ATM - Elephant House,Ameerpet Commercial Hub,Hyderabad,45000,Branch_44,ATM_CASH_WITHDRAWAL,SYNTHETIC / SIMULATED DATA — NOT REAL FINANCIAL DATA
TXN000647,2026-09-11 04:28:46,2026-09-11,04:28:46,Friday,4,17.438828,78.506756,ATM_HYD_302,Bank of Baroda ATM - Clock Tower Cir,Secunderabad Station Transit Hub,Hyderabad,30000,Branch_37,ATM_CASH_WITHDRAWAL,SYNTHETIC / SIMULATED DATA — NOT REAL FINANCIAL DATA
TXN001224,2026-09-11 07:56:04,2026-09-11,07:56:04,Friday,7,17.359218,78.478676,ATM_HYD_503,HDFC Bank Kiosk - Nayapul Bridge,Charminar Heritage Bazaar,Hyderabad,8000,Branch_37,ATM_CASH_WITHDRAWAL,SYNTHETIC / SIMULATED DATA — NOT REAL FINANCIAL DATA
TXN001792,2026-09-11 09:45:34,2026-09-11,09:45:34,Friday,9,17.439299,78.497309,ATM_HYD_301,Punjab National Bank - Railway Gate 1,Secunderabad Station Transit Hub,Hyderabad,22000,Branch_48,ATM_CASH_WITHDRAWAL,SYNTHETIC / SIMULATED DATA — NOT REAL FINANCIAL DATA
TXN001417,2026-09-11 13:07:01,2026-09-11,13:07:01,Friday,13,17.43892,78.447335,ATM_HYD_103,ICICI e-Lobby - Ameerpet Cross Roads,Ameerpet Commercial Hub,Hyderabad,20000,Branch_40,ATM_CASH_WITHDRAWAL,SYNTHETIC / SIMULATED DATA — NOT REAL FINANCIAL DATA
TXN001877,2026-09-11 13:23:39,2026-09-11,13:23:39,Friday,13,17.442449,78.504735,ATM_HYD_303,SBI Multi-Service Lounge - Station Rd,Secunderabad Station Transit Hub,Hyderabad,25000,Branch_26,ATM_CASH_WITHDRAWAL,SYNTHETIC / SIMULATED DATA — NOT REAL FINANCIAL DATA
TXN000993,2026-09-11 13:34:10,2026-09-11,13:34:10,Friday,13,17.433124,78.450725,ATM_HYD_101,SBI Kiosk - Ameerpet Metro Junction,Ameerpet Commercial Hub,Hyderabad,10000,Branch_30,ATM_CASH_WITHDRAWAL,SYNTHETIC / SIMULATED DATA — NOT REAL FINANCIAL DATA
TXN001169,2026-09-11 13:35:04,2026-09-11,13:35:04,Friday,13,17.430863,78.454949,ATM_HYD_105,Canara Bank Express ATM - SR Nagar,Ameerpet Commercial Hub,Hyderabad,50000,Branch_42,ATM_CASH_WITHDRAWAL,SYNTHETIC / SIMULATED DATA — NOT REAL FINANCIAL DATA
TXN002236,2026-09-11 13:47:15,2026-09-11,13:47:15,Friday,13,17.445249,78.496834,ATM_HYD_302,Bank of Baroda ATM - Clock Tower Cir,Secunderabad Station Transit Hub,Hyderabad,20000,Branch_26,ATM_CASH_WITHDRAWAL,SYNTHETIC / SIMULATED DATA — NOT REAL FINANCIAL DATA
TXN000157,2026-09-11 14:54:19,2026-09-11,14:54:19,Friday,14,17.441435,78.501872,ATM_HYD_303,SBI Multi-Service Lounge - Station Rd,Secunderabad Station Transit Hub,Hyderabad,30000,Branch_34,ATM_CASH_WITHDRAWAL,SYNTHETIC / SIMULATED DATA — NOT REAL FINANCIAL DATA
TXN000053,2026-09-11 15:04:56,2026-09-11,15:04:56,Friday,15,17.363484,78.473755,ATM_HYD_503,HDFC Bank Kiosk - Nayapul Bridge,Charminar Heritage Bazaar,Hyderabad,25000,Branch_19,ATM_CASH_WITHDRAWAL,SYNTHETIC / SIMULATED DATA — NOT REAL FINANCIAL DATA
TXN002129,2026-09-11 15:20:34,2026-09-11,15:20:34,Friday,15,17.378079,78.526565,ATM_HYD_403,HDFC Cash Machine - Malakpet Link,Dilsukhnagar Market Corridor,Hyderabad,50000,Branch_18,ATM_CASH_WITHDRAWAL,SYNTHETIC / SIMULATED DATA — NOT REAL FINANCIAL DATA
TXN001147,2026-09-11 16:39:53,2026-09-11,16:39:53,Friday,16,17.371504,78.528178,ATM_HYD_403,HDFC Cash Machine - Malakpet Link,Dilsukhnagar Market Corridor,Hyderabad,15000,Branch_26,ATM_CASH_WITHDRAWAL,SYNTHETIC / SIMULATED DATA — NOT REAL FINANCIAL DATA
TXN000575,2026-09-11 17:24:00,2026-09-11,17:24:00,Friday,17,17.366373,78.531706,ATM_HYD_404,Canara Bank ATM - Dilsukhnagar Bus Depot,Dilsukhnagar Market Corridor,Hyderabad,23000,Branch_33,ATM_CASH_WITHDRAWAL,SYNTHETIC / SIMULATED DATA — NOT REAL FINANCIAL DATA
TXN002473,2026-09-11 17:54:38,2026-09-11,17:54:38,Friday,17,17.413164,78.47719,ATM_HYD_901,Rural Kiosk - Outer Ring Road Exit 4,Isolated / Peripheral Zone,Hyderabad,30000,Branch_95,ATM_CASH_WITHDRAWAL,SYNTHETIC / SIMULATED DATA — NOT REAL FINANCIAL DATA
TXN001826,2026-09-11 17:55:08,2026-09-11,17:55:08,Friday,17,17.445896,78.397414,ATM_HYD_204,ICICI Bank Express ATM - Madhapur Police Station,Madhapur Tech Corridor,Hyderabad,15000,Branch_17,ATM_CASH_WITHDRAWAL,SYNTHETIC / SIMULATED DATA — NOT REAL FINANCIAL DATA
TXN002021,2026-09-11 18:00:48,2026-09-11,18:00:48,Friday,18,17.358535,78.477614,ATM_HYD_502,SBI ATM - Gulzar Houz,Charminar Heritage Bazaar,Hyderabad,25000,Branch_13,ATM_CASH_WITHDRAWAL,SYNTHETIC / SIMULATED DATA — NOT REAL FINANCIAL DATA
TXN001866,2026-09-11 18:08:48,2026-09-11,18:08:48,Friday,18,17.35966,78.47954,ATM_HYD_501,Bank of India - Madina Market,Charminar Heritage Bazaar,Hyderabad,30000,Branch_17,ATM_CASH_WITHDRAWAL,SYNTHETIC / SIMULATED DATA — NOT REAL FINANCIAL DATA
TXN001382,2026-09-11 18:19:18,2026-09-11,18:19:18,Friday,18,17.445452,78.390662,ATM_HYD_202,SBI ATM - Hitec City Metro Pillar 24,Madhapur Tech Corridor,Hyderabad,20000,Branch_22,ATM_CASH_WITHDRAWAL,SYNTHETIC / SIMULATED DATA — NOT REAL FINANCIAL DATA
TXN000918,2026-09-11 18:24:22,2026-09-11,18:24:22,Friday,18,17.356948,78.472106,ATM_HYD_503,HDFC Bank Kiosk - Nayapul Bridge,Charminar Heritage Bazaar,Hyderabad,25000,Branch_37,ATM_CASH_WITHDRAWAL,SYNTHETIC / SIMULATED DATA — NOT REAL FINANCIAL DATA
TXN000189,2026-09-11 18:26:21,2026-09-11,18:26:21,Friday,18,17.441603,78.387921,ATM_HYD_202,SBI ATM - Hitec City Metro Pillar 24,Madhapur Tech Corridor,Hyderabad,20000,Branch_35,ATM_CASH_WITHDRAWAL,SYNTHETIC / SIMULATED DATA — NOT REAL FINANCIAL DATA
TXN001856,2026-09-11 18:35:17,2026-09-11,18:35:17,Friday,18,17.442538,78.44606,ATM_HYD_103,ICICI e-Lobby - Ameerpet Cross Roads,Ameerpet Commercial Hub,Hyderabad,25000,Branch_44,ATM_CASH_WITHDRAWAL,SYNTHETIC / SIMULATED DATA — NOT REAL FINANCIAL DATA
TXN001165,2026-09-11 18:51:23,2026-09-11,18:51:23,Friday,18,17.439811,78.443989,ATM_HYD_105,Canara Bank Express ATM - SR Nagar,Ameerpet Commercial Hub,Hyderabad,25000,Branch_37,ATM_CASH_WITHDRAWAL,SYNTHETIC / SIMULATED DATA — NOT REAL FINANCIAL DATA
TXN001819,2026-09-11 19:56:39,2026-09-11,19:56:39,Friday,19,17.435862,78.498949,ATM_HYD_302,Bank of Baroda ATM - Clock Tower Cir,Secunderabad Station Transit Hub,Hyderabad,20000,Branch_32,ATM_CASH_WITHDRAWAL,SYNTHETIC / SIMULATED DATA — NOT REAL FINANCIAL DATA
TXN002200,2026-09-11 20:01:44,2026-09-11,20:01:44,Friday,20,17.45393,78.395543,ATM_HYD_205,IndusInd Bank 24/7 ATM - Kavuri Hills,Madhapur Tech Corridor,Hyderabad,30000,Branch_46,ATM_CASH_WITHDRAWAL,SYNTHETIC / SIMULATED DATA — NOT REAL FINANCIAL DATA
TXN001937,2026-09-11 20:07:38,2026-09-11,20:07:38,Friday,20,17.439801,78.445123,ATM_HYD_103,ICICI e-Lobby - Ameerpet Cross Roads,Ameerpet Commercial Hub,Hyderabad,50000,Branch_38,ATM_CASH_WITHDRAWAL,SYNTHETIC / SIMULATED DATA — NOT REAL FINANCIAL DATA
TXN002041,2026-09-11 20:10:43,2026-09-11,20:10:43,Friday,20,17.375368,78.523433,ATM_HYD_401,SBI Express ATM - Dilsukhnagar Metro,Dilsukhnagar Market Corridor,Hyderabad,40000,Branch_19,ATM_CASH_WITHDRAWAL,SYNTHETIC / SIMULATED DATA — NOT REAL FINANCIAL DATA
TXN000420,2026-09-11 20:34:44,2026-09-11,20:34:44,Friday,20,17.439701,78.503632,ATM_HYD_304,Union Bank ATM - Patny Circle,Secunderabad Station Transit Hub,Hyderabad,25000,Branch_21,ATM_CASH_WITHDRAWAL,SYNTHETIC / SIMULATED DATA — NOT REAL FINANCIAL DATA
TXN000692,2026-09-11 20:49:14,2026-09-11,20:49:14,Friday,20,17.450065,78.393385,ATM_HYD_201,Kotak ATM - Cyber Towers Concourse,Madhapur Tech Corridor,Hyderabad,10000,Branch_15,ATM_CASH_WITHDRAWAL,SYNTHETIC / SIMULATED DATA — NOT REAL FINANCIAL DATA
TXN000038,2026-09-11 20:50:35,2026-09-11,20:50:35,Friday,20,17.434524,78.444582,ATM_HYD_103,ICICI e-Lobby - Ameerpet Cross Roads,Ameerpet Commercial Hub,Hyderabad,30000,Branch_41,ATM_CASH_WITHDRAWAL,SYNTHETIC / SIMULATED DATA — NOT REAL FINANCIAL DATA
TXN000065,2026-09-11 20:58:21,2026-09-11,20:58:21,Friday,20,17.4383,78.449746,ATM_HYD_103,ICICI e-Lobby - Ameerpet Cross Roads,Ameerpet Commercial Hub,Hyderabad,25000,Branch_17,ATM_CASH_WITHDRAWAL,SYNTHETIC / SIMULATED DATA — NOT REAL FINANCIAL DATA
TXN001615,2026-09-11 21:38:10,2026-09-11,21:38:10,Friday,21,17.45229,78.39002,ATM_HYD_204,ICICI Bank Express ATM - Madhapur Police Station,Madhapur Tech Corridor,Hyderabad,50000,Branch_34,ATM_CASH_WITHDRAWAL,SYNTHETIC / SIMULATED DATA — NOT REAL FINANCIAL DATA
TXN002238,2026-09-11 21:57:45,2026-09-11,21:57:45,Friday,21,17.436679,78.449425,ATM_HYD_105,Canara Bank Express ATM - SR Nagar,Ameerpet Commercial Hub,Hyderabad,50000,Branch_15,ATM_CASH_WITHDRAWAL,SYNTHETIC / SIMULATED DATA — NOT REAL FINANCIAL DATA
TXN001288,2026-09-11 22:03:35,2026-09-11,22:03:35,Friday,22,17.453207,78.386922,ATM_HYD_205,IndusInd Bank 24/7 ATM - Kavuri Hills,Madhapur Tech Corridor,Hyderabad,42000,Branch_35,ATM_CASH_WITHDRAWAL,SYNTHETIC / SIMULATED DATA — NOT REAL FINANCIAL DATA
TXN001277,2026-09-11 23:54:37,2026-09-11,23:54:37,Friday,23,17.440919,78.448895,ATM_HYD_103,ICICI e-Lobby - Ameerpet Cross Roads,Ameerpet Commercial Hub,Hyderabad,20000,Branch_17,ATM_CASH_WITHDRAWAL,SYNTHETIC / SIMULATED DATA — NOT REAL FINANCIAL DATA
TXN001699,2026-09-12 02:02:02,2026-09-12,02:02:02,Saturday,2,17.360659,78.474488,ATM_HYD_501,Bank of India - Madina Market,Charminar Heritage Bazaar,Hyderabad,20000,Branch_32,ATM_CASH_WITHDRAWAL,SYNTHETIC / SIMULATED DATA — NOT REAL FINANCIAL DATA
TXN001646,2026-09-12 02:03:43,2026-09-12,02:03:43,Saturday,2,17.44215,78.496417,ATM_HYD_304,Union Bank ATM - Patny Circle,Secunderabad Station Transit Hub,Hyderabad,25000,Branch_27,ATM_CASH_WITHDRAWAL,SYNTHETIC / SIMULATED DATA — NOT REAL FINANCIAL DATA
TXN001309,2026-09-12 02:38:10,2026-09-12,02:38:10,Saturday,2,17.442391,78.395688,ATM_HYD_205,IndusInd Bank 24/7 ATM - Kavuri Hills,Madhapur Tech Corridor,Hyderabad,38000,Branch_18,ATM_CASH_WITHDRAWAL,SYNTHETIC / SIMULATED DATA — NOT REAL FINANCIAL DATA
TXN001869,2026-09-12 06:44:25,2026-09-12,06:44:25,Saturday,6,17.436627,78.44598,ATM_HYD_101,SBI Kiosk - Ameerpet Metro Junction,Ameerpet Commercial Hub,Hyderabad,20000,Branch_27,ATM_CASH_WITHDRAWAL,SYNTHETIC / SIMULATED DATA — NOT REAL FINANCIAL DATA
TXN001148,2026-09-12 07:25:48,2026-09-12,07:25:48,Saturday,7,17.443715,78.502548,ATM_HYD_303,SBI Multi-Service Lounge - Station Rd,Secunderabad Station Transit Hub,Hyderabad,20000,Branch_41,ATM_CASH_WITHDRAWAL,SYNTHETIC / SIMULATED DATA — NOT REAL FINANCIAL DATA
TXN001043,2026-09-12 08:06:47,2026-09-12,08:06:47,Saturday,8,17.451513,78.39013,ATM_HYD_205,IndusInd Bank 24/7 ATM - Kavuri Hills,Madhapur Tech Corridor,Hyderabad,30000,Branch_40,ATM_CASH_WITHDRAWAL,SYNTHETIC / SIMULATED DATA — NOT REAL FINANCIAL DATA
TXN002477,2026-09-12 08:37:55,2026-09-12,08:37:55,Saturday,8,17.344542,78.552529,ATM_HYD_905,Highway Kiosk - Patancheru Depot,Isolated / Peripheral Zone,Hyderabad,40000,Branch_94,ATM_CASH_WITHDRAWAL,SYNTHETIC / SIMULATED DATA — NOT REAL FINANCIAL DATA
TXN000482,2026-09-12 12:15:18,2026-09-12,12:15:18,Saturday,12,17.436871,78.500951,ATM_HYD_301,Punjab National Bank - Railway Gate 1,Secunderabad Station Transit Hub,Hyderabad,10000,Branch_30,ATM_CASH_WITHDRAWAL,SYNTHETIC / SIMULATED DATA — NOT REAL FINANCIAL DATA
TXN002472,2026-09-12 12:50:26,2026-09-12,12:50:26,Saturday,12,17.347506,78.361963,ATM_HYD_904,Express ATM - Uppal Outskirts,Isolated / Peripheral Zone,Hyderabad,20000,Branch_73,ATM_CASH_WITHDRAWAL,SYNTHETIC / SIMULATED DATA — NOT REAL FINANCIAL DATA
TXN000147,2026-09-12 14:00:46,2026-09-12,14:00:46,Saturday,14,17.43689,78.509693,ATM_HYD_301,Punjab National Bank - Railway Gate 1,Secunderabad Station Transit Hub,Hyderabad,15000,Branch_19,ATM_CASH_WITHDRAWAL,SYNTHETIC / SIMULATED DATA — NOT REAL FINANCIAL DATA
TXN001151,2026-09-12 14:02:28,2026-09-12,14:02:28,Saturday,14,17.437537,78.50091,ATM_HYD_304,Union Bank ATM - Patny Circle,Secunderabad Station Transit Hub,Hyderabad,30000,Branch_45,ATM_CASH_WITHDRAWAL,SYNTHETIC / SIMULATED DATA — NOT REAL FINANCIAL DATA
TXN001992,2026-09-12 14:47:51,2026-09-12,14:47:51,Saturday,14,17.436644,78.446667,ATM_HYD_104,Axis Bank ATM - Elephant House,Ameerpet Commercial Hub,Hyderabad,20000,Branch_19,ATM_CASH_WITHDRAWAL,SYNTHETIC / SIMULATED DATA — NOT REAL FINANCIAL DATA
TXN001941,2026-09-12 15:02:07,2026-09-12,15:02:07,Saturday,15,17.438919,78.447855,ATM_HYD_104,Axis Bank ATM - Elephant House,Ameerpet Commercial Hub,Hyderabad,20000,Branch_39,ATM_CASH_WITHDRAWAL,SYNTHETIC / SIMULATED DATA — NOT REAL FINANCIAL DATA
TXN001663,2026-09-12 15:12:46,2026-09-12,15:12:46,Saturday,15,17.356725,78.475639,ATM_HYD_503,HDFC Bank Kiosk - Nayapul Bridge,Charminar Heritage Bazaar,Hyderabad,10000,Branch_33,ATM_CASH_WITHDRAWAL,SYNTHETIC / SIMULATED DATA — NOT REAL FINANCIAL DATA
TXN001890,2026-09-12 16:00:37,2026-09-12,16:00:37,Saturday,16,17.364313,78.473841,ATM_HYD_501,Bank of India - Madina Market,Charminar Heritage Bazaar,Hyderabad,50000,Branch_16,ATM_CASH_WITHDRAWAL,SYNTHETIC / SIMULATED DATA — NOT REAL FINANCIAL DATA
TXN001786,2026-09-12 16:16:55,2026-09-12,16:16:55,Saturday,16,17.372465,78.524395,ATM_HYD_401,SBI Express ATM - Dilsukhnagar Metro,Dilsukhnagar Market Corridor,Hyderabad,30000,Branch_24,ATM_CASH_WITHDRAWAL,SYNTHETIC / SIMULATED DATA — NOT REAL FINANCIAL DATA
TXN001500,2026-09-12 16:31:05,2026-09-12,16:31:05,Saturday,16,17.371207,78.522807,ATM_HYD_401,SBI Express ATM - Dilsukhnagar Metro,Dilsukhnagar Market Corridor,Hyderabad,30000,Branch_25,ATM_CASH_WITHDRAWAL,SYNTHETIC / SIMULATED DATA — NOT REAL FINANCIAL DATA
TXN000257,2026-09-12 16:39:38,2026-09-12,16:39:38,Saturday,16,17.360115,78.477134,ATM_HYD_503,HDFC Bank Kiosk - Nayapul Bridge,Charminar Heritage Bazaar,Hyderabad,20000,Branch_21,ATM_CASH_WITHDRAWAL,SYNTHETIC / SIMULATED DATA — NOT REAL FINANCIAL DATA
TXN001065,2026-09-12 17:11:53,2026-09-12,17:11:53,Saturday,17,17.449454,78.388724,ATM_HYD_202,SBI ATM - Hitec City Metro Pillar 24,Madhapur Tech Corridor,Hyderabad,25000,Branch_34,ATM_CASH_WITHDRAWAL,SYNTHETIC / SIMULATED DATA — NOT REAL FINANCIAL DATA
TXN000844,2026-09-12 17:49:52,2026-09-12,17:49:52,Saturday,17,17.359772,78.471601,ATM_HYD_502,SBI ATM - Gulzar Houz,Charminar Heritage Bazaar,Hyderabad,30000,Branch_20,ATM_CASH_WITHDRAWAL,SYNTHETIC / SIMULATED DATA — NOT REAL FINANCIAL DATA
TXN002110,2026-09-12 17:50:43,2026-09-12,17:50:43,Saturday,17,17.366459,78.473804,ATM_HYD_502,SBI ATM - Gulzar Houz,Charminar Heritage Bazaar,Hyderabad,30000,Branch_43,ATM_CASH_WITHDRAWAL,SYNTHETIC / SIMULATED DATA — NOT REAL FINANCIAL DATA
TXN002182,2026-09-12 18:04:53,2026-09-12,18:04:53,Saturday,18,17.436907,78.448728,ATM_HYD_103,ICICI e-Lobby - Ameerpet Cross Roads,Ameerpet Commercial Hub,Hyderabad,40000,Branch_43,ATM_CASH_WITHDRAWAL,SYNTHETIC / SIMULATED DATA — NOT REAL FINANCIAL DATA
TXN002052,2026-09-12 18:49:24,2026-09-12,18:49:24,Saturday,18,17.448056,78.385001,ATM_HYD_204,ICICI Bank Express ATM - Madhapur Police Station,Madhapur Tech Corridor,Hyderabad,30000,Branch_17,ATM_CASH_WITHDRAWAL,SYNTHETIC / SIMULATED DATA — NOT REAL FINANCIAL DATA
TXN001332,2026-09-12 19:01:23,2026-09-12,19:01:23,Saturday,19,17.430462,78.496925,ATM_HYD_302,Bank of Baroda ATM - Clock Tower Cir,Secunderabad Station Transit Hub,Hyderabad,8000,Branch_29,ATM_CASH_WITHDRAWAL,SYNTHETIC / SIMULATED DATA — NOT REAL FINANCIAL DATA
TXN001465,2026-09-12 19:15:04,2026-09-12,19:15:04,Saturday,19,17.35559,78.473233,ATM_HYD_502,SBI ATM - Gulzar Houz,Charminar Heritage Bazaar,Hyderabad,10000,Branch_44,ATM_CASH_WITHDRAWAL,SYNTHETIC / SIMULATED DATA — NOT REAL FINANCIAL DATA
TXN000079,2026-09-12 19:15:17,2026-09-12,19:15:17,Saturday,19,17.445467,78.39253,ATM_HYD_203,HDFC Bank E-Corner - Inorbit Road,Madhapur Tech Corridor,Hyderabad,20000,Branch_44,ATM_CASH_WITHDRAWAL,SYNTHETIC / SIMULATED DATA — NOT REAL FINANCIAL DATA
TXN001711,2026-09-12 19:28:44,2026-09-12,19:28:44,Saturday,19,17.436616,78.443563,ATM_HYD_104,Axis Bank ATM - Elephant House,Ameerpet Commercial Hub,Hyderabad,10000,Branch_32,ATM_CASH_WITHDRAWAL,SYNTHETIC / SIMULATED DATA — NOT REAL FINANCIAL DATA
TXN002127,2026-09-12 19:36:12,2026-09-12,19:36:12,Saturday,19,17.438444,78.501807,ATM_HYD_304,Union Bank ATM - Patny Circle,Secunderabad Station Transit Hub,Hyderabad,20000,Branch_43,ATM_CASH_WITHDRAWAL,SYNTHETIC / SIMULATED DATA — NOT REAL FINANCIAL DATA
TXN002078,2026-09-12 19:41:49,2026-09-12,19:41:49,Saturday,19,17.450308,78.394233,ATM_HYD_205,IndusInd Bank 24/7 ATM - Kavuri Hills,Madhapur Tech Corridor,Hyderabad,50000,Branch_31,ATM_CASH_WITHDRAWAL,SYNTHETIC / SIMULATED DATA — NOT REAL FINANCIAL DATA
TXN000777,2026-09-12 19:44:31,2026-09-12,19:44:31,Saturday,19,17.443351,78.448941,ATM_HYD_104,Axis Bank ATM - Elephant House,Ameerpet Commercial Hub,Hyderabad,20000,Branch_21,ATM_CASH_WITHDRAWAL,SYNTHETIC / SIMULATED DATA — NOT REAL FINANCIAL DATA
TXN000063,2026-09-12 20:07:24,2026-09-12,20:07:24,Saturday,20,17.364591,78.526482,ATM_HYD_403,HDFC Cash Machine - Malakpet Link,Dilsukhnagar Market Corridor,Hyderabad,20000,Branch_22,ATM_CASH_WITHDRAWAL,SYNTHETIC / SIMULATED DATA — NOT REAL FINANCIAL DATA
TXN001908,2026-09-12 20:22:37,2026-09-12,20:22:37,Saturday,20,17.455773,78.391648,ATM_HYD_203,HDFC Bank E-Corner - Inorbit Road,Madhapur Tech Corridor,Hyderabad,20000,Branch_43,ATM_CASH_WITHDRAWAL,SYNTHETIC / SIMULATED DATA — NOT REAL FINANCIAL DATA
TXN001616,2026-09-12 20:39:59,2026-09-12,20:39:59,Saturday,20,17.436154,78.503391,ATM_HYD_303,SBI Multi-Service Lounge - Station Rd,Secunderabad Station Transit Hub,Hyderabad,50000,Branch_16,ATM_CASH_WITHDRAWAL,SYNTHETIC / SIMULATED DATA — NOT REAL FINANCIAL DATA
TXN000650,2026-09-12 20:43:07,2026-09-12,20:43:07,Saturday,20,17.450718,78.383003,ATM_HYD_204,ICICI Bank Express ATM - Madhapur Police Station,Madhapur Tech Corridor,Hyderabad,25000,Branch_49,ATM_CASH_WITHDRAWAL,SYNTHETIC / SIMULATED DATA — NOT REAL FINANCIAL DATA
TXN000076,2026-09-12 20:57:32,2026-09-12,20:57:32,Saturday,20,17.444101,78.501028,ATM_HYD_303,SBI Multi-Service Lounge - Station Rd,Secunderabad Station Transit Hub,Hyderabad,40000,Branch_45,ATM_CASH_WITHDRAWAL,SYNTHETIC / SIMULATED DATA — NOT REAL FINANCIAL DATA
TXN001910,2026-09-12 21:43:50,2026-09-12,21:43:50,Saturday,21,17.437295,78.457199,ATM_HYD_102,HDFC 24x7 Cash Point - Maitrivanam,Ameerpet Commercial Hub,Hyderabad,25000,Branch_31,ATM_CASH_WITHDRAWAL,SYNTHETIC / SIMULATED DATA — NOT REAL FINANCIAL DATA
TXN001034,2026-09-12 21:46:57,2026-09-12,21:46:57,Saturday,21,17.432938,78.448004,ATM_HYD_104,Axis Bank ATM - Elephant House,Ameerpet Commercial Hub,Hyderabad,25000,Branch_36,ATM_CASH_WITHDRAWAL,SYNTHETIC / SIMULATED DATA — NOT REAL FINANCIAL DATA
TXN000713,2026-09-12 23:43:32,2026-09-12,23:43:32,Saturday,23,17.446225,78.392199,ATM_HYD_203,HDFC Bank E-Corner - Inorbit Road,Madhapur Tech Corridor,Hyderabad,10000,Branch_25,ATM_CASH_WITHDRAWAL,SYNTHETIC / SIMULATED DATA — NOT REAL FINANCIAL DATA
TXN000832,2026-09-13 00:16:30,2026-09-13,00:16:30,Sunday,0,17.446948,78.397053,ATM_HYD_203,HDFC Bank E-Corner - Inorbit Road,Madhapur Tech Corridor,Hyderabad,25000,Branch_27,ATM_CASH_WITHDRAWAL,SYNTHETIC / SIMULATED DATA — NOT REAL FINANCIAL DATA
TXN000632,2026-09-13 00:24:48,2026-09-13,00:24:48,Sunday,0,17.373484,78.520508,ATM_HYD_402,Andhra Bank (UBI) ATM - Chaitanyapuri,Dilsukhnagar Market Corridor,Hyderabad,20000,Branch_33,ATM_CASH_WITHDRAWAL,SYNTHETIC / SIMULATED DATA — NOT REAL FINANCIAL DATA
TXN001802,2026-09-13 04:56:33,2026-09-13,04:56:33,Sunday,4,17.432426,78.495147,ATM_HYD_302,Bank of Baroda ATM - Clock Tower Cir,Secunderabad Station Transit Hub,Hyderabad,10000,Branch_33,ATM_CASH_WITHDRAWAL,SYNTHETIC / SIMULATED DATA — NOT REAL FINANCIAL DATA
TXN000269,2026-09-13 05:11:03,2026-09-13,05:11:03,Sunday,5,17.452337,78.392851,ATM_HYD_202,SBI ATM - Hitec City Metro Pillar 24,Madhapur Tech Corridor,Hyderabad,40000,Branch_30,ATM_CASH_WITHDRAWAL,SYNTHETIC / SIMULATED DATA — NOT REAL FINANCIAL DATA
TXN001164,2026-09-13 05:57:21,2026-09-13,05:57:21,Sunday,5,17.439279,78.496663,ATM_HYD_304,Union Bank ATM - Patny Circle,Secunderabad Station Transit Hub,Hyderabad,20000,Branch_46,ATM_CASH_WITHDRAWAL,SYNTHETIC / SIMULATED DATA — NOT REAL FINANCIAL DATA
TXN002342,2026-09-13 06:11:29,2026-09-13,06:11:29,Sunday,6,17.412834,78.508258,ATM_HYD_905,Highway Kiosk - Patancheru Depot,Isolated / Peripheral Zone,Hyderabad,20000,Branch_91,ATM_CASH_WITHDRAWAL,SYNTHETIC / SIMULATED DATA — NOT REAL FINANCIAL DATA
TXN001515,2026-09-13 06:43:08,2026-09-13,06:43:08,Sunday,6,17.438976,78.444332,ATM_HYD_102,HDFC 24x7 Cash Point - Maitrivanam,Ameerpet Commercial Hub,Hyderabad,25000,Branch_49,ATM_CASH_WITHDRAWAL,SYNTHETIC / SIMULATED DATA — NOT REAL FINANCIAL DATA
TXN002033,2026-09-13 06:53:00,2026-09-13,06:53:00,Sunday,6,17.4461,78.385072,ATM_HYD_203,HDFC Bank E-Corner - Inorbit Road,Madhapur Tech Corridor,Hyderabad,20000,Branch_30,ATM_CASH_WITHDRAWAL,SYNTHETIC / SIMULATED DATA — NOT REAL FINANCIAL DATA
TXN002114,2026-09-13 07:16:17,2026-09-13,07:16:17,Sunday,7,17.364927,78.527883,ATM_HYD_403,HDFC Cash Machine - Malakpet Link,Dilsukhnagar Market Corridor,Hyderabad,25000,Branch_26,ATM_CASH_WITHDRAWAL,SYNTHETIC / SIMULATED DATA — NOT REAL FINANCIAL DATA
TXN000699,2026-09-13 08:38:29,2026-09-13,08:38:29,Sunday,8,17.440693,78.447677,ATM_HYD_102,HDFC 24x7 Cash Point - Maitrivanam,Ameerpet Commercial Hub,Hyderabad,25000,Branch_16,ATM_CASH_WITHDRAWAL,SYNTHETIC / SIMULATED DATA — NOT REAL FINANCIAL DATA
TXN000738,2026-09-13 09:25:21,2026-09-13,09:25:21,Sunday,9,17.367076,78.524361,ATM_HYD_404,Canara Bank ATM - Dilsukhnagar Bus Depot,Dilsukhnagar Market Corridor,Hyderabad,20000,Branch_28,ATM_CASH_WITHDRAWAL,SYNTHETIC / SIMULATED DATA — NOT REAL FINANCIAL DATA
TXN002258,2026-09-13 09:46:03,2026-09-13,09:46:03,Sunday,9,17.302588,78.476971,ATM_HYD_903,Market Yard Cash Point - Shamshabad Link,Isolated / Peripheral Zone,Hyderabad,25000,Branch_76,ATM_CASH_WITHDRAWAL,SYNTHETIC / SIMULATED DATA — NOT REAL FINANCIAL DATA
TXN001618,2026-09-13 11:42:18,2026-09-13,11:42:18,Sunday,11,17.442821,78.505202,ATM_HYD_301,Punjab National Bank - Railway Gate 1,Secunderabad Station Transit Hub,Hyderabad,30000,Branch_23,ATM_CASH_WITHDRAWAL,SYNTHETIC / SIMULATED DATA — NOT REAL FINANCIAL DATA
TXN002153,2026-09-13 11:45:55,2026-09-13,11:45:55,Sunday,11,17.445807,78.494537,ATM_HYD_304,Union Bank ATM - Patny Circle,Secunderabad Station Transit Hub,Hyderabad,20000,Branch_14,ATM_CASH_WITHDRAWAL,SYNTHETIC / SIMULATED DATA — NOT REAL FINANCIAL DATA
TXN000261,2026-09-13 11:46:55,2026-09-13,11:46:55,Sunday,11,17.442748,78.503084,ATM_HYD_302,Bank of Baroda ATM - Clock Tower Cir,Secunderabad Station Transit Hub,Hyderabad,40000,Branch_49,ATM_CASH_WITHDRAWAL,SYNTHETIC / SIMULATED DATA — NOT REAL FINANCIAL DATA
TXN002386,2026-09-13 11:53:25,2026-09-13,11:53:25,Sunday,11,17.35842,78.472967,ATM_HYD_901,Rural Kiosk - Outer Ring Road Exit 4,Isolated / Peripheral Zone,Hyderabad,40000,Branch_91,ATM_CASH_WITHDRAWAL,SYNTHETIC / SIMULATED DATA — NOT REAL FINANCIAL DATA
TXN000106,2026-09-13 12:19:20,2026-09-13,12:19:20,Sunday,12,17.434793,78.45192,ATM_HYD_104,Axis Bank ATM - Elephant House,Ameerpet Commercial Hub,Hyderabad,8000,Branch_35,ATM_CASH_WITHDRAWAL,SYNTHETIC / SIMULATED DATA — NOT REAL FINANCIAL DATA
TXN000182,2026-09-13 12:33:25,2026-09-13,12:33:25,Sunday,12,17.435991,78.451365,ATM_HYD_104,Axis Bank ATM - Elephant House,Ameerpet Commercial Hub,Hyderabad,25000,Branch_16,ATM_CASH_WITHDRAWAL,SYNTHETIC / SIMULATED DATA — NOT REAL FINANCIAL DATA
TXN002219,2026-09-13 14:05:06,2026-09-13,14:05:06,Sunday,14,17.374411,78.527957,ATM_HYD_403,HDFC Cash Machine - Malakpet Link,Dilsukhnagar Market Corridor,Hyderabad,50000,Branch_27,ATM_CASH_WITHDRAWAL,SYNTHETIC / SIMULATED DATA — NOT REAL FINANCIAL DATA
TXN001804,2026-09-13 14:10:16,2026-09-13,14:10:16,Sunday,14,17.43301,78.446692,ATM_HYD_102,HDFC 24x7 Cash Point - Maitrivanam,Ameerpet Commercial Hub,Hyderabad,25000,Branch_18,ATM_CASH_WITHDRAWAL,SYNTHETIC / SIMULATED DATA — NOT REAL FINANCIAL DATA
TXN002002,2026-09-13 14:15:16,2026-09-13,14:15:16,Sunday,14,17.439379,78.451317,ATM_HYD_101,SBI Kiosk - Ameerpet Metro Junction,Ameerpet Commercial Hub,Hyderabad,30000,Branch_21,ATM_CASH_WITHDRAWAL,SYNTHETIC / SIMULATED DATA — NOT REAL FINANCIAL DATA
TXN001022,2026-09-13 14:34:19,2026-09-13,14:34:19,Sunday,14,17.442955,78.443318,ATM_HYD_103,ICICI e-Lobby - Ameerpet Cross Roads,Ameerpet Commercial Hub,Hyderabad,23000,Branch_35,ATM_CASH_WITHDRAWAL,SYNTHETIC / SIMULATED DATA — NOT REAL FINANCIAL DATA
TXN000102,2026-09-13 14:36:39,2026-09-13,14:36:39,Sunday,14,17.433293,78.501694,ATM_HYD_303,SBI Multi-Service Lounge - Station Rd,Secunderabad Station Transit Hub,Hyderabad,10000,Branch_31,ATM_CASH_WITHDRAWAL,SYNTHETIC / SIMULATED DATA — NOT REAL FINANCIAL DATA
TXN000730,2026-09-13 14:36:43,2026-09-13,14:36:43,Sunday,14,17.43686,78.448928,ATM_HYD_103,ICICI e-Lobby - Ameerpet Cross Roads,Ameerpet Commercial Hub,Hyderabad,40000,Branch_16,ATM_CASH_WITHDRAWAL,SYNTHETIC / SIMULATED DATA — NOT REAL FINANCIAL DATA
TXN001344,2026-09-13 14:38:51,2026-09-13,14:38:51,Sunday,14,17.437065,78.498837,ATM_HYD_302,Bank of Baroda ATM - Clock Tower Cir,Secunderabad Station Transit Hub,Hyderabad,10000,Branch_31,ATM_CASH_WITHDRAWAL,SYNTHETIC / SIMULATED DATA — NOT REAL FINANCIAL DATA
TXN000174,2026-09-13 14:54:23,2026-09-13,14:54:23,Sunday,14,17.432643,78.454755,ATM_HYD_102,HDFC 24x7 Cash Point - Maitrivanam,Ameerpet Commercial Hub,Hyderabad,30000,Branch_33,ATM_CASH_WITHDRAWAL,SYNTHETIC / SIMULATED DATA — NOT REAL FINANCIAL DATA
TXN000684,2026-09-13 14:55:30,2026-09-13,14:55:30,Sunday,14,17.441894,78.500412,ATM_HYD_302,Bank of Baroda ATM - Clock Tower Cir,Secunderabad Station Transit Hub,Hyderabad,15000,Branch_36,ATM_CASH_WITHDRAWAL,SYNTHETIC / SIMULATED DATA — NOT REAL FINANCIAL DATA
TXN000961,2026-09-13 14:57:42,2026-09-13,14:57:42,Sunday,14,17.43924,78.450448,ATM_HYD_105,Canara Bank Express ATM - SR Nagar,Ameerpet Commercial Hub,Hyderabad,12000,Branch_13,ATM_CASH_WITHDRAWAL,SYNTHETIC / SIMULATED DATA — NOT REAL FINANCIAL DATA
TXN002150,2026-09-13 14:59:34,2026-09-13,14:59:34,Sunday,14,17.36692,78.521703,ATM_HYD_402,Andhra Bank (UBI) ATM - Chaitanyapuri,Dilsukhnagar Market Corridor,Hyderabad,25000,Branch_17,ATM_CASH_WITHDRAWAL,SYNTHETIC / SIMULATED DATA — NOT REAL FINANCIAL DATA
TXN000936,2026-09-13 15:33:43,2026-09-13,15:33:43,Sunday,15,17.435922,78.449649,ATM_HYD_103,ICICI e-Lobby - Ameerpet Cross Roads,Ameerpet Commercial Hub,Hyderabad,10000,Branch_16,ATM_CASH_WITHDRAWAL,SYNTHETIC / SIMULATED DATA — NOT REAL FINANCIAL DATA
TXN002188,2026-09-13 15:48:35,2026-09-13,15:48:35,Sunday,15,17.440045,78.493899,ATM_HYD_304,Union Bank ATM - Patny Circle,Secunderabad Station Transit Hub,Hyderabad,10000,Branch_41,ATM_CASH_WITHDRAWAL,SYNTHETIC / SIMULATED DATA — NOT REAL FINANCIAL DATA
TXN001813,2026-09-13 16:00:07,2026-09-13,16:00:07,Sunday,16,17.438717,78.444311,ATM_HYD_104,Axis Bank ATM - Elephant House,Ameerpet Commercial Hub,Hyderabad,20000,Branch_40,ATM_CASH_WITHDRAWAL,SYNTHETIC / SIMULATED DATA — NOT REAL FINANCIAL DATA
TXN000353,2026-09-13 16:04:45,2026-09-13,16:04:45,Sunday,16,17.443127,78.499414,ATM_HYD_301,Punjab National Bank - Railway Gate 1,Secunderabad Station Transit Hub,Hyderabad,50000,Branch_22,ATM_CASH_WITHDRAWAL,SYNTHETIC / SIMULATED DATA — NOT REAL FINANCIAL DATA
TXN000034,2026-09-13 16:17:29,2026-09-13,16:17:29,Sunday,16,17.368838,78.473325,ATM_HYD_503,HDFC Bank Kiosk - Nayapul Bridge,Charminar Heritage Bazaar,Hyderabad,10000,Branch_14,ATM_CASH_WITHDRAWAL,SYNTHETIC / SIMULATED DATA — NOT REAL FINANCIAL DATA
TXN000796,2026-09-13 17:00:46,2026-09-13,17:00:46,Sunday,17,17.369064,78.525145,ATM_HYD_403,HDFC Cash Machine - Malakpet Link,Dilsukhnagar Market Corridor,Hyderabad,27000,Branch_48,ATM_CASH_WITHDRAWAL,SYNTHETIC / SIMULATED DATA — NOT REAL FINANCIAL DATA
TXN001728,2026-09-13 17:08:29,2026-09-13,17:08:29,Sunday,17,17.362685,78.470587,ATM_HYD_503,HDFC Bank Kiosk - Nayapul Bridge,Charminar Heritage Bazaar,Hyderabad,20000,Branch_39,ATM_CASH_WITHDRAWAL,SYNTHETIC / SIMULATED DATA — NOT REAL FINANCIAL DATA
TXN001858,2026-09-13 17:25:49,2026-09-13,17:25:49,Sunday,17,17.448992,78.388278,ATM_HYD_201,Kotak ATM - Cyber Towers Concourse,Madhapur Tech Corridor,Hyderabad,40000,Branch_33,ATM_CASH_WITHDRAWAL,SYNTHETIC / SIMULATED DATA — NOT REAL FINANCIAL DATA
TXN000028,2026-09-13 18:04:21,2026-09-13,18:04:21,Sunday,18,17.450675,78.390085,ATM_HYD_205,IndusInd Bank 24/7 ATM - Kavuri Hills,Madhapur Tech Corridor,Hyderabad,30000,Branch_24,ATM_CASH_WITHDRAWAL,SYNTHETIC / SIMULATED DATA — NOT REAL FINANCIAL DATA
TXN000234,2026-09-13 18:19:51,2026-09-13,18:19:51,Sunday,18,17.447729,78.391976,ATM_HYD_203,HDFC Bank E-Corner - Inorbit Road,Madhapur Tech Corridor,Hyderabad,25000,Branch_22,ATM_CASH_WITHDRAWAL,SYNTHETIC / SIMULATED DATA — NOT REAL FINANCIAL DATA
TXN001416,2026-09-13 18:25:47,2026-09-13,18:25:47,Sunday,18,17.362578,78.475606,ATM_HYD_503,HDFC Bank Kiosk - Nayapul Bridge,Charminar Heritage Bazaar,Hyderabad,50000,Branch_15,ATM_CASH_WITHDRAWAL,SYNTHETIC / SIMULATED DATA — NOT REAL FINANCIAL DATA
TXN001082,2026-09-13 18:28:29,2026-09-13,18:28:29,Sunday,18,17.440901,78.447117,ATM_HYD_104,Axis Bank ATM - Elephant House,Ameerpet Commercial Hub,Hyderabad,18000,Branch_45,ATM_CASH_WITHDRAWAL,SYNTHETIC / SIMULATED DATA — NOT REAL FINANCIAL DATA
TXN001138,2026-09-13 18:51:06,2026-09-13,18:51:06,Sunday,18,17.446564,78.38652,ATM_HYD_205,IndusInd Bank 24/7 ATM - Kavuri Hills,Madhapur Tech Corridor,Hyderabad,10000,Branch_39,ATM_CASH_WITHDRAWAL,SYNTHETIC / SIMULATED DATA — NOT REAL FINANCIAL DATA
TXN001017,2026-09-13 19:08:57,2026-09-13,19:08:57,Sunday,19,17.440721,78.451237,ATM_HYD_105,Canara Bank Express ATM - SR Nagar,Ameerpet Commercial Hub,Hyderabad,15000,Branch_20,ATM_CASH_WITHDRAWAL,SYNTHETIC / SIMULATED DATA — NOT REAL FINANCIAL DATA
TXN002450,2026-09-13 19:22:11,2026-09-13,19:22:11,Sunday,19,17.326757,78.420848,ATM_HYD_902,Petrol Pump ATM - Medchal Highway,Isolated / Peripheral Zone,Hyderabad,20000,Branch_89,ATM_CASH_WITHDRAWAL,SYNTHETIC / SIMULATED DATA — NOT REAL FINANCIAL DATA
TXN001602,2026-09-13 19:53:13,2026-09-13,19:53:13,Sunday,19,17.445143,78.39319,ATM_HYD_203,HDFC Bank E-Corner - Inorbit Road,Madhapur Tech Corridor,Hyderabad,10000,Branch_26,ATM_CASH_WITHDRAWAL,SYNTHETIC / SIMULATED DATA — NOT REAL FINANCIAL DATA
TXN002207,2026-09-13 20:11:18,2026-09-13,20:11:18,Sunday,20,17.43504,78.45063,ATM_HYD_105,Canara Bank Express ATM - SR Nagar,Ameerpet Commercial Hub,Hyderabad,15000,Branch_45,ATM_CASH_WITHDRAWAL,SYNTHETIC / SIMULATED DATA — NOT REAL FINANCIAL DATA
TXN000941,2026-09-13 20:18:16,2026-09-13,20:18:16,Sunday,20,17.43796,78.450134,ATM_HYD_101,SBI Kiosk - Ameerpet Metro Junction,Ameerpet Commercial Hub,Hyderabad,40000,Branch_11,ATM_CASH_WITHDRAWAL,SYNTHETIC / SIMULATED DATA — NOT REAL FINANCIAL DATA
TXN001837,2026-09-13 20:27:07,2026-09-13,20:27:07,Sunday,20,17.438832,78.446659,ATM_HYD_104,Axis Bank ATM - Elephant House,Ameerpet Commercial Hub,Hyderabad,30000,Branch_30,ATM_CASH_WITHDRAWAL,SYNTHETIC / SIMULATED DATA — NOT REAL FINANCIAL DATA
TXN001414,2026-09-13 20:55:30,2026-09-13,20:55:30,Sunday,20,17.431814,78.449083,ATM_HYD_103,ICICI e-Lobby - Ameerpet Cross Roads,Ameerpet Commercial Hub,Hyderabad,10000,Branch_22,ATM_CASH_WITHDRAWAL,SYNTHETIC / SIMULATED DATA — NOT REAL FINANCIAL DATA
TXN002077,2026-09-13 21:28:44,2026-09-13,21:28:44,Sunday,21,17.434223,78.450903,ATM_HYD_104,Axis Bank ATM - Elephant House,Ameerpet Commercial Hub,Hyderabad,50000,Branch_26,ATM_CASH_WITHDRAWAL,SYNTHETIC / SIMULATED DATA — NOT REAL FINANCIAL DATA
TXN000634,2026-09-13 22:04:11,2026-09-13,22:04:11,Sunday,22,17.443815,78.39192,ATM_HYD_203,HDFC Bank E-Corner - Inorbit Road,Madhapur Tech Corridor,Hyderabad,20000,Branch_42,ATM_CASH_WITHDRAWAL,SYNTHETIC / SIMULATED DATA — NOT REAL FINANCIAL DATA
TXN002420,2026-09-14 01:05:26,2026-09-14,01:05:26,Monday,1,17.470975,78.387247,ATM_HYD_902,Petrol Pump ATM - Medchal Highway,Isolated / Peripheral Zone,Hyderabad,25000,Branch_94,ATM_CASH_WITHDRAWAL,SYNTHETIC / SIMULATED DATA — NOT REAL FINANCIAL DATA
TXN000860,2026-09-14 05:00:50,2026-09-14,05:00:50,Monday,5,17.438203,78.452373,ATM_HYD_102,HDFC 24x7 Cash Point - Maitrivanam,Ameerpet Commercial Hub,Hyderabad,10000,Branch_12,ATM_CASH_WITHDRAWAL,SYNTHETIC / SIMULATED DATA — NOT REAL FINANCIAL DATA
TXN002294,2026-09-14 06:25:29,2026-09-14,06:25:29,Monday,6,17.490895,78.330535,ATM_HYD_903,Market Yard Cash Point - Shamshabad Link,Isolated / Peripheral Zone,Hyderabad,20000,Branch_62,ATM_CASH_WITHDRAWAL,SYNTHETIC / SIMULATED DATA — NOT REAL FINANCIAL DATA
TXN002391,2026-09-14 07:09:25,2026-09-14,07:09:25,Monday,7,17.38412,78.56364,ATM_HYD_904,Express ATM - Uppal Outskirts,Isolated / Peripheral Zone,Hyderabad,20000,Branch_84,ATM_CASH_WITHDRAWAL,SYNTHETIC / SIMULATED DATA — NOT REAL FINANCIAL DATA
TXN001784,2026-09-14 11:29:02,2026-09-14,11:29:02,Monday,11,17.439569,78.501138,ATM_HYD_304,Union Bank ATM - Patny Circle,Secunderabad Station Transit Hub,Hyderabad,30000,Branch_40,ATM_CASH_WITHDRAWAL,SYNTHETIC / SIMULATED DATA — NOT REAL FINANCIAL DATA
TXN001345,2026-09-14 11:47:05,2026-09-14,11:47:05,Monday,11,17.440389,78.504552,ATM_HYD_304,Union Bank ATM - Patny Circle,Secunderabad Station Transit Hub,Hyderabad,25000,Branch_39,ATM_CASH_WITHDRAWAL,SYNTHETIC / SIMULATED DATA — NOT REAL FINANCIAL DATA
TXN001631,2026-09-14 13:11:15,2026-09-14,13:11:15,Monday,13,17.444345,78.501771,ATM_HYD_302,Bank of Baroda ATM - Clock Tower Cir,Secunderabad Station Transit Hub,Hyderabad,40000,Branch_24,ATM_CASH_WITHDRAWAL,SYNTHETIC / SIMULATED DATA — NOT REAL FINANCIAL DATA
TXN002190,2026-09-14 13:14:09,2026-09-14,13:14:09,Monday,13,17.440984,78.504699,ATM_HYD_302,Bank of Baroda ATM - Clock Tower Cir,Secunderabad Station Transit Hub,Hyderabad,25000,Branch_21,ATM_CASH_WITHDRAWAL,SYNTHETIC / SIMULATED DATA — NOT REAL FINANCIAL DATA
TXN000855,2026-09-14 13:38:38,2026-09-14,13:38:38,Monday,13,17.438702,78.44923,ATM_HYD_104,Axis Bank ATM - Elephant House,Ameerpet Commercial Hub,Hyderabad,25000,Branch_27,ATM_CASH_WITHDRAWAL,SYNTHETIC / SIMULATED DATA — NOT REAL FINANCIAL DATA
TXN000184,2026-09-14 14:03:30,2026-09-14,14:03:30,Monday,14,17.369175,78.528475,ATM_HYD_403,HDFC Cash Machine - Malakpet Link,Dilsukhnagar Market Corridor,Hyderabad,20000,Branch_37,ATM_CASH_WITHDRAWAL,SYNTHETIC / SIMULATED DATA — NOT REAL FINANCIAL DATA
TXN000999,2026-09-14 14:12:23,2026-09-14,14:12:23,Monday,14,17.356678,78.473008,ATM_HYD_501,Bank of India - Madina Market,Charminar Heritage Bazaar,Hyderabad,30000,Branch_11,ATM_CASH_WITHDRAWAL,SYNTHETIC / SIMULATED DATA — NOT REAL FINANCIAL DATA
TXN000133,2026-09-14 14:33:23,2026-09-14,14:33:23,Monday,14,17.437821,78.45332,ATM_HYD_105,Canara Bank Express ATM - SR Nagar,Ameerpet Commercial Hub,Hyderabad,20000,Branch_41,ATM_CASH_WITHDRAWAL,SYNTHETIC / SIMULATED DATA — NOT REAL FINANCIAL DATA
TXN000343,2026-09-14 15:12:59,2026-09-14,15:12:59,Monday,15,17.439275,78.445292,ATM_HYD_102,HDFC 24x7 Cash Point - Maitrivanam,Ameerpet Commercial Hub,Hyderabad,20000,Branch_17,ATM_CASH_WITHDRAWAL,SYNTHETIC / SIMULATED DATA — NOT REAL FINANCIAL DATA
TXN001948,2026-09-14 15:23:02,2026-09-14,15:23:02,Monday,15,17.431918,78.444608,ATM_HYD_105,Canara Bank Express ATM - SR Nagar,Ameerpet Commercial Hub,Hyderabad,25000,Branch_16,ATM_CASH_WITHDRAWAL,SYNTHETIC / SIMULATED DATA — NOT REAL FINANCIAL DATA
TXN000210,2026-09-14 16:06:12,2026-09-14,16:06:12,Monday,16,17.434358,78.447275,ATM_HYD_102,HDFC 24x7 Cash Point - Maitrivanam,Ameerpet Commercial Hub,Hyderabad,40000,Branch_15,ATM_CASH_WITHDRAWAL,SYNTHETIC / SIMULATED DATA — NOT REAL FINANCIAL DATA
TXN000990,2026-09-14 16:14:56,2026-09-14,16:14:56,Monday,16,17.364885,78.526643,ATM_HYD_404,Canara Bank ATM - Dilsukhnagar Bus Depot,Dilsukhnagar Market Corridor,Hyderabad,10000,Branch_20,ATM_CASH_WITHDRAWAL,SYNTHETIC / SIMULATED DATA — NOT REAL FINANCIAL DATA
TXN001053,2026-09-14 17:01:21,2026-09-14,17:01:21,Monday,17,17.364171,78.476192,ATM_HYD_502,SBI ATM - Gulzar Houz,Charminar Heritage Bazaar,Hyderabad,8000,Branch_11,ATM_CASH_WITHDRAWAL,SYNTHETIC / SIMULATED DATA — NOT REAL FINANCIAL DATA
TXN000283,2026-09-14 17:10:28,2026-09-14,17:10:28,Monday,17,17.444848,78.391885,ATM_HYD_203,HDFC Bank E-Corner - Inorbit Road,Madhapur Tech Corridor,Hyderabad,20000,Branch_39,ATM_CASH_WITHDRAWAL,SYNTHETIC / SIMULATED DATA — NOT REAL FINANCIAL DATA
TXN001619,2026-09-14 17:12:54,2026-09-14,17:12:54,Monday,17,17.446191,78.388182,ATM_HYD_202,SBI ATM - Hitec City Metro Pillar 24,Madhapur Tech Corridor,Hyderabad,25000,Branch_17,ATM_CASH_WITHDRAWAL,SYNTHETIC / SIMULATED DATA — NOT REAL FINANCIAL DATA
TXN000874,2026-09-14 17:19:03,2026-09-14,17:19:03,Monday,17,17.448644,78.393184,ATM_HYD_202,SBI ATM - Hitec City Metro Pillar 24,Madhapur Tech Corridor,Hyderabad,20000,Branch_31,ATM_CASH_WITHDRAWAL,SYNTHETIC / SIMULATED DATA — NOT REAL FINANCIAL DATA
TXN000767,2026-09-14 17:49:21,2026-09-14,17:49:21,Monday,17,17.437017,78.494593,ATM_HYD_302,Bank of Baroda ATM - Clock Tower Cir,Secunderabad Station Transit Hub,Hyderabad,45000,Branch_23,ATM_CASH_WITHDRAWAL,SYNTHETIC / SIMULATED DATA — NOT REAL FINANCIAL DATA
TXN001816,2026-09-14 18:11:32,2026-09-14,18:11:32,Monday,18,17.358226,78.477069,ATM_HYD_503,HDFC Bank Kiosk - Nayapul Bridge,Charminar Heritage Bazaar,Hyderabad,10000,Branch_27,ATM_CASH_WITHDRAWAL,SYNTHETIC / SIMULATED DATA — NOT REAL FINANCIAL DATA
TXN001894,2026-09-14 18:47:55,2026-09-14,18:47:55,Monday,18,17.441026,78.443677,ATM_HYD_105,Canara Bank Express ATM - SR Nagar,Ameerpet Commercial Hub,Hyderabad,40000,Branch_44,ATM_CASH_WITHDRAWAL,SYNTHETIC / SIMULATED DATA — NOT REAL FINANCIAL DATA
TXN001947,2026-09-14 18:58:52,2026-09-14,18:58:52,Monday,18,17.448657,78.393196,ATM_HYD_203,HDFC Bank E-Corner - Inorbit Road,Madhapur Tech Corridor,Hyderabad,30000,Branch_43,ATM_CASH_WITHDRAWAL,SYNTHETIC / SIMULATED DATA — NOT REAL FINANCIAL DATA
TXN000298,2026-09-14 19:08:20,2026-09-14,19:08:20,Monday,19,17.433545,78.443339,ATM_HYD_105,Canara Bank Express ATM - SR Nagar,Ameerpet Commercial Hub,Hyderabad,10000,Branch_30,ATM_CASH_WITHDRAWAL,SYNTHETIC / SIMULATED DATA — NOT REAL FINANCIAL DATA
TXN000988,2026-09-14 19:08:29,2026-09-14,19:08:29,Monday,19,17.446276,78.389625,ATM_HYD_205,IndusInd Bank 24/7 ATM - Kavuri Hills,Madhapur Tech Corridor,Hyderabad,10000,Branch_32,ATM_CASH_WITHDRAWAL,SYNTHETIC / SIMULATED DATA — NOT REAL FINANCIAL DATA
TXN001433,2026-09-14 19:09:47,2026-09-14,19:09:47,Monday,19,17.448719,78.392996,ATM_HYD_204,ICICI Bank Express ATM - Madhapur Police Station,Madhapur Tech Corridor,Hyderabad,20000,Branch_12,ATM_CASH_WITHDRAWAL,SYNTHETIC / SIMULATED DATA — NOT REAL FINANCIAL DATA
TXN000336,2026-09-14 19:29:43,2026-09-14,19:29:43,Monday,19,17.436849,78.450052,ATM_HYD_104,Axis Bank ATM - Elephant House,Ameerpet Commercial Hub,Hyderabad,25000,Branch_11,ATM_CASH_WITHDRAWAL,SYNTHETIC / SIMULATED DATA — NOT REAL FINANCIAL DATA
TXN000398,2026-09-14 19:39:27,2026-09-14,19:39:27,Monday,19,17.44617,78.386083,ATM_HYD_201,Kotak ATM - Cyber Towers Concourse,Madhapur Tech Corridor,Hyderabad,25000,Branch_28,ATM_CASH_WITHDRAWAL,SYNTHETIC / SIMULATED DATA — NOT REAL FINANCIAL DATA
TXN001352,2026-09-14 20:44:43,2026-09-14,20:44:43,Monday,20,17.439108,78.499365,ATM_HYD_301,Punjab National Bank - Railway Gate 1,Secunderabad Station Transit Hub,Hyderabad,30000,Branch_34,ATM_CASH_WITHDRAWAL,SYNTHETIC / SIMULATED DATA — NOT REAL FINANCIAL DATA
TXN000895,2026-09-14 20:45:49,2026-09-14,20:45:49,Monday,20,17.440655,78.497677,ATM_HYD_301,Punjab National Bank - Railway Gate 1,Secunderabad Station Transit Hub,Hyderabad,40000,Branch_24,ATM_CASH_WITHDRAWAL,SYNTHETIC / SIMULATED DATA — NOT REAL FINANCIAL DATA
TXN001559,2026-09-14 20:59:58,2026-09-14,20:59:58,Monday,20,17.368408,78.52523,ATM_HYD_403,HDFC Cash Machine - Malakpet Link,Dilsukhnagar Market Corridor,Hyderabad,25000,Branch_23,ATM_CASH_WITHDRAWAL,SYNTHETIC / SIMULATED DATA — NOT REAL FINANCIAL DATA
TXN001981,2026-09-14 21:01:57,2026-09-14,21:01:57,Monday,21,17.440721,78.452947,ATM_HYD_102,HDFC 24x7 Cash Point - Maitrivanam,Ameerpet Commercial Hub,Hyderabad,45000,Branch_12,ATM_CASH_WITHDRAWAL,SYNTHETIC / SIMULATED DATA — NOT REAL FINANCIAL DATA
TXN000664,2026-09-14 21:19:31,2026-09-14,21:19:31,Monday,21,17.437199,78.449578,ATM_HYD_104,Axis Bank ATM - Elephant House,Ameerpet Commercial Hub,Hyderabad,10000,Branch_21,ATM_CASH_WITHDRAWAL,SYNTHETIC / SIMULATED DATA — NOT REAL FINANCIAL DATA
TXN000606,2026-09-14 21:28:05,2026-09-14,21:28:05,Monday,21,17.446503,78.388471,ATM_HYD_201,Kotak ATM - Cyber Towers Concourse,Madhapur Tech Corridor,Hyderabad,20000,Branch_38,ATM_CASH_WITHDRAWAL,SYNTHETIC / SIMULATED DATA — NOT REAL FINANCIAL DATA
TXN002072,2026-09-14 21:33:36,2026-09-14,21:33:36,Monday,21,17.448428,78.380781,ATM_HYD_203,HDFC Bank E-Corner - Inorbit Road,Madhapur Tech Corridor,Hyderabad,20000,Branch_27,ATM_CASH_WITHDRAWAL,SYNTHETIC / SIMULATED DATA — NOT REAL FINANCIAL DATA
TXN001355,2026-09-14 21:42:15,2026-09-14,21:42:15,Monday,21,17.44432,78.389297,ATM_HYD_204,ICICI Bank Express ATM - Madhapur Police Station,Madhapur Tech Corridor,Hyderabad,25000,Branch_38,ATM_CASH_WITHDRAWAL,SYNTHETIC / SIMULATED DATA — NOT REAL FINANCIAL DATA
TXN001936,2026-09-14 21:42:25,2026-09-14,21:42:25,Monday,21,17.366203,78.523102,ATM_HYD_404,Canara Bank ATM - Dilsukhnagar Bus Depot,Dilsukhnagar Market Corridor,Hyderabad,40000,Branch_13,ATM_CASH_WITHDRAWAL,SYNTHETIC / SIMULATED DATA — NOT REAL FINANCIAL DATA
TXN000714,2026-09-14 21:55:01,2026-09-14,21:55:01,Monday,21,17.448168,78.388872,ATM_HYD_203,HDFC Bank E-Corner - Inorbit Road,Madhapur Tech Corridor,Hyderabad,40000,Branch_26,ATM_CASH_WITHDRAWAL,SYNTHETIC / SIMULATED DATA — NOT REAL FINANCIAL DATA
TXN001152,2026-09-14 21:55:09,2026-09-14,21:55:09,Monday,21,17.372339,78.52223,ATM_HYD_404,Canara Bank ATM - Dilsukhnagar Bus Depot,Dilsukhnagar Market Corridor,Hyderabad,18000,Branch_23,ATM_CASH_WITHDRAWAL,SYNTHETIC / SIMULATED DATA — NOT REAL FINANCIAL DATA
TXN002271,2026-09-14 22:08:38,2026-09-14,22:08:38,Monday,22,17.406489,78.574567,ATM_HYD_905,Highway Kiosk - Patancheru Depot,Isolated / Peripheral Zone,Hyderabad,40000,Branch_96,ATM_CASH_WITHDRAWAL,SYNTHETIC / SIMULATED DATA — NOT REAL FINANCIAL DATA
TXN001956,2026-09-14 22:20:06,2026-09-14,22:20:06,Monday,22,17.358906,78.472058,ATM_HYD_502,SBI ATM - Gulzar Houz,Charminar Heritage Bazaar,Hyderabad,40000,Branch_11,ATM_CASH_WITHDRAWAL,SYNTHETIC / SIMULATED DATA — NOT REAL FINANCIAL DATA
TXN001487,2026-09-14 23:00:03,2026-09-14,23:00:03,Monday,23,17.451218,78.38613,ATM_HYD_201,Kotak ATM - Cyber Towers Concourse,Madhapur Tech Corridor,Hyderabad,25000,Branch_13,ATM_CASH_WITHDRAWAL,SYNTHETIC / SIMULATED DATA — NOT REAL FINANCIAL DATA
TXN001126,2026-09-14 23:03:41,2026-09-14,23:03:41,Monday,23,17.453501,78.387989,ATM_HYD_203,HDFC Bank E-Corner - Inorbit Road,Madhapur Tech Corridor,Hyderabad,40000,Branch_38,ATM_CASH_WITHDRAWAL,SYNTHETIC / SIMULATED DATA — NOT REAL FINANCIAL DATA
TXN002455,2026-09-14 23:17:15,2026-09-14,23:17:15,Monday,23,17.429231,78.552273,ATM_HYD_903,Market Yard Cash Point - Shamshabad Link,Isolated / Peripheral Zone,Hyderabad,50000,Branch_94,ATM_CASH_WITHDRAWAL,SYNTHETIC / SIMULATED DATA — NOT REAL FINANCIAL DATA
TXN002197,2026-09-14 23:50:26,2026-09-14,23:50:26,Monday,23,17.454663,78.38959,ATM_HYD_203,HDFC Bank E-Corner - Inorbit Road,Madhapur Tech Corridor,Hyderabad,25000,Branch_29,ATM_CASH_WITHDRAWAL,SYNTHETIC / SIMULATED DATA — NOT REAL FINANCIAL DATA
TXN001447,2026-09-15 00:26:17,2026-09-15,00:26:17,Tuesday,0,17.444142,78.502317,ATM_HYD_301,Punjab National Bank - Railway Gate 1,Secunderabad Station Transit Hub,Hyderabad,20000,Branch_27,ATM_CASH_WITHDRAWAL,SYNTHETIC / SIMULATED DATA — NOT REAL FINANCIAL DATA
TXN001000,2026-09-15 00:38:26,2026-09-15,00:38:26,Tuesday,0,17.449136,78.390312,ATM_HYD_204,ICICI Bank Express ATM - Madhapur Police Station,Madhapur Tech Corridor,Hyderabad,30000,Branch_35,ATM_CASH_WITHDRAWAL,SYNTHETIC / SIMULATED DATA — NOT REAL FINANCIAL DATA
TXN000215,2026-09-15 01:05:20,2026-09-15,01:05:20,Tuesday,1,17.436191,78.496691,ATM_HYD_304,Union Bank ATM - Patny Circle,Secunderabad Station Transit Hub,Hyderabad,25000,Branch_38,ATM_CASH_WITHDRAWAL,SYNTHETIC / SIMULATED DATA — NOT REAL FINANCIAL DATA
TXN000979,2026-09-15 01:42:06,2026-09-15,01:42:06,Tuesday,1,17.450306,78.388344,ATM_HYD_202,SBI ATM - Hitec City Metro Pillar 24,Madhapur Tech Corridor,Hyderabad,25000,Branch_27,ATM_CASH_WITHDRAWAL,SYNTHETIC / SIMULATED DATA — NOT REAL FINANCIAL DATA
TXN002066,2026-09-15 02:12:29,2026-09-15,02:12:29,Tuesday,2,17.36832,78.522816,ATM_HYD_404,Canara Bank ATM - Dilsukhnagar Bus Depot,Dilsukhnagar Market Corridor,Hyderabad,20000,Branch_44,ATM_CASH_WITHDRAWAL,SYNTHETIC / SIMULATED DATA — NOT REAL FINANCIAL DATA
TXN002290,2026-09-15 03:23:15,2026-09-15,03:23:15,Tuesday,3,17.451631,78.356721,ATM_HYD_902,Petrol Pump ATM - Medchal Highway,Isolated / Peripheral Zone,Hyderabad,40000,Branch_78,ATM_CASH_WITHDRAWAL,SYNTHETIC / SIMULATED DATA — NOT REAL FINANCIAL DATA
TXN002403,2026-09-15 07:09:08,2026-09-15,07:09:08,Tuesday,7,17.459591,78.347087,ATM_HYD_904,Express ATM - Uppal Outskirts,Isolated / Peripheral Zone,Hyderabad,50000,Branch_98,ATM_CASH_WITHDRAWAL,SYNTHETIC / SIMULATED DATA — NOT REAL FINANCIAL DATA
TXN000885,2026-09-15 07:53:58,2026-09-15,07:53:58,Tuesday,7,17.368781,78.528927,ATM_HYD_403,HDFC Cash Machine - Malakpet Link,Dilsukhnagar Market Corridor,Hyderabad,30000,Branch_29,ATM_CASH_WITHDRAWAL,SYNTHETIC / SIMULATED DATA — NOT REAL FINANCIAL DATA
TXN001643,2026-09-15 08:17:26,2026-09-15,08:17:26,Tuesday,8,17.440179,78.3898,ATM_HYD_203,HDFC Bank E-Corner - Inorbit Road,Madhapur Tech Corridor,Hyderabad,20000,Branch_42,ATM_CASH_WITHDRAWAL,SYNTHETIC / SIMULATED DATA — NOT REAL FINANCIAL DATA
TXN000748,2026-09-15 08:38:22,2026-09-15,08:38:22,Tuesday,8,17.447472,78.389367,ATM_HYD_204,ICICI Bank Express ATM - Madhapur Police Station,Madhapur Tech Corridor,Hyderabad,15000,Branch_27,ATM_CASH_WITHDRAWAL,SYNTHETIC / SIMULATED DATA — NOT REAL FINANCIAL DATA
TXN001779,2026-09-15 08:57:48,2026-09-15,08:57:48,Tuesday,8,17.446756,78.444803,ATM_HYD_104,Axis Bank ATM - Elephant House,Ameerpet Commercial Hub,Hyderabad,50000,Branch_18,ATM_CASH_WITHDRAWAL,SYNTHETIC / SIMULATED DATA — NOT REAL FINANCIAL DATA
TXN000086,2026-09-15 09:05:52,2026-09-15,09:05:52,Tuesday,9,17.44195,78.383862,ATM_HYD_202,SBI ATM - Hitec City Metro Pillar 24,Madhapur Tech Corridor,Hyderabad,10000,Branch_44,ATM_CASH_WITHDRAWAL,SYNTHETIC / SIMULATED DATA — NOT REAL FINANCIAL DATA
TXN002397,2026-09-15 09:19:01,2026-09-15,09:19:01,Tuesday,9,17.345011,78.375377,ATM_HYD_903,Market Yard Cash Point - Shamshabad Link,Isolated / Peripheral Zone,Hyderabad,10000,Branch_99,ATM_CASH_WITHDRAWAL,SYNTHETIC / SIMULATED DATA — NOT REAL FINANCIAL DATA
TXN000787,2026-09-15 10:39:24,2026-09-15,10:39:24,Tuesday,10,17.438891,78.496969,ATM_HYD_301,Punjab National Bank - Railway Gate 1,Secunderabad Station Transit Hub,Hyderabad,20000,Branch_36,ATM_CASH_WITHDRAWAL,SYNTHETIC / SIMULATED DATA — NOT REAL FINANCIAL DATA
TXN001916,2026-09-15 11:28:51,2026-09-15,11:28:51,Tuesday,11,17.439283,78.506512,ATM_HYD_302,Bank of Baroda ATM - Clock Tower Cir,Secunderabad Station Transit Hub,Hyderabad,30000,Branch_47,ATM_CASH_WITHDRAWAL,SYNTHETIC / SIMULATED DATA — NOT REAL FINANCIAL DATA
TXN002211,2026-09-15 12:49:01,2026-09-15,12:49:01,Tuesday,12,17.440188,78.503012,ATM_HYD_304,Union Bank ATM - Patny Circle,Secunderabad Station Transit Hub,Hyderabad,50000,Branch_33,ATM_CASH_WITHDRAWAL,SYNTHETIC / SIMULATED DATA — NOT REAL FINANCIAL DATA
TXN000763,2026-09-15 13:21:05,2026-09-15,13:21:05,Tuesday,13,17.438451,78.44878,ATM_HYD_103,ICICI e-Lobby - Ameerpet Cross Roads,Ameerpet Commercial Hub,Hyderabad,20000,Branch_19,ATM_CASH_WITHDRAWAL,SYNTHETIC / SIMULATED DATA — NOT REAL FINANCIAL DATA
TXN000148,2026-09-15 13:59:32,2026-09-15,13:59:32,Tuesday,13,17.448753,78.393284,ATM_HYD_201,Kotak ATM - Cyber Towers Concourse,Madhapur Tech Corridor,Hyderabad,15000,Branch_49,ATM_CASH_WITHDRAWAL,SYNTHETIC / SIMULATED DATA — NOT REAL FINANCIAL DATA
TXN002267,2026-09-15 14:36:09,2026-09-15,14:36:09,Tuesday,14,17.503616,78.537232,ATM_HYD_901,Rural Kiosk - Outer Ring Road Exit 4,Isolated / Peripheral Zone,Hyderabad,10000,Branch_70,ATM_CASH_WITHDRAWAL,SYNTHETIC / SIMULATED DATA — NOT REAL FINANCIAL DATA
TXN002059,2026-09-15 14:44:34,2026-09-15,14:44:34,Tuesday,14,17.438345,78.493792,ATM_HYD_302,Bank of Baroda ATM - Clock Tower Cir,Secunderabad Station Transit Hub,Hyderabad,18000,Branch_28,ATM_CASH_WITHDRAWAL,SYNTHETIC / SIMULATED DATA — NOT REAL FINANCIAL DATA
TXN001491,2026-09-15 15:23:27,2026-09-15,15:23:27,Tuesday,15,17.434452,78.445569,ATM_HYD_102,HDFC 24x7 Cash Point - Maitrivanam,Ameerpet Commercial Hub,Hyderabad,30000,Branch_44,ATM_CASH_WITHDRAWAL,SYNTHETIC / SIMULATED DATA — NOT REAL FINANCIAL DATA
TXN001600,2026-09-15 15:55:01,2026-09-15,15:55:01,Tuesday,15,17.37151,78.520687,ATM_HYD_404,Canara Bank ATM - Dilsukhnagar Bus Depot,Dilsukhnagar Market Corridor,Hyderabad,10000,Branch_37,ATM_CASH_WITHDRAWAL,SYNTHETIC / SIMULATED DATA — NOT REAL FINANCIAL DATA
TXN001831,2026-09-15 16:46:31,2026-09-15,16:46:31,Tuesday,16,17.359888,78.474426,ATM_HYD_502,SBI ATM - Gulzar Houz,Charminar Heritage Bazaar,Hyderabad,25000,Branch_22,ATM_CASH_WITHDRAWAL,SYNTHETIC / SIMULATED DATA — NOT REAL FINANCIAL DATA
TXN001356,2026-09-15 17:00:53,2026-09-15,17:00:53,Tuesday,17,17.371016,78.518861,ATM_HYD_402,Andhra Bank (UBI) ATM - Chaitanyapuri,Dilsukhnagar Market Corridor,Hyderabad,25000,Branch_20,ATM_CASH_WITHDRAWAL,SYNTHETIC / SIMULATED DATA — NOT REAL FINANCIAL DATA
TXN001752,2026-09-15 17:27:35,2026-09-15,17:27:35,Tuesday,17,17.43622,78.442949,ATM_HYD_105,Canara Bank Express ATM - SR Nagar,Ameerpet Commercial Hub,Hyderabad,25000,Branch_11,ATM_CASH_WITHDRAWAL,SYNTHETIC / SIMULATED DATA — NOT REAL FINANCIAL DATA
TXN000894,2026-09-15 17:52:51,2026-09-15,17:52:51,Tuesday,17,17.448891,78.392803,ATM_HYD_201,Kotak ATM - Cyber Towers Concourse,Madhapur Tech Corridor,Hyderabad,40000,Branch_39,ATM_CASH_WITHDRAWAL,SYNTHETIC / SIMULATED DATA — NOT REAL FINANCIAL DATA
TXN000501,2026-09-15 19:14:10,2026-09-15,19:14:10,Tuesday,19,17.43574,78.495183,ATM_HYD_301,Punjab National Bank - Railway Gate 1,Secunderabad Station Transit Hub,Hyderabad,30000,Branch_25,ATM_CASH_WITHDRAWAL,SYNTHETIC / SIMULATED DATA — NOT REAL FINANCIAL DATA
TXN001800,2026-09-15 19:28:20,2026-09-15,19:28:20,Tuesday,19,17.441183,78.44943,ATM_HYD_105,Canara Bank Express ATM - SR Nagar,Ameerpet Commercial Hub,Hyderabad,20000,Branch_46,ATM_CASH_WITHDRAWAL,SYNTHETIC / SIMULATED DATA — NOT REAL FINANCIAL DATA
TXN001188,2026-09-15 19:41:22,2026-09-15,19:41:22,Tuesday,19,17.436121,78.442827,ATM_HYD_104,Axis Bank ATM - Elephant House,Ameerpet Commercial Hub,Hyderabad,15000,Branch_37,ATM_CASH_WITHDRAWAL,SYNTHETIC / SIMULATED DATA — NOT REAL FINANCIAL DATA
TXN002029,2026-09-15 20:04:20,2026-09-15,20:04:20,Tuesday,20,17.439948,78.446601,ATM_HYD_101,SBI Kiosk - Ameerpet Metro Junction,Ameerpet Commercial Hub,Hyderabad,20000,Branch_36,ATM_CASH_WITHDRAWAL,SYNTHETIC / SIMULATED DATA — NOT REAL FINANCIAL DATA
TXN001620,2026-09-15 20:45:50,2026-09-15,20:45:50,Tuesday,20,17.438752,78.4963,ATM_HYD_303,SBI Multi-Service Lounge - Station Rd,Secunderabad Station Transit Hub,Hyderabad,30000,Branch_10,ATM_CASH_WITHDRAWAL,SYNTHETIC / SIMULATED DATA — NOT REAL FINANCIAL DATA
TXN000753,2026-09-15 20:59:31,2026-09-15,20:59:31,Tuesday,20,17.438583,78.501229,ATM_HYD_303,SBI Multi-Service Lounge - Station Rd,Secunderabad Station Transit Hub,Hyderabad,25000,Branch_40,ATM_CASH_WITHDRAWAL,SYNTHETIC / SIMULATED DATA — NOT REAL FINANCIAL DATA
TXN000090,2026-09-15 21:03:22,2026-09-15,21:03:22,Tuesday,21,17.447873,78.391151,ATM_HYD_201,Kotak ATM - Cyber Towers Concourse,Madhapur Tech Corridor,Hyderabad,10000,Branch_14,ATM_CASH_WITHDRAWAL,SYNTHETIC / SIMULATED DATA — NOT REAL FINANCIAL DATA
TXN002089,2026-09-15 21:19:00,2026-09-15,21:19:00,Tuesday,21,17.366051,78.522075,ATM_HYD_404,Canara Bank ATM - Dilsukhnagar Bus Depot,Dilsukhnagar Market Corridor,Hyderabad,30000,Branch_45,ATM_CASH_WITHDRAWAL,SYNTHETIC / SIMULATED DATA — NOT REAL FINANCIAL DATA
TXN001926,2026-09-15 21:29:45,2026-09-15,21:29:45,Tuesday,21,17.430267,78.4492,ATM_HYD_102,HDFC 24x7 Cash Point - Maitrivanam,Ameerpet Commercial Hub,Hyderabad,30000,Branch_16,ATM_CASH_WITHDRAWAL,SYNTHETIC / SIMULATED DATA — NOT REAL FINANCIAL DATA
TXN001778,2026-09-15 22:36:49,2026-09-15,22:36:49,Tuesday,22,17.449778,78.393943,ATM_HYD_205,IndusInd Bank 24/7 ATM - Kavuri Hills,Madhapur Tech Corridor,Hyderabad,40000,Branch_20,ATM_CASH_WITHDRAWAL,SYNTHETIC / SIMULATED DATA — NOT REAL FINANCIAL DATA
TXN001409,2026-09-15 22:42:35,2026-09-15,22:42:35,Tuesday,22,17.438459,78.498985,ATM_HYD_304,Union Bank ATM - Patny Circle,Secunderabad Station Transit Hub,Hyderabad,40000,Branch_31,ATM_CASH_WITHDRAWAL,SYNTHETIC / SIMULATED DATA — NOT REAL FINANCIAL DATA
TXN001588,2026-09-15 22:46:40,2026-09-15,22:46:40,Tuesday,22,17.448958,78.394939,ATM_HYD_203,HDFC Bank E-Corner - Inorbit Road,Madhapur Tech Corridor,Hyderabad,25000,Branch_38,ATM_CASH_WITHDRAWAL,SYNTHETIC / SIMULATED DATA — NOT REAL FINANCIAL DATA
TXN002257,2026-09-15 23:23:19,2026-09-15,23:23:19,Tuesday,23,17.308907,78.430722,ATM_HYD_901,Rural Kiosk - Outer Ring Road Exit 4,Isolated / Peripheral Zone,Hyderabad,50000,Branch_51,ATM_CASH_WITHDRAWAL,SYNTHETIC / SIMULATED DATA — NOT REAL FINANCIAL DATA
TXN001938,2026-09-15 23:26:42,2026-09-15,23:26:42,Tuesday,23,17.377384,78.53094,ATM_HYD_403,HDFC Cash Machine - Malakpet Link,Dilsukhnagar Market Corridor,Hyderabad,20000,Branch_33,ATM_CASH_WITHDRAWAL,SYNTHETIC / SIMULATED DATA — NOT REAL FINANCIAL DATA
TXN002476,2026-09-15 23:42:11,2026-09-15,23:42:11,Tuesday,23,17.3506,78.33143,ATM_HYD_901,Rural Kiosk - Outer Ring Road Exit 4,Isolated / Peripheral Zone,Hyderabad,25000,Branch_67,ATM_CASH_WITHDRAWAL,SYNTHETIC / SIMULATED DATA — NOT REAL FINANCIAL DATA
TXN001503,2026-09-16 00:15:01,2026-09-16,00:15:01,Wednesday,0,17.43761,78.443654,ATM_HYD_102,HDFC 24x7 Cash Point - Maitrivanam,Ameerpet Commercial Hub,Hyderabad,25000,Branch_42,ATM_CASH_WITHDRAWAL,SYNTHETIC / SIMULATED DATA — NOT REAL FINANCIAL DATA
TXN000873,2026-09-16 01:39:58,2026-09-16,01:39:58,Wednesday,1,17.443854,78.495886,ATM_HYD_304,Union Bank ATM - Patny Circle,Secunderabad Station Transit Hub,Hyderabad,50000,Branch_40,ATM_CASH_WITHDRAWAL,SYNTHETIC / SIMULATED DATA — NOT REAL FINANCIAL DATA
TXN002498,2026-09-16 02:16:11,2026-09-16,02:16:11,Wednesday,2,17.398588,78.564381,ATM_HYD_904,Express ATM - Uppal Outskirts,Isolated / Peripheral Zone,Hyderabad,30000,Branch_80,ATM_CASH_WITHDRAWAL,SYNTHETIC / SIMULATED DATA — NOT REAL FINANCIAL DATA
TXN002261,2026-09-16 05:35:51,2026-09-16,05:35:51,Wednesday,5,17.481079,78.340493,ATM_HYD_903,Market Yard Cash Point - Shamshabad Link,Isolated / Peripheral Zone,Hyderabad,20000,Branch_85,ATM_CASH_WITHDRAWAL,SYNTHETIC / SIMULATED DATA — NOT REAL FINANCIAL DATA
TXN001423,2026-09-16 05:51:53,2026-09-16,05:51:53,Wednesday,5,17.437043,78.448342,ATM_HYD_103,ICICI e-Lobby - Ameerpet Cross Roads,Ameerpet Commercial Hub,Hyderabad,20000,Branch_18,ATM_CASH_WITHDRAWAL,SYNTHETIC / SIMULATED DATA — NOT REAL FINANCIAL DATA
TXN002134,2026-09-16 06:37:12,2026-09-16,06:37:12,Wednesday,6,17.444539,78.39117,ATM_HYD_203,HDFC Bank E-Corner - Inorbit Road,Madhapur Tech Corridor,Hyderabad,45000,Branch_32,ATM_CASH_WITHDRAWAL,SYNTHETIC / SIMULATED DATA — NOT REAL FINANCIAL DATA
TXN001562,2026-09-16 07:05:11,2026-09-16,07:05:11,Wednesday,7,17.434904,78.447364,ATM_HYD_101,SBI Kiosk - Ameerpet Metro Junction,Ameerpet Commercial Hub,Hyderabad,30000,Branch_11,ATM_CASH_WITHDRAWAL,SYNTHETIC / SIMULATED DATA — NOT REAL FINANCIAL DATA
TXN002299,2026-09-16 07:43:37,2026-09-16,07:43:37,Wednesday,7,17.479084,78.524215,ATM_HYD_903,Market Yard Cash Point - Shamshabad Link,Isolated / Peripheral Zone,Hyderabad,30000,Branch_59,ATM_CASH_WITHDRAWAL,SYNTHETIC / SIMULATED DATA — NOT REAL FINANCIAL DATA
TXN000115,2026-09-16 11:25:31,2026-09-16,11:25:31,Wednesday,11,17.439397,78.5001,ATM_HYD_303,SBI Multi-Service Lounge - Station Rd,Secunderabad Station Transit Hub,Hyderabad,50000,Branch_13,ATM_CASH_WITHDRAWAL,SYNTHETIC / SIMULATED DATA — NOT REAL FINANCIAL DATA
TXN001027,2026-09-16 12:06:25,2026-09-16,12:06:25,Wednesday,12,17.368991,78.523589,ATM_HYD_401,SBI Express ATM - Dilsukhnagar Metro,Dilsukhnagar Market Corridor,Hyderabad,25000,Branch_17,ATM_CASH_WITHDRAWAL,SYNTHETIC / SIMULATED DATA — NOT REAL FINANCIAL DATA
TXN000653,2026-09-16 12:08:47,2026-09-16,12:08:47,Wednesday,12,17.444367,78.500303,ATM_HYD_301,Punjab National Bank - Railway Gate 1,Secunderabad Station Transit Hub,Hyderabad,10000,Branch_44,ATM_CASH_WITHDRAWAL,SYNTHETIC / SIMULATED DATA — NOT REAL FINANCIAL DATA
TXN001995,2026-09-16 12:22:41,2026-09-16,12:22:41,Wednesday,12,17.438274,78.497955,ATM_HYD_304,Union Bank ATM - Patny Circle,Secunderabad Station Transit Hub,Hyderabad,20000,Branch_42,ATM_CASH_WITHDRAWAL,SYNTHETIC / SIMULATED DATA — NOT REAL FINANCIAL DATA
TXN001472,2026-09-16 13:00:43,2026-09-16,13:00:43,Wednesday,13,17.440247,78.497964,ATM_HYD_304,Union Bank ATM - Patny Circle,Secunderabad Station Transit Hub,Hyderabad,20000,Branch_19,ATM_CASH_WITHDRAWAL,SYNTHETIC / SIMULATED DATA — NOT REAL FINANCIAL DATA
TXN001240,2026-09-16 13:07:42,2026-09-16,13:07:42,Wednesday,13,17.439896,78.446897,ATM_HYD_102,HDFC 24x7 Cash Point - Maitrivanam,Ameerpet Commercial Hub,Hyderabad,30000,Branch_21,ATM_CASH_WITHDRAWAL,SYNTHETIC / SIMULATED DATA — NOT REAL FINANCIAL DATA
TXN002143,2026-09-16 13:11:06,2026-09-16,13:11:06,Wednesday,13,17.443648,78.497951,ATM_HYD_304,Union Bank ATM - Patny Circle,Secunderabad Station Transit Hub,Hyderabad,10000,Branch_21,ATM_CASH_WITHDRAWAL,SYNTHETIC / SIMULATED DATA — NOT REAL FINANCIAL DATA
TXN001542,2026-09-16 13:34:44,2026-09-16,13:34:44,Wednesday,13,17.43412,78.452504,ATM_HYD_103,ICICI e-Lobby - Ameerpet Cross Roads,Ameerpet Commercial Hub,Hyderabad,20000,Branch_44,ATM_CASH_WITHDRAWAL,SYNTHETIC / SIMULATED DATA — NOT REAL FINANCIAL DATA
TXN001725,2026-09-16 13:42:06,2026-09-16,13:42:06,Wednesday,13,17.436729,78.502817,ATM_HYD_302,Bank of Baroda ATM - Clock Tower Cir,Secunderabad Station Transit Hub,Hyderabad,15000,Branch_41,ATM_CASH_WITHDRAWAL,SYNTHETIC / SIMULATED DATA — NOT REAL FINANCIAL DATA
TXN002131,2026-09-16 13:51:52,2026-09-16,13:51:52,Wednesday,13,17.43551,78.450181,ATM_HYD_105,Canara Bank Express ATM - SR Nagar,Ameerpet Commercial Hub,Hyderabad,10000,Branch_32,ATM_CASH_WITHDRAWAL,SYNTHETIC / SIMULATED DATA — NOT REAL FINANCIAL DATA
TXN002177,2026-09-16 14:02:53,2026-09-16,14:02:53,Wednesday,14,17.441554,78.448011,ATM_HYD_104,Axis Bank ATM - Elephant House,Ameerpet Commercial Hub,Hyderabad,50000,Branch_15,ATM_CASH_WITHDRAWAL,SYNTHETIC / SIMULATED DATA — NOT REAL FINANCIAL DATA
TXN002055,2026-09-16 14:29:01,2026-09-16,14:29:01,Wednesday,14,17.36855,78.521864,ATM_HYD_403,HDFC Cash Machine - Malakpet Link,Dilsukhnagar Market Corridor,Hyderabad,42000,Branch_35,ATM_CASH_WITHDRAWAL,SYNTHETIC / SIMULATED DATA — NOT REAL FINANCIAL DATA
TXN002357,2026-09-16 14:53:24,2026-09-16,14:53:24,Wednesday,14,17.426658,78.475847,ATM_HYD_905,Highway Kiosk - Patancheru Depot,Isolated / Peripheral Zone,Hyderabad,30000,Branch_88,ATM_CASH_WITHDRAWAL,SYNTHETIC / SIMULATED DATA — NOT REAL FINANCIAL DATA
TXN002068,2026-09-16 15:08:20,2026-09-16,15:08:20,Wednesday,15,17.435214,78.44524,ATM_HYD_103,ICICI e-Lobby - Ameerpet Cross Roads,Ameerpet Commercial Hub,Hyderabad,25000,Branch_33,ATM_CASH_WITHDRAWAL,SYNTHETIC / SIMULATED DATA — NOT REAL FINANCIAL DATA
TXN001736,2026-09-16 15:49:51,2026-09-16,15:49:51,Wednesday,15,17.369009,78.51888,ATM_HYD_404,Canara Bank ATM - Dilsukhnagar Bus Depot,Dilsukhnagar Market Corridor,Hyderabad,20000,Branch_25,ATM_CASH_WITHDRAWAL,SYNTHETIC / SIMULATED DATA — NOT REAL FINANCIAL DATA
TXN001225,2026-09-16 17:23:43,2026-09-16,17:23:43,Wednesday,17,17.445494,78.386006,ATM_HYD_202,SBI ATM - Hitec City Metro Pillar 24,Madhapur Tech Corridor,Hyderabad,15000,Branch_47,ATM_CASH_WITHDRAWAL,SYNTHETIC / SIMULATED DATA — NOT REAL FINANCIAL DATA
TXN001383,2026-09-16 17:25:24,2026-09-16,17:25:24,Wednesday,17,17.362655,78.474264,ATM_HYD_502,SBI ATM - Gulzar Houz,Charminar Heritage Bazaar,Hyderabad,20000,Branch_38,ATM_CASH_WITHDRAWAL,SYNTHETIC / SIMULATED DATA — NOT REAL FINANCIAL DATA
TXN001598,2026-09-16 18:02:34,2026-09-16,18:02:34,Wednesday,18,17.440791,78.448129,ATM_HYD_102,HDFC 24x7 Cash Point - Maitrivanam,Ameerpet Commercial Hub,Hyderabad,20000,Branch_40,ATM_CASH_WITHDRAWAL,SYNTHETIC / SIMULATED DATA — NOT REAL FINANCIAL DATA
TXN001075,2026-09-16 18:31:32,2026-09-16,18:31:32,Wednesday,18,17.360155,78.475535,ATM_HYD_502,SBI ATM - Gulzar Houz,Charminar Heritage Bazaar,Hyderabad,25000,Branch_39,ATM_CASH_WITHDRAWAL,SYNTHETIC / SIMULATED DATA — NOT REAL FINANCIAL DATA
TXN000307,2026-09-16 19:11:29,2026-09-16,19:11:29,Wednesday,19,17.449802,78.392768,ATM_HYD_203,HDFC Bank E-Corner - Inorbit Road,Madhapur Tech Corridor,Hyderabad,50000,Branch_31,ATM_CASH_WITHDRAWAL,SYNTHETIC / SIMULATED DATA — NOT REAL FINANCIAL DATA
TXN000314,2026-09-16 19:17:59,2026-09-16,19:17:59,Wednesday,19,17.362201,78.473343,ATM_HYD_503,HDFC Bank Kiosk - Nayapul Bridge,Charminar Heritage Bazaar,Hyderabad,20000,Branch_27,ATM_CASH_WITHDRAWAL,SYNTHETIC / SIMULATED DATA — NOT REAL FINANCIAL DATA
TXN000809,2026-09-16 20:25:41,2026-09-16,20:25:41,Wednesday,20,17.444607,78.391644,ATM_HYD_202,SBI ATM - Hitec City Metro Pillar 24,Madhapur Tech Corridor,Hyderabad,10000,Branch_45,ATM_CASH_WITHDRAWAL,SYNTHETIC / SIMULATED DATA — NOT REAL FINANCIAL DATA
TXN001733,2026-09-16 20:38:42,2026-09-16,20:38:42,Wednesday,20,17.443629,78.400135,ATM_HYD_201,Kotak ATM - Cyber Towers Concourse,Madhapur Tech Corridor,Hyderabad,40000,Branch_42,ATM_CASH_WITHDRAWAL,SYNTHETIC / SIMULATED DATA — NOT REAL FINANCIAL DATA
TXN000953,2026-09-16 21:46:49,2026-09-16,21:46:49,Wednesday,21,17.441819,78.444611,ATM_HYD_104,Axis Bank ATM - Elephant House,Ameerpet Commercial Hub,Hyderabad,25000,Branch_14,ATM_CASH_WITHDRAWAL,SYNTHETIC / SIMULATED DATA — NOT REAL FINANCIAL DATA
TXN000302,2026-09-16 22:50:49,2026-09-16,22:50:49,Wednesday,22,17.449689,78.39723,ATM_HYD_205,IndusInd Bank 24/7 ATM - Kavuri Hills,Madhapur Tech Corridor,Hyderabad,10000,Branch_24,ATM_CASH_WITHDRAWAL,SYNTHETIC / SIMULATED DATA — NOT REAL FINANCIAL DATA
TXN000864,2026-09-16 23:00:59,2026-09-16,23:00:59,Wednesday,23,17.44798,78.397209,ATM_HYD_201,Kotak ATM - Cyber Towers Concourse,Madhapur Tech Corridor,Hyderabad,15000,Branch_28,ATM_CASH_WITHDRAWAL,SYNTHETIC / SIMULATED DATA — NOT REAL FINANCIAL DATA
TXN000252,2026-09-16 23:08:04,2026-09-16,23:08:04,Wednesday,23,17.449224,78.394057,ATM_HYD_204,ICICI Bank Express ATM - Madhapur Police Station,Madhapur Tech Corridor,Hyderabad,25000,Branch_39,ATM_CASH_WITHDRAWAL,SYNTHETIC / SIMULATED DATA — NOT REAL FINANCIAL DATA
TXN000311,2026-09-16 23:46:17,2026-09-16,23:46:17,Wednesday,23,17.445164,78.388029,ATM_HYD_203,HDFC Bank E-Corner - Inorbit Road,Madhapur Tech Corridor,Hyderabad,20000,Branch_46,ATM_CASH_WITHDRAWAL,SYNTHETIC / SIMULATED DATA — NOT REAL FINANCIAL DATA
TXN001997,2026-09-16 23:47:53,2026-09-16,23:47:53,Wednesday,23,17.359126,78.475058,ATM_HYD_501,Bank of India - Madina Market,Charminar Heritage Bazaar,Hyderabad,38000,Branch_31,ATM_CASH_WITHDRAWAL,SYNTHETIC / SIMULATED DATA — NOT REAL FINANCIAL DATA
TXN000677,2026-09-17 06:28:10,2026-09-17,06:28:10,Thursday,6,17.437971,78.449403,ATM_HYD_103,ICICI e-Lobby - Ameerpet Cross Roads,Ameerpet Commercial Hub,Hyderabad,20000,Branch_10,ATM_CASH_WITHDRAWAL,SYNTHETIC / SIMULATED DATA — NOT REAL FINANCIAL DATA
TXN002099,2026-09-17 07:30:03,2026-09-17,07:30:03,Thursday,7,17.365386,78.520901,ATM_HYD_402,Andhra Bank (UBI) ATM - Chaitanyapuri,Dilsukhnagar Market Corridor,Hyderabad,20000,Branch_16,ATM_CASH_WITHDRAWAL,SYNTHETIC / SIMULATED DATA — NOT REAL FINANCIAL DATA
TXN001688,2026-09-17 09:50:18,2026-09-17,09:50:18,Thursday,9,17.445143,78.391613,ATM_HYD_201,Kotak ATM - Cyber Towers Concourse,Madhapur Tech Corridor,Hyderabad,25000,Branch_12,ATM_CASH_WITHDRAWAL,SYNTHETIC / SIMULATED DATA — NOT REAL FINANCIAL DATA
TXN000363,2026-09-17 10:34:10,2026-09-17,10:34:10,Thursday,10,17.446751,78.391571,ATM_HYD_203,HDFC Bank E-Corner - Inorbit Road,Madhapur Tech Corridor,Hyderabad,15000,Branch_41,ATM_CASH_WITHDRAWAL,SYNTHETIC / SIMULATED DATA — NOT REAL FINANCIAL DATA
TXN001264,2026-09-17 11:23:53,2026-09-17,11:23:53,Thursday,11,17.451345,78.386212,ATM_HYD_205,IndusInd Bank 24/7 ATM - Kavuri Hills,Madhapur Tech Corridor,Hyderabad,40000,Branch_14,ATM_CASH_WITHDRAWAL,SYNTHETIC / SIMULATED DATA — NOT REAL FINANCIAL DATA
TXN000574,2026-09-17 12:47:50,2026-09-17,12:47:50,Thursday,12,17.439131,78.505426,ATM_HYD_302,Bank of Baroda ATM - Clock Tower Cir,Secunderabad Station Transit Hub,Hyderabad,20000,Branch_18,ATM_CASH_WITHDRAWAL,SYNTHETIC / SIMULATED DATA — NOT REAL FINANCIAL DATA
TXN001862,2026-09-17 13:47:21,2026-09-17,13:47:21,Thursday,13,17.438171,78.501686,ATM_HYD_301,Punjab National Bank - Railway Gate 1,Secunderabad Station Transit Hub,Hyderabad,25000,Branch_12,ATM_CASH_WITHDRAWAL,SYNTHETIC / SIMULATED DATA — NOT REAL FINANCIAL DATA
TXN001668,2026-09-17 14:01:28,2026-09-17,14:01:28,Thursday,14,17.35777,78.469976,ATM_HYD_502,SBI ATM - Gulzar Houz,Charminar Heritage Bazaar,Hyderabad,30000,Branch_40,ATM_CASH_WITHDRAWAL,SYNTHETIC / SIMULATED DATA — NOT REAL FINANCIAL DATA
TXN002218,2026-09-17 14:03:41,2026-09-17,14:03:41,Thursday,14,17.437409,78.452596,ATM_HYD_101,SBI Kiosk - Ameerpet Metro Junction,Ameerpet Commercial Hub,Hyderabad,40000,Branch_29,ATM_CASH_WITHDRAWAL,SYNTHETIC / SIMULATED DATA — NOT REAL FINANCIAL DATA
TXN000906,2026-09-17 14:05:13,2026-09-17,14:05:13,Thursday,14,17.369698,78.522512,ATM_HYD_403,HDFC Cash Machine - Malakpet Link,Dilsukhnagar Market Corridor,Hyderabad,10000,Branch_47,ATM_CASH_WITHDRAWAL,SYNTHETIC / SIMULATED DATA — NOT REAL FINANCIAL DATA
TXN000185,2026-09-17 14:24:33,2026-09-17,14:24:33,Thursday,14,17.43591,78.447931,ATM_HYD_101,SBI Kiosk - Ameerpet Metro Junction,Ameerpet Commercial Hub,Hyderabad,10000,Branch_15,ATM_CASH_WITHDRAWAL,SYNTHETIC / SIMULATED DATA — NOT REAL FINANCIAL DATA
TXN002442,2026-09-17 14:30:05,2026-09-17,14:30:05,Thursday,14,17.381928,78.524098,ATM_HYD_901,Rural Kiosk - Outer Ring Road Exit 4,Isolated / Peripheral Zone,Hyderabad,25000,Branch_74,ATM_CASH_WITHDRAWAL,SYNTHETIC / SIMULATED DATA — NOT REAL FINANCIAL DATA
TXN000506,2026-09-17 14:31:02,2026-09-17,14:31:02,Thursday,14,17.439129,78.451416,ATM_HYD_102,HDFC 24x7 Cash Point - Maitrivanam,Ameerpet Commercial Hub,Hyderabad,38000,Branch_48,ATM_CASH_WITHDRAWAL,SYNTHETIC / SIMULATED DATA — NOT REAL FINANCIAL DATA
TXN001961,2026-09-17 15:05:13,2026-09-17,15:05:13,Thursday,15,17.439768,78.454214,ATM_HYD_101,SBI Kiosk - Ameerpet Metro Junction,Ameerpet Commercial Hub,Hyderabad,50000,Branch_43,ATM_CASH_WITHDRAWAL,SYNTHETIC / SIMULATED DATA — NOT REAL FINANCIAL DATA
TXN000051,2026-09-17 15:05:40,2026-09-17,15:05:40,Thursday,15,17.361361,78.473652,ATM_HYD_503,HDFC Bank Kiosk - Nayapul Bridge,Charminar Heritage Bazaar,Hyderabad,15000,Branch_27,ATM_CASH_WITHDRAWAL,SYNTHETIC / SIMULATED DATA — NOT REAL FINANCIAL DATA
TXN000421,2026-09-17 15:20:53,2026-09-17,15:20:53,Thursday,15,17.36816,78.518852,ATM_HYD_402,Andhra Bank (UBI) ATM - Chaitanyapuri,Dilsukhnagar Market Corridor,Hyderabad,25000,Branch_13,ATM_CASH_WITHDRAWAL,SYNTHETIC / SIMULATED DATA — NOT REAL FINANCIAL DATA
TXN001964,2026-09-17 15:32:47,2026-09-17,15:32:47,Thursday,15,17.45198,78.391519,ATM_HYD_205,IndusInd Bank 24/7 ATM - Kavuri Hills,Madhapur Tech Corridor,Hyderabad,50000,Branch_44,ATM_CASH_WITHDRAWAL,SYNTHETIC / SIMULATED DATA — NOT REAL FINANCIAL DATA
TXN002038,2026-09-17 15:40:04,2026-09-17,15:40:04,Thursday,15,17.441564,78.444529,ATM_HYD_105,Canara Bank Express ATM - SR Nagar,Ameerpet Commercial Hub,Hyderabad,10000,Branch_46,ATM_CASH_WITHDRAWAL,SYNTHETIC / SIMULATED DATA — NOT REAL FINANCIAL DATA
TXN001887,2026-09-17 15:43:07,2026-09-17,15:43:07,Thursday,15,17.439079,78.444953,ATM_HYD_104,Axis Bank ATM - Elephant House,Ameerpet Commercial Hub,Hyderabad,25000,Branch_37,ATM_CASH_WITHDRAWAL,SYNTHETIC / SIMULATED DATA — NOT REAL FINANCIAL DATA
TXN001392,2026-09-17 15:44:03,2026-09-17,15:44:03,Thursday,15,17.442542,78.450061,ATM_HYD_105,Canara Bank Express ATM - SR Nagar,Ameerpet Commercial Hub,Hyderabad,20000,Branch_37,ATM_CASH_WITHDRAWAL,SYNTHETIC / SIMULATED DATA — NOT REAL FINANCIAL DATA
TXN002437,2026-09-17 16:53:23,2026-09-17,16:53:23,Thursday,16,17.480253,78.362675,ATM_HYD_901,Rural Kiosk - Outer Ring Road Exit 4,Isolated / Peripheral Zone,Hyderabad,15000,Branch_81,ATM_CASH_WITHDRAWAL,SYNTHETIC / SIMULATED DATA — NOT REAL FINANCIAL DATA
TXN000898,2026-09-17 17:07:22,2026-09-17,17:07:22,Thursday,17,17.367496,78.526659,ATM_HYD_404,Canara Bank ATM - Dilsukhnagar Bus Depot,Dilsukhnagar Market Corridor,Hyderabad,50000,Branch_20,ATM_CASH_WITHDRAWAL,SYNTHETIC / SIMULATED DATA — NOT REAL FINANCIAL DATA
TXN001243,2026-09-17 17:12:54,2026-09-17,17:12:54,Thursday,17,17.43909,78.498292,ATM_HYD_301,Punjab National Bank - Railway Gate 1,Secunderabad Station Transit Hub,Hyderabad,22000,Branch_21,ATM_CASH_WITHDRAWAL,SYNTHETIC / SIMULATED DATA — NOT REAL FINANCIAL DATA
TXN000948,2026-09-17 17:47:41,2026-09-17,17:47:41,Thursday,17,17.372503,78.523063,ATM_HYD_401,SBI Express ATM - Dilsukhnagar Metro,Dilsukhnagar Market Corridor,Hyderabad,30000,Branch_35,ATM_CASH_WITHDRAWAL,SYNTHETIC / SIMULATED DATA — NOT REAL FINANCIAL DATA
TXN000543,2026-09-17 18:02:11,2026-09-17,18:02:11,Thursday,18,17.44119,78.448644,ATM_HYD_104,Axis Bank ATM - Elephant House,Ameerpet Commercial Hub,Hyderabad,50000,Branch_19,ATM_CASH_WITHDRAWAL,SYNTHETIC / SIMULATED DATA — NOT REAL FINANCIAL DATA
TXN000916,2026-09-17 18:05:08,2026-09-17,18:05:08,Thursday,18,17.454254,78.386358,ATM_HYD_202,SBI ATM - Hitec City Metro Pillar 24,Madhapur Tech Corridor,Hyderabad,20000,Branch_36,ATM_CASH_WITHDRAWAL,SYNTHETIC / SIMULATED DATA — NOT REAL FINANCIAL DATA
TXN000599,2026-09-17 18:28:02,2026-09-17,18:28:02,Thursday,18,17.438901,78.45184,ATM_HYD_104,Axis Bank ATM - Elephant House,Ameerpet Commercial Hub,Hyderabad,35000,Branch_30,ATM_CASH_WITHDRAWAL,SYNTHETIC / SIMULATED DATA — NOT REAL FINANCIAL DATA
TXN000085,2026-09-17 18:31:01,2026-09-17,18:31:01,Thursday,18,17.437416,78.445285,ATM_HYD_102,HDFC 24x7 Cash Point - Maitrivanam,Ameerpet Commercial Hub,Hyderabad,10000,Branch_35,ATM_CASH_WITHDRAWAL,SYNTHETIC / SIMULATED DATA — NOT REAL FINANCIAL DATA
TXN001136,2026-09-17 18:54:13,2026-09-17,18:54:13,Thursday,18,17.433912,78.449405,ATM_HYD_103,ICICI e-Lobby - Ameerpet Cross Roads,Ameerpet Commercial Hub,Hyderabad,30000,Branch_28,ATM_CASH_WITHDRAWAL,SYNTHETIC / SIMULATED DATA — NOT REAL FINANCIAL DATA
TXN000382,2026-09-17 19:24:27,2026-09-17,19:24:27,Thursday,19,17.436626,78.499099,ATM_HYD_304,Union Bank ATM - Patny Circle,Secunderabad Station Transit Hub,Hyderabad,15000,Branch_47,ATM_CASH_WITHDRAWAL,SYNTHETIC / SIMULATED DATA — NOT REAL FINANCIAL DATA
TXN000098,2026-09-17 19:40:57,2026-09-17,19:40:57,Thursday,19,17.445969,78.391604,ATM_HYD_204,ICICI Bank Express ATM - Madhapur Police Station,Madhapur Tech Corridor,Hyderabad,25000,Branch_19,ATM_CASH_WITHDRAWAL,SYNTHETIC / SIMULATED DATA — NOT REAL FINANCIAL DATA
TXN000733,2026-09-17 19:54:36,2026-09-17,19:54:36,Thursday,19,17.434896,78.495755,ATM_HYD_303,SBI Multi-Service Lounge - Station Rd,Secunderabad Station Transit Hub,Hyderabad,23000,Branch_20,ATM_CASH_WITHDRAWAL,SYNTHETIC / SIMULATED DATA — NOT REAL FINANCIAL DATA
TXN001755,2026-09-17 19:57:39,2026-09-17,19:57:39,Thursday,19,17.362251,78.472815,ATM_HYD_501,Bank of India - Madina Market,Charminar Heritage Bazaar,Hyderabad,25000,Branch_12,ATM_CASH_WITHDRAWAL,SYNTHETIC / SIMULATED DATA — NOT REAL FINANCIAL DATA
TXN001116,2026-09-17 20:07:20,2026-09-17,20:07:20,Thursday,20,17.438267,78.499936,ATM_HYD_301,Punjab National Bank - Railway Gate 1,Secunderabad Station Transit Hub,Hyderabad,20000,Branch_40,ATM_CASH_WITHDRAWAL,SYNTHETIC / SIMULATED DATA — NOT REAL FINANCIAL DATA
TXN001424,2026-09-17 20:21:55,2026-09-17,20:21:55,Thursday,20,17.436305,78.450567,ATM_HYD_105,Canara Bank Express ATM - SR Nagar,Ameerpet Commercial Hub,Hyderabad,10000,Branch_46,ATM_CASH_WITHDRAWAL,SYNTHETIC / SIMULATED DATA — NOT REAL FINANCIAL DATA
TXN001271,2026-09-17 20:23:43,2026-09-17,20:23:43,Thursday,20,17.438973,78.505887,ATM_HYD_303,SBI Multi-Service Lounge - Station Rd,Secunderabad Station Transit Hub,Hyderabad,10000,Branch_23,ATM_CASH_WITHDRAWAL,SYNTHETIC / SIMULATED DATA — NOT REAL FINANCIAL DATA
TXN002013,2026-09-17 20:30:31,2026-09-17,20:30:31,Thursday,20,17.370106,78.529598,ATM_HYD_402,Andhra Bank (UBI) ATM - Chaitanyapuri,Dilsukhnagar Market Corridor,Hyderabad,30000,Branch_14,ATM_CASH_WITHDRAWAL,SYNTHETIC / SIMULATED DATA — NOT REAL FINANCIAL DATA
TXN000368,2026-09-17 20:35:26,2026-09-17,20:35:26,Thursday,20,17.363917,78.527503,ATM_HYD_404,Canara Bank ATM - Dilsukhnagar Bus Depot,Dilsukhnagar Market Corridor,Hyderabad,25000,Branch_27,ATM_CASH_WITHDRAWAL,SYNTHETIC / SIMULATED DATA — NOT REAL FINANCIAL DATA
TXN000949,2026-09-17 20:49:27,2026-09-17,20:49:27,Thursday,20,17.366512,78.524481,ATM_HYD_402,Andhra Bank (UBI) ATM - Chaitanyapuri,Dilsukhnagar Market Corridor,Hyderabad,20000,Branch_16,ATM_CASH_WITHDRAWAL,SYNTHETIC / SIMULATED DATA — NOT REAL FINANCIAL DATA
TXN000126,2026-09-17 21:02:56,2026-09-17,21:02:56,Thursday,21,17.44153,78.391306,ATM_HYD_205,IndusInd Bank 24/7 ATM - Kavuri Hills,Madhapur Tech Corridor,Hyderabad,40000,Branch_30,ATM_CASH_WITHDRAWAL,SYNTHETIC / SIMULATED DATA — NOT REAL FINANCIAL DATA
TXN001390,2026-09-17 21:04:26,2026-09-17,21:04:26,Thursday,21,17.447305,78.393107,ATM_HYD_204,ICICI Bank Express ATM - Madhapur Police Station,Madhapur Tech Corridor,Hyderabad,40000,Branch_17,ATM_CASH_WITHDRAWAL,SYNTHETIC / SIMULATED DATA — NOT REAL FINANCIAL DATA
TXN001868,2026-09-17 21:35:26,2026-09-17,21:35:26,Thursday,21,17.438734,78.44544,ATM_HYD_105,Canara Bank Express ATM - SR Nagar,Ameerpet Commercial Hub,Hyderabad,10000,Branch_28,ATM_CASH_WITHDRAWAL,SYNTHETIC / SIMULATED DATA — NOT REAL FINANCIAL DATA
TXN000103,2026-09-17 23:49:03,2026-09-17,23:49:03,Thursday,23,17.446475,78.391447,ATM_HYD_201,Kotak ATM - Cyber Towers Concourse,Madhapur Tech Corridor,Hyderabad,30000,Branch_23,ATM_CASH_WITHDRAWAL,SYNTHETIC / SIMULATED DATA — NOT REAL FINANCIAL DATA
TXN002399,2026-09-18 00:17:36,2026-09-18,00:17:36,Friday,0,17.341404,78.401319,ATM_HYD_905,Highway Kiosk - Patancheru Depot,Isolated / Peripheral Zone,Hyderabad,20000,Branch_76,ATM_CASH_WITHDRAWAL,SYNTHETIC / SIMULATED DATA — NOT REAL FINANCIAL DATA
TXN002101,2026-09-18 00:20:33,2026-09-18,00:20:33,Friday,0,17.365708,78.468652,ATM_HYD_503,HDFC Bank Kiosk - Nayapul Bridge,Charminar Heritage Bazaar,Hyderabad,15000,Branch_36,ATM_CASH_WITHDRAWAL,SYNTHETIC / SIMULATED DATA — NOT REAL FINANCIAL DATA
TXN002141,2026-09-18 01:22:31,2026-09-18,01:22:31,Friday,1,17.371851,78.523967,ATM_HYD_401,SBI Express ATM - Dilsukhnagar Metro,Dilsukhnagar Market Corridor,Hyderabad,15000,Branch_16,ATM_CASH_WITHDRAWAL,SYNTHETIC / SIMULATED DATA — NOT REAL FINANCIAL DATA
TXN002379,2026-09-18 07:04:50,2026-09-18,07:04:50,Friday,7,17.329596,78.373197,ATM_HYD_904,Express ATM - Uppal Outskirts,Isolated / Peripheral Zone,Hyderabad,20000,Branch_79,ATM_CASH_WITHDRAWAL,SYNTHETIC / SIMULATED DATA — NOT REAL FINANCIAL DATA
TXN000289,2026-09-18 10:11:39,2026-09-18,10:11:39,Friday,10,17.438385,78.454012,ATM_HYD_104,Axis Bank ATM - Elephant House,Ameerpet Commercial Hub,Hyderabad,40000,Branch_15,ATM_CASH_WITHDRAWAL,SYNTHETIC / SIMULATED DATA — NOT REAL FINANCIAL DATA
TXN000297,2026-09-18 11:08:45,2026-09-18,11:08:45,Friday,11,17.433138,78.504141,ATM_HYD_304,Union Bank ATM - Patny Circle,Secunderabad Station Transit Hub,Hyderabad,15000,Branch_40,ATM_CASH_WITHDRAWAL,SYNTHETIC / SIMULATED DATA — NOT REAL FINANCIAL DATA
TXN002354,2026-09-18 12:08:07,2026-09-18,12:08:07,Friday,12,17.468801,78.556343,ATM_HYD_904,Express ATM - Uppal Outskirts,Isolated / Peripheral Zone,Hyderabad,20000,Branch_96,ATM_CASH_WITHDRAWAL,SYNTHETIC / SIMULATED DATA — NOT REAL FINANCIAL DATA
TXN001333,2026-09-18 12:37:08,2026-09-18,12:37:08,Friday,12,17.435979,78.451832,ATM_HYD_101,SBI Kiosk - Ameerpet Metro Junction,Ameerpet Commercial Hub,Hyderabad,25000,Branch_31,ATM_CASH_WITHDRAWAL,SYNTHETIC / SIMULATED DATA — NOT REAL FINANCIAL DATA
TXN002116,2026-09-18 12:42:11,2026-09-18,12:42:11,Friday,12,17.436884,78.450006,ATM_HYD_102,HDFC 24x7 Cash Point - Maitrivanam,Ameerpet Commercial Hub,Hyderabad,10000,Branch_49,ATM_CASH_WITHDRAWAL,SYNTHETIC / SIMULATED DATA — NOT REAL FINANCIAL DATA
TXN000236,2026-09-18 12:52:12,2026-09-18,12:52:12,Friday,12,17.440058,78.500834,ATM_HYD_304,Union Bank ATM - Patny Circle,Secunderabad Station Transit Hub,Hyderabad,20000,Branch_18,ATM_CASH_WITHDRAWAL,SYNTHETIC / SIMULATED DATA — NOT REAL FINANCIAL DATA
TXN002118,2026-09-18 14:12:16,2026-09-18,14:12:16,Friday,14,17.436636,78.498735,ATM_HYD_303,SBI Multi-Service Lounge - Station Rd,Secunderabad Station Transit Hub,Hyderabad,50000,Branch_41,ATM_CASH_WITHDRAWAL,SYNTHETIC / SIMULATED DATA — NOT REAL FINANCIAL DATA
TXN002324,2026-09-18 14:26:41,2026-09-18,14:26:41,Friday,14,17.498638,78.533605,ATM_HYD_903,Market Yard Cash Point - Shamshabad Link,Isolated / Peripheral Zone,Hyderabad,20000,Branch_70,ATM_CASH_WITHDRAWAL,SYNTHETIC / SIMULATED DATA — NOT REAL FINANCIAL DATA
TXN001568,2026-09-18 14:27:59,2026-09-18,14:27:59,Friday,14,17.441686,78.455501,ATM_HYD_105,Canara Bank Express ATM - SR Nagar,Ameerpet Commercial Hub,Hyderabad,15000,Branch_15,ATM_CASH_WITHDRAWAL,SYNTHETIC / SIMULATED DATA — NOT REAL FINANCIAL DATA
TXN001534,2026-09-18 14:52:55,2026-09-18,14:52:55,Friday,14,17.441233,78.445913,ATM_HYD_101,SBI Kiosk - Ameerpet Metro Junction,Ameerpet Commercial Hub,Hyderabad,25000,Branch_46,ATM_CASH_WITHDRAWAL,SYNTHETIC / SIMULATED DATA — NOT REAL FINANCIAL DATA
TXN000867,2026-09-18 14:56:39,2026-09-18,14:56:39,Friday,14,17.443218,78.447067,ATM_HYD_105,Canara Bank Express ATM - SR Nagar,Ameerpet Commercial Hub,Hyderabad,50000,Branch_28,ATM_CASH_WITHDRAWAL,SYNTHETIC / SIMULATED DATA — NOT REAL FINANCIAL DATA
TXN001484,2026-09-18 15:07:21,2026-09-18,15:07:21,Friday,15,17.437819,78.449752,ATM_HYD_104,Axis Bank ATM - Elephant House,Ameerpet Commercial Hub,Hyderabad,40000,Branch_25,ATM_CASH_WITHDRAWAL,SYNTHETIC / SIMULATED DATA — NOT REAL FINANCIAL DATA
TXN001585,2026-09-18 15:09:49,2026-09-18,15:09:49,Friday,15,17.357733,78.473351,ATM_HYD_503,HDFC Bank Kiosk - Nayapul Bridge,Charminar Heritage Bazaar,Hyderabad,10000,Branch_45,ATM_CASH_WITHDRAWAL,SYNTHETIC / SIMULATED DATA — NOT REAL FINANCIAL DATA
TXN001586,2026-09-18 15:10:59,2026-09-18,15:10:59,Friday,15,17.432848,78.451579,ATM_HYD_101,SBI Kiosk - Ameerpet Metro Junction,Ameerpet Commercial Hub,Hyderabad,50000,Branch_14,ATM_CASH_WITHDRAWAL,SYNTHETIC / SIMULATED DATA — NOT REAL FINANCIAL DATA
TXN001849,2026-09-18 17:02:10,2026-09-18,17:02:10,Friday,17,17.371809,78.526424,ATM_HYD_401,SBI Express ATM - Dilsukhnagar Metro,Dilsukhnagar Market Corridor,Hyderabad,20000,Branch_11,ATM_CASH_WITHDRAWAL,SYNTHETIC / SIMULATED DATA — NOT REAL FINANCIAL DATA
TXN000164,2026-09-18 17:15:59,2026-09-18,17:15:59,Friday,17,17.450504,78.393835,ATM_HYD_205,IndusInd Bank 24/7 ATM - Kavuri Hills,Madhapur Tech Corridor,Hyderabad,10000,Branch_26,ATM_CASH_WITHDRAWAL,SYNTHETIC / SIMULATED DATA — NOT REAL FINANCIAL DATA
TXN002241,2026-09-18 17:20:34,2026-09-18,17:20:34,Friday,17,17.365101,78.520477,ATM_HYD_403,HDFC Cash Machine - Malakpet Link,Dilsukhnagar Market Corridor,Hyderabad,15000,Branch_22,ATM_CASH_WITHDRAWAL,SYNTHETIC / SIMULATED DATA — NOT REAL FINANCIAL DATA
TXN001497,2026-09-18 17:24:54,2026-09-18,17:24:54,Friday,17,17.441676,78.504949,ATM_HYD_304,Union Bank ATM - Patny Circle,Secunderabad Station Transit Hub,Hyderabad,30000,Branch_34,ATM_CASH_WITHDRAWAL,SYNTHETIC / SIMULATED DATA — NOT REAL FINANCIAL DATA
TXN001080,2026-09-18 17:34:21,2026-09-18,17:34:21,Friday,17,17.360507,78.475452,ATM_HYD_502,SBI ATM - Gulzar Houz,Charminar Heritage Bazaar,Hyderabad,25000,Branch_44,ATM_CASH_WITHDRAWAL,SYNTHETIC / SIMULATED DATA — NOT REAL FINANCIAL DATA
TXN000670,2026-09-18 18:23:32,2026-09-18,18:23:32,Friday,18,17.44173,78.44591,ATM_HYD_104,Axis Bank ATM - Elephant House,Ameerpet Commercial Hub,Hyderabad,38000,Branch_49,ATM_CASH_WITHDRAWAL,SYNTHETIC / SIMULATED DATA — NOT REAL FINANCIAL DATA
TXN000456,2026-09-18 18:31:40,2026-09-18,18:31:40,Friday,18,17.450235,78.392617,ATM_HYD_202,SBI ATM - Hitec City Metro Pillar 24,Madhapur Tech Corridor,Hyderabad,25000,Branch_43,ATM_CASH_WITHDRAWAL,SYNTHETIC / SIMULATED DATA — NOT REAL FINANCIAL DATA
TXN000183,2026-09-18 19:02:46,2026-09-18,19:02:46,Friday,19,17.363438,78.478077,ATM_HYD_502,SBI ATM - Gulzar Houz,Charminar Heritage Bazaar,Hyderabad,15000,Branch_43,ATM_CASH_WITHDRAWAL,SYNTHETIC / SIMULATED DATA — NOT REAL FINANCIAL DATA
TXN000258,2026-09-18 19:17:51,2026-09-18,19:17:51,Friday,19,17.437412,78.501815,ATM_HYD_304,Union Bank ATM - Patny Circle,Secunderabad Station Transit Hub,Hyderabad,22000,Branch_15,ATM_CASH_WITHDRAWAL,SYNTHETIC / SIMULATED DATA — NOT REAL FINANCIAL DATA
TXN001954,2026-09-18 19:25:58,2026-09-18,19:25:58,Friday,19,17.441356,78.501364,ATM_HYD_303,SBI Multi-Service Lounge - Station Rd,Secunderabad Station Transit Hub,Hyderabad,40000,Branch_28,ATM_CASH_WITHDRAWAL,SYNTHETIC / SIMULATED DATA — NOT REAL FINANCIAL DATA
TXN001093,2026-09-18 19:32:08,2026-09-18,19:32:08,Friday,19,17.445043,78.500216,ATM_HYD_304,Union Bank ATM - Patny Circle,Secunderabad Station Transit Hub,Hyderabad,20000,Branch_20,ATM_CASH_WITHDRAWAL,SYNTHETIC / SIMULATED DATA — NOT REAL FINANCIAL DATA
TXN000279,2026-09-18 19:37:09,2026-09-18,19:37:09,Friday,19,17.434185,78.494699,ATM_HYD_301,Punjab National Bank - Railway Gate 1,Secunderabad Station Transit Hub,Hyderabad,25000,Branch_49,ATM_CASH_WITHDRAWAL,SYNTHETIC / SIMULATED DATA — NOT REAL FINANCIAL DATA
TXN000951,2026-09-18 20:00:59,2026-09-18,20:00:59,Friday,20,17.440844,78.494436,ATM_HYD_301,Punjab National Bank - Railway Gate 1,Secunderabad Station Transit Hub,Hyderabad,12000,Branch_27,ATM_CASH_WITHDRAWAL,SYNTHETIC / SIMULATED DATA — NOT REAL FINANCIAL DATA
TXN000617,2026-09-18 20:03:35,2026-09-18,20:03:35,Friday,20,17.436361,78.447988,ATM_HYD_102,HDFC 24x7 Cash Point - Maitrivanam,Ameerpet Commercial Hub,Hyderabad,20000,Branch_47,ATM_CASH_WITHDRAWAL,SYNTHETIC / SIMULATED DATA — NOT REAL FINANCIAL DATA
TXN001613,2026-09-18 20:26:26,2026-09-18,20:26:26,Friday,20,17.447131,78.393952,ATM_HYD_201,Kotak ATM - Cyber Towers Concourse,Madhapur Tech Corridor,Hyderabad,10000,Branch_44,ATM_CASH_WITHDRAWAL,SYNTHETIC / SIMULATED DATA — NOT REAL FINANCIAL DATA
TXN000494,2026-09-18 20:27:11,2026-09-18,20:27:11,Friday,20,17.439504,78.446386,ATM_HYD_104,Axis Bank ATM - Elephant House,Ameerpet Commercial Hub,Hyderabad,50000,Branch_21,ATM_CASH_WITHDRAWAL,SYNTHETIC / SIMULATED DATA — NOT REAL FINANCIAL DATA
TXN000014,2026-09-18 20:29:09,2026-09-18,20:29:09,Friday,20,17.436854,78.448223,ATM_HYD_102,HDFC 24x7 Cash Point - Maitrivanam,Ameerpet Commercial Hub,Hyderabad,10000,Branch_25,ATM_CASH_WITHDRAWAL,SYNTHETIC / SIMULATED DATA — NOT REAL FINANCIAL DATA
TXN001798,2026-09-18 21:13:49,2026-09-18,21:13:49,Friday,21,17.432389,78.445894,ATM_HYD_105,Canara Bank Express ATM - SR Nagar,Ameerpet Commercial Hub,Hyderabad,40000,Branch_36,ATM_CASH_WITHDRAWAL,SYNTHETIC / SIMULATED DATA — NOT REAL FINANCIAL DATA
TXN000294,2026-09-18 21:17:52,2026-09-18,21:17:52,Friday,21,17.447482,78.394798,ATM_HYD_204,ICICI Bank Express ATM - Madhapur Police Station,Madhapur Tech Corridor,Hyderabad,25000,Branch_49,ATM_CASH_WITHDRAWAL,SYNTHETIC / SIMULATED DATA — NOT REAL FINANCIAL DATA
TXN000496,2026-09-18 21:30:03,2026-09-18,21:30:03,Friday,21,17.451346,78.387506,ATM_HYD_203,HDFC Bank E-Corner - Inorbit Road,Madhapur Tech Corridor,Hyderabad,12000,Branch_18,ATM_CASH_WITHDRAWAL,SYNTHETIC / SIMULATED DATA — NOT REAL FINANCIAL DATA
TXN000291,2026-09-18 21:41:43,2026-09-18,21:41:43,Friday,21,17.440957,78.446132,ATM_HYD_103,ICICI e-Lobby - Ameerpet Cross Roads,Ameerpet Commercial Hub,Hyderabad,20000,Branch_44,ATM_CASH_WITHDRAWAL,SYNTHETIC / SIMULATED DATA — NOT REAL FINANCIAL DATA
TXN001524,2026-09-18 21:58:49,2026-09-18,21:58:49,Friday,21,17.437151,78.447237,ATM_HYD_104,Axis Bank ATM - Elephant House,Ameerpet Commercial Hub,Hyderabad,25000,Branch_29,ATM_CASH_WITHDRAWAL,SYNTHETIC / SIMULATED DATA — NOT REAL FINANCIAL DATA
TXN002284,2026-09-18 22:42:22,2026-09-18,22:42:22,Friday,22,17.452678,78.371604,ATM_HYD_903,Market Yard Cash Point - Shamshabad Link,Isolated / Peripheral Zone,Hyderabad,30000,Branch_65,ATM_CASH_WITHDRAWAL,SYNTHETIC / SIMULATED DATA — NOT REAL FINANCIAL DATA
TXN001064,2026-09-18 22:51:36,2026-09-18,22:51:36,Friday,22,17.440358,78.399777,ATM_HYD_202,SBI ATM - Hitec City Metro Pillar 24,Madhapur Tech Corridor,Hyderabad,20000,Branch_47,ATM_CASH_WITHDRAWAL,SYNTHETIC / SIMULATED DATA — NOT REAL FINANCIAL DATA
TXN002016,2026-09-18 23:33:30,2026-09-18,23:33:30,Friday,23,17.451323,78.383511,ATM_HYD_203,HDFC Bank E-Corner - Inorbit Road,Madhapur Tech Corridor,Hyderabad,22000,Branch_49,ATM_CASH_WITHDRAWAL,SYNTHETIC / SIMULATED DATA — NOT REAL FINANCIAL DATA
TXN002481,2026-09-19 05:39:36,2026-09-19,05:39:36,Saturday,5,17.465033,78.383688,ATM_HYD_902,Petrol Pump ATM - Medchal Highway,Isolated / Peripheral Zone,Hyderabad,40000,Branch_58,ATM_CASH_WITHDRAWAL,SYNTHETIC / SIMULATED DATA — NOT REAL FINANCIAL DATA
TXN000021,2026-09-19 06:59:02,2026-09-19,06:59:02,Saturday,6,17.433402,78.495816,ATM_HYD_302,Bank of Baroda ATM - Clock Tower Cir,Secunderabad Station Transit Hub,Hyderabad,50000,Branch_29,ATM_CASH_WITHDRAWAL,SYNTHETIC / SIMULATED DATA — NOT REAL FINANCIAL DATA
TXN000230,2026-09-19 07:00:09,2026-09-19,07:00:09,Saturday,7,17.4453,78.506513,ATM_HYD_301,Punjab National Bank - Railway Gate 1,Secunderabad Station Transit Hub,Hyderabad,20000,Branch_43,ATM_CASH_WITHDRAWAL,SYNTHETIC / SIMULATED DATA — NOT REAL FINANCIAL DATA
TXN000618,2026-09-19 08:30:05,2026-09-19,08:30:05,Saturday,8,17.437848,78.449877,ATM_HYD_104,Axis Bank ATM - Elephant House,Ameerpet Commercial Hub,Hyderabad,30000,Branch_47,ATM_CASH_WITHDRAWAL,SYNTHETIC / SIMULATED DATA — NOT REAL FINANCIAL DATA
TXN001479,2026-09-19 09:18:56,2026-09-19,09:18:56,Saturday,9,17.368929,78.528616,ATM_HYD_404,Canara Bank ATM - Dilsukhnagar Bus Depot,Dilsukhnagar Market Corridor,Hyderabad,22000,Branch_42,ATM_CASH_WITHDRAWAL,SYNTHETIC / SIMULATED DATA — NOT REAL FINANCIAL DATA
TXN002333,2026-09-19 10:24:08,2026-09-19,10:24:08,Saturday,10,17.355333,78.503668,ATM_HYD_902,Petrol Pump ATM - Medchal Highway,Isolated / Peripheral Zone,Hyderabad,30000,Branch_75,ATM_CASH_WITHDRAWAL,SYNTHETIC / SIMULATED DATA — NOT REAL FINANCIAL DATA
TXN001218,2026-09-19 11:53:23,2026-09-19,11:53:23,Saturday,11,17.442776,78.497355,ATM_HYD_304,Union Bank ATM - Patny Circle,Secunderabad Station Transit Hub,Hyderabad,40000,Branch_42,ATM_CASH_WITHDRAWAL,SYNTHETIC / SIMULATED DATA — NOT REAL FINANCIAL DATA
TXN000290,2026-09-19 12:13:37,2026-09-19,12:13:37,Saturday,12,17.441202,78.503078,ATM_HYD_304,Union Bank ATM - Patny Circle,Secunderabad Station Transit Hub,Hyderabad,20000,Branch_13,ATM_CASH_WITHDRAWAL,SYNTHETIC / SIMULATED DATA — NOT REAL FINANCIAL DATA
TXN002326,2026-09-19 12:57:41,2026-09-19,12:57:41,Saturday,12,17.415278,78.456264,ATM_HYD_903,Market Yard Cash Point - Shamshabad Link,Isolated / Peripheral Zone,Hyderabad,25000,Branch_81,ATM_CASH_WITHDRAWAL,SYNTHETIC / SIMULATED DATA — NOT REAL FINANCIAL DATA
TXN000645,2026-09-19 13:18:57,2026-09-19,13:18:57,Saturday,13,17.440522,78.448371,ATM_HYD_105,Canara Bank Express ATM - SR Nagar,Ameerpet Commercial Hub,Hyderabad,15000,Branch_30,ATM_CASH_WITHDRAWAL,SYNTHETIC / SIMULATED DATA — NOT REAL FINANCIAL DATA
TXN001170,2026-09-19 13:29:42,2026-09-19,13:29:42,Saturday,13,17.436005,78.448825,ATM_HYD_101,SBI Kiosk - Ameerpet Metro Junction,Ameerpet Commercial Hub,Hyderabad,20000,Branch_26,ATM_CASH_WITHDRAWAL,SYNTHETIC / SIMULATED DATA — NOT REAL FINANCIAL DATA
TXN000671,2026-09-19 14:11:36,2026-09-19,14:11:36,Saturday,14,17.436431,78.449423,ATM_HYD_102,HDFC 24x7 Cash Point - Maitrivanam,Ameerpet Commercial Hub,Hyderabad,50000,Branch_19,ATM_CASH_WITHDRAWAL,SYNTHETIC / SIMULATED DATA — NOT REAL FINANCIAL DATA
TXN000657,2026-09-19 14:14:39,2026-09-19,14:14:39,Saturday,14,17.434431,78.451529,ATM_HYD_104,Axis Bank ATM - Elephant House,Ameerpet Commercial Hub,Hyderabad,40000,Branch_22,ATM_CASH_WITHDRAWAL,SYNTHETIC / SIMULATED DATA — NOT REAL FINANCIAL DATA
TXN002337,2026-09-19 14:26:08,2026-09-19,14:26:08,Saturday,14,17.351804,78.364432,ATM_HYD_904,Express ATM - Uppal Outskirts,Isolated / Peripheral Zone,Hyderabad,25000,Branch_60,ATM_CASH_WITHDRAWAL,SYNTHETIC / SIMULATED DATA — NOT REAL FINANCIAL DATA
TXN000218,2026-09-19 14:28:02,2026-09-19,14:28:02,Saturday,14,17.438342,78.501183,ATM_HYD_303,SBI Multi-Service Lounge - Station Rd,Secunderabad Station Transit Hub,Hyderabad,22000,Branch_14,ATM_CASH_WITHDRAWAL,SYNTHETIC / SIMULATED DATA — NOT REAL FINANCIAL DATA
TXN002268,2026-09-19 14:37:27,2026-09-19,14:37:27,Saturday,14,17.323787,78.436967,ATM_HYD_901,Rural Kiosk - Outer Ring Road Exit 4,Isolated / Peripheral Zone,Hyderabad,10000,Branch_74,ATM_CASH_WITHDRAWAL,SYNTHETIC / SIMULATED DATA — NOT REAL FINANCIAL DATA
TXN000470,2026-09-19 15:15:02,2026-09-19,15:15:02,Saturday,15,17.363579,78.474096,ATM_HYD_501,Bank of India - Madina Market,Charminar Heritage Bazaar,Hyderabad,20000,Branch_34,ATM_CASH_WITHDRAWAL,SYNTHETIC / SIMULATED DATA — NOT REAL FINANCIAL DATA
TXN001976,2026-09-19 15:29:52,2026-09-19,15:29:52,Saturday,15,17.357847,78.474049,ATM_HYD_503,HDFC Bank Kiosk - Nayapul Bridge,Charminar Heritage Bazaar,Hyderabad,20000,Branch_20,ATM_CASH_WITHDRAWAL,SYNTHETIC / SIMULATED DATA — NOT REAL FINANCIAL DATA
TXN000367,2026-09-19 15:39:40,2026-09-19,15:39:40,Saturday,15,17.362097,78.482326,ATM_HYD_501,Bank of India - Madina Market,Charminar Heritage Bazaar,Hyderabad,10000,Branch_49,ATM_CASH_WITHDRAWAL,SYNTHETIC / SIMULATED DATA — NOT REAL FINANCIAL DATA
TXN000271,2026-09-19 15:50:08,2026-09-19,15:50:08,Saturday,15,17.370421,78.521377,ATM_HYD_403,HDFC Cash Machine - Malakpet Link,Dilsukhnagar Market Corridor,Hyderabad,15000,Branch_41,ATM_CASH_WITHDRAWAL,SYNTHETIC / SIMULATED DATA — NOT REAL FINANCIAL DATA
TXN001883,2026-09-19 16:21:34,2026-09-19,16:21:34,Saturday,16,17.437894,78.501923,ATM_HYD_302,Bank of Baroda ATM - Clock Tower Cir,Secunderabad Station Transit Hub,Hyderabad,25000,Branch_40,ATM_CASH_WITHDRAWAL,SYNTHETIC / SIMULATED DATA — NOT REAL FINANCIAL DATA
TXN002306,2026-09-19 16:22:00,2026-09-19,16:22:00,Saturday,16,17.408198,78.372947,ATM_HYD_901,Rural Kiosk - Outer Ring Road Exit 4,Isolated / Peripheral Zone,Hyderabad,20000,Branch_96,ATM_CASH_WITHDRAWAL,SYNTHETIC / SIMULATED DATA — NOT REAL FINANCIAL DATA
TXN002343,2026-09-19 16:35:32,2026-09-19,16:35:32,Saturday,16,17.326749,78.469014,ATM_HYD_904,Express ATM - Uppal Outskirts,Isolated / Peripheral Zone,Hyderabad,20000,Branch_63,ATM_CASH_WITHDRAWAL,SYNTHETIC / SIMULATED DATA — NOT REAL FINANCIAL DATA
TXN000426,2026-09-19 17:17:49,2026-09-19,17:17:49,Saturday,17,17.44521,78.38279,ATM_HYD_205,IndusInd Bank 24/7 ATM - Kavuri Hills,Madhapur Tech Corridor,Hyderabad,40000,Branch_33,ATM_CASH_WITHDRAWAL,SYNTHETIC / SIMULATED DATA — NOT REAL FINANCIAL DATA
TXN000203,2026-09-19 18:07:18,2026-09-19,18:07:18,Saturday,18,17.437482,78.45041,ATM_HYD_102,HDFC 24x7 Cash Point - Maitrivanam,Ameerpet Commercial Hub,Hyderabad,20000,Branch_47,ATM_CASH_WITHDRAWAL,SYNTHETIC / SIMULATED DATA — NOT REAL FINANCIAL DATA
TXN002070,2026-09-19 18:14:42,2026-09-19,18:14:42,Saturday,18,17.448809,78.397046,ATM_HYD_202,SBI ATM - Hitec City Metro Pillar 24,Madhapur Tech Corridor,Hyderabad,8000,Branch_35,ATM_CASH_WITHDRAWAL,SYNTHETIC / SIMULATED DATA — NOT REAL FINANCIAL DATA
TXN001522,2026-09-19 18:25:38,2026-09-19,18:25:38,Saturday,18,17.364046,78.474319,ATM_HYD_502,SBI ATM - Gulzar Houz,Charminar Heritage Bazaar,Hyderabad,30000,Branch_21,ATM_CASH_WITHDRAWAL,SYNTHETIC / SIMULATED DATA — NOT REAL FINANCIAL DATA
TXN001949,2026-09-19 18:31:11,2026-09-19,18:31:11,Saturday,18,17.453087,78.381134,ATM_HYD_204,ICICI Bank Express ATM - Madhapur Police Station,Madhapur Tech Corridor,Hyderabad,30000,Branch_29,ATM_CASH_WITHDRAWAL,SYNTHETIC / SIMULATED DATA — NOT REAL FINANCIAL DATA
TXN001328,2026-09-19 18:33:14,2026-09-19,18:33:14,Saturday,18,17.368758,78.530394,ATM_HYD_404,Canara Bank ATM - Dilsukhnagar Bus Depot,Dilsukhnagar Market Corridor,Hyderabad,20000,Branch_35,ATM_CASH_WITHDRAWAL,SYNTHETIC / SIMULATED DATA — NOT REAL FINANCIAL DATA
TXN001258,2026-09-19 18:47:34,2026-09-19,18:47:34,Saturday,18,17.445931,78.392765,ATM_HYD_205,IndusInd Bank 24/7 ATM - Kavuri Hills,Madhapur Tech Corridor,Hyderabad,10000,Branch_29,ATM_CASH_WITHDRAWAL,SYNTHETIC / SIMULATED DATA — NOT REAL FINANCIAL DATA
TXN001384,2026-09-19 18:48:09,2026-09-19,18:48:09,Saturday,18,17.443787,78.446695,ATM_HYD_104,Axis Bank ATM - Elephant House,Ameerpet Commercial Hub,Hyderabad,15000,Branch_40,ATM_CASH_WITHDRAWAL,SYNTHETIC / SIMULATED DATA — NOT REAL FINANCIAL DATA
TXN000881,2026-09-19 18:57:32,2026-09-19,18:57:32,Saturday,18,17.437643,78.450045,ATM_HYD_104,Axis Bank ATM - Elephant House,Ameerpet Commercial Hub,Hyderabad,10000,Branch_31,ATM_CASH_WITHDRAWAL,SYNTHETIC / SIMULATED DATA — NOT REAL FINANCIAL DATA
TXN002037,2026-09-19 19:27:02,2026-09-19,19:27:02,Saturday,19,17.44049,78.447189,ATM_HYD_101,SBI Kiosk - Ameerpet Metro Junction,Ameerpet Commercial Hub,Hyderabad,25000,Branch_30,ATM_CASH_WITHDRAWAL,SYNTHETIC / SIMULATED DATA — NOT REAL FINANCIAL DATA
TXN001295,2026-09-19 19:40:10,2026-09-19,19:40:10,Saturday,19,17.364547,78.520663,ATM_HYD_404,Canara Bank ATM - Dilsukhnagar Bus Depot,Dilsukhnagar Market Corridor,Hyderabad,30000,Branch_29,ATM_CASH_WITHDRAWAL,SYNTHETIC / SIMULATED DATA — NOT REAL FINANCIAL DATA
TXN000700,2026-09-19 19:51:35,2026-09-19,19:51:35,Saturday,19,17.443988,78.390904,ATM_HYD_202,SBI ATM - Hitec City Metro Pillar 24,Madhapur Tech Corridor,Hyderabad,50000,Branch_13,ATM_CASH_WITHDRAWAL,SYNTHETIC / SIMULATED DATA — NOT REAL FINANCIAL DATA
TXN000712,2026-09-19 20:02:40,2026-09-19,20:02:40,Saturday,20,17.435455,78.496173,ATM_HYD_301,Punjab National Bank - Railway Gate 1,Secunderabad Station Transit Hub,Hyderabad,25000,Branch_46,ATM_CASH_WITHDRAWAL,SYNTHETIC / SIMULATED DATA — NOT REAL FINANCIAL DATA
TXN000066,2026-09-19 20:20:25,2026-09-19,20:20:25,Saturday,20,17.447133,78.39199,ATM_HYD_203,HDFC Bank E-Corner - Inorbit Road,Madhapur Tech Corridor,Hyderabad,30000,Branch_45,ATM_CASH_WITHDRAWAL,SYNTHETIC / SIMULATED DATA — NOT REAL FINANCIAL DATA
TXN001293,2026-09-19 20:30:46,2026-09-19,20:30:46,Saturday,20,17.447829,78.384436,ATM_HYD_202,SBI ATM - Hitec City Metro Pillar 24,Madhapur Tech Corridor,Hyderabad,20000,Branch_21,ATM_CASH_WITHDRAWAL,SYNTHETIC / SIMULATED DATA — NOT REAL FINANCIAL DATA
TXN000030,2026-09-19 20:31:13,2026-09-19,20:31:13,Saturday,20,17.438152,78.450708,ATM_HYD_101,SBI Kiosk - Ameerpet Metro Junction,Ameerpet Commercial Hub,Hyderabad,40000,Branch_46,ATM_CASH_WITHDRAWAL,SYNTHETIC / SIMULATED DATA — NOT REAL FINANCIAL DATA
TXN002103,2026-09-19 20:53:16,2026-09-19,20:53:16,Saturday,20,17.435378,78.450391,ATM_HYD_103,ICICI e-Lobby - Ameerpet Cross Roads,Ameerpet Commercial Hub,Hyderabad,30000,Branch_15,ATM_CASH_WITHDRAWAL,SYNTHETIC / SIMULATED DATA — NOT REAL FINANCIAL DATA
TXN002164,2026-09-19 21:02:58,2026-09-19,21:02:58,Saturday,21,17.368397,78.521569,ATM_HYD_402,Andhra Bank (UBI) ATM - Chaitanyapuri,Dilsukhnagar Market Corridor,Hyderabad,50000,Branch_39,ATM_CASH_WITHDRAWAL,SYNTHETIC / SIMULATED DATA — NOT REAL FINANCIAL DATA
TXN001952,2026-09-19 21:15:44,2026-09-19,21:15:44,Saturday,21,17.442669,78.451765,ATM_HYD_105,Canara Bank Express ATM - SR Nagar,Ameerpet Commercial Hub,Hyderabad,20000,Branch_33,ATM_CASH_WITHDRAWAL,SYNTHETIC / SIMULATED DATA — NOT REAL FINANCIAL DATA
TXN000686,2026-09-19 22:43:21,2026-09-19,22:43:21,Saturday,22,17.447178,78.395262,ATM_HYD_205,IndusInd Bank 24/7 ATM - Kavuri Hills,Madhapur Tech Corridor,Hyderabad,15000,Branch_48,ATM_CASH_WITHDRAWAL,SYNTHETIC / SIMULATED DATA — NOT REAL FINANCIAL DATA
TXN001090,2026-09-19 23:28:38,2026-09-19,23:28:38,Saturday,23,17.435132,78.441445,ATM_HYD_105,Canara Bank Express ATM - SR Nagar,Ameerpet Commercial Hub,Hyderabad,50000,Branch_40,ATM_CASH_WITHDRAWAL,SYNTHETIC / SIMULATED DATA — NOT REAL FINANCIAL DATA
TXN001810,2026-09-19 23:47:49,2026-09-19,23:47:49,Saturday,23,17.437477,78.444477,ATM_HYD_102,HDFC 24x7 Cash Point - Maitrivanam,Ameerpet Commercial Hub,Hyderabad,15000,Branch_37,ATM_CASH_WITHDRAWAL,SYNTHETIC / SIMULATED DATA — NOT REAL FINANCIAL DATA
TXN001100,2026-09-20 02:53:21,2026-09-20,02:53:21,Sunday,2,17.447066,78.391418,ATM_HYD_201,Kotak ATM - Cyber Towers Concourse,Madhapur Tech Corridor,Hyderabad,10000,Branch_23,ATM_CASH_WITHDRAWAL,SYNTHETIC / SIMULATED DATA — NOT REAL FINANCIAL DATA
TXN001832,2026-09-20 03:04:50,2026-09-20,03:04:50,Sunday,3,17.435604,78.501861,ATM_HYD_301,Punjab National Bank - Railway Gate 1,Secunderabad Station Transit Hub,Hyderabad,10000,Branch_10,ATM_CASH_WITHDRAWAL,SYNTHETIC / SIMULATED DATA — NOT REAL FINANCIAL DATA
TXN000548,2026-09-20 03:32:07,2026-09-20,03:32:07,Sunday,3,17.439786,78.502838,ATM_HYD_304,Union Bank ATM - Patny Circle,Secunderabad Station Transit Hub,Hyderabad,25000,Branch_42,ATM_CASH_WITHDRAWAL,SYNTHETIC / SIMULATED DATA — NOT REAL FINANCIAL DATA
TXN000465,2026-09-20 05:12:59,2026-09-20,05:12:59,Sunday,5,17.362209,78.476662,ATM_HYD_503,HDFC Bank Kiosk - Nayapul Bridge,Charminar Heritage Bazaar,Hyderabad,25000,Branch_20,ATM_CASH_WITHDRAWAL,SYNTHETIC / SIMULATED DATA — NOT REAL FINANCIAL DATA
TXN001934,2026-09-20 05:30:34,2026-09-20,05:30:34,Sunday,5,17.444176,78.494656,ATM_HYD_304,Union Bank ATM - Patny Circle,Secunderabad Station Transit Hub,Hyderabad,30000,Branch_15,ATM_CASH_WITHDRAWAL,SYNTHETIC / SIMULATED DATA — NOT REAL FINANCIAL DATA
TXN001692,2026-09-20 06:38:01,2026-09-20,06:38:01,Sunday,6,17.444121,78.393602,ATM_HYD_203,HDFC Bank E-Corner - Inorbit Road,Madhapur Tech Corridor,Hyderabad,25000,Branch_48,ATM_CASH_WITHDRAWAL,SYNTHETIC / SIMULATED DATA — NOT REAL FINANCIAL DATA
TXN001396,2026-09-20 08:16:43,2026-09-20,08:16:43,Sunday,8,17.367462,78.525569,ATM_HYD_401,SBI Express ATM - Dilsukhnagar Metro,Dilsukhnagar Market Corridor,Hyderabad,20000,Branch_20,ATM_CASH_WITHDRAWAL,SYNTHETIC / SIMULATED DATA — NOT REAL FINANCIAL DATA
TXN001982,2026-09-20 11:08:45,2026-09-20,11:08:45,Sunday,11,17.368657,78.524364,ATM_HYD_404,Canara Bank ATM - Dilsukhnagar Bus Depot,Dilsukhnagar Market Corridor,Hyderabad,20000,Branch_14,ATM_CASH_WITHDRAWAL,SYNTHETIC / SIMULATED DATA — NOT REAL FINANCIAL DATA
TXN001079,2026-09-20 11:34:07,2026-09-20,11:34:07,Sunday,11,17.43377,78.447365,ATM_HYD_101,SBI Kiosk - Ameerpet Metro Junction,Ameerpet Commercial Hub,Hyderabad,30000,Branch_22,ATM_CASH_WITHDRAWAL,SYNTHETIC / SIMULATED DATA — NOT REAL FINANCIAL DATA
TXN000992,2026-09-20 12:37:30,2026-09-20,12:37:30,Sunday,12,17.447009,78.503368,ATM_HYD_304,Union Bank ATM - Patny Circle,Secunderabad Station Transit Hub,Hyderabad,25000,Branch_27,ATM_CASH_WITHDRAWAL,SYNTHETIC / SIMULATED DATA — NOT REAL FINANCIAL DATA
TXN000882,2026-09-20 13:09:49,2026-09-20,13:09:49,Sunday,13,17.438678,78.495596,ATM_HYD_304,Union Bank ATM - Patny Circle,Secunderabad Station Transit Hub,Hyderabad,25000,Branch_43,ATM_CASH_WITHDRAWAL,SYNTHETIC / SIMULATED DATA — NOT REAL FINANCIAL DATA
TXN000810,2026-09-20 13:17:49,2026-09-20,13:17:49,Sunday,13,17.441213,78.447497,ATM_HYD_105,Canara Bank Express ATM - SR Nagar,Ameerpet Commercial Hub,Hyderabad,20000,Branch_46,ATM_CASH_WITHDRAWAL,SYNTHETIC / SIMULATED DATA — NOT REAL FINANCIAL DATA
TXN000880,2026-09-20 13:23:50,2026-09-20,13:23:50,Sunday,13,17.436996,78.449621,ATM_HYD_102,HDFC 24x7 Cash Point - Maitrivanam,Ameerpet Commercial Hub,Hyderabad,23000,Branch_15,ATM_CASH_WITHDRAWAL,SYNTHETIC / SIMULATED DATA — NOT REAL FINANCIAL DATA
TXN002080,2026-09-20 13:27:41,2026-09-20,13:27:41,Sunday,13,17.439272,78.499242,ATM_HYD_303,SBI Multi-Service Lounge - Station Rd,Secunderabad Station Transit Hub,Hyderabad,35000,Branch_18,ATM_CASH_WITHDRAWAL,SYNTHETIC / SIMULATED DATA — NOT REAL FINANCIAL DATA
TXN001996,2026-09-20 14:41:10,2026-09-20,14:41:10,Sunday,14,17.444673,78.498194,ATM_HYD_303,SBI Multi-Service Lounge - Station Rd,Secunderabad Station Transit Hub,Hyderabad,20000,Branch_40,ATM_CASH_WITHDRAWAL,SYNTHETIC / SIMULATED DATA — NOT REAL FINANCIAL DATA
TXN000455,2026-09-20 14:47:25,2026-09-20,14:47:25,Sunday,14,17.439753,78.441425,ATM_HYD_102,HDFC 24x7 Cash Point - Maitrivanam,Ameerpet Commercial Hub,Hyderabad,20000,Branch_13,ATM_CASH_WITHDRAWAL,SYNTHETIC / SIMULATED DATA — NOT REAL FINANCIAL DATA
TXN000797,2026-09-20 17:00:19,2026-09-20,17:00:19,Sunday,17,17.363135,78.471728,ATM_HYD_501,Bank of India - Madina Market,Charminar Heritage Bazaar,Hyderabad,25000,Branch_23,ATM_CASH_WITHDRAWAL,SYNTHETIC / SIMULATED DATA — NOT REAL FINANCIAL DATA
TXN001278,2026-09-20 17:33:48,2026-09-20,17:33:48,Sunday,17,17.35725,78.472725,ATM_HYD_503,HDFC Bank Kiosk - Nayapul Bridge,Charminar Heritage Bazaar,Hyderabad,30000,Branch_24,ATM_CASH_WITHDRAWAL,SYNTHETIC / SIMULATED DATA — NOT REAL FINANCIAL DATA
TXN000408,2026-09-20 18:06:28,2026-09-20,18:06:28,Sunday,18,17.435482,78.447651,ATM_HYD_102,HDFC 24x7 Cash Point - Maitrivanam,Ameerpet Commercial Hub,Hyderabad,10000,Branch_38,ATM_CASH_WITHDRAWAL,SYNTHETIC / SIMULATED DATA — NOT REAL FINANCIAL DATA
TXN000863,2026-09-20 18:39:03,2026-09-20,18:39:03,Sunday,18,17.447394,78.389753,ATM_HYD_204,ICICI Bank Express ATM - Madhapur Police Station,Madhapur Tech Corridor,Hyderabad,25000,Branch_43,ATM_CASH_WITHDRAWAL,SYNTHETIC / SIMULATED DATA — NOT REAL FINANCIAL DATA
TXN000325,2026-09-20 18:42:06,2026-09-20,18:42:06,Sunday,18,17.36071,78.476772,ATM_HYD_502,SBI ATM - Gulzar Houz,Charminar Heritage Bazaar,Hyderabad,50000,Branch_18,ATM_CASH_WITHDRAWAL,SYNTHETIC / SIMULATED DATA — NOT REAL FINANCIAL DATA
TXN001275,2026-09-20 18:51:52,2026-09-20,18:51:52,Sunday,18,17.442478,78.389863,ATM_HYD_202,SBI ATM - Hitec City Metro Pillar 24,Madhapur Tech Corridor,Hyderabad,50000,Branch_11,ATM_CASH_WITHDRAWAL,SYNTHETIC / SIMULATED DATA — NOT REAL FINANCIAL DATA
TXN002417,2026-09-20 18:57:37,2026-09-20,18:57:37,Sunday,18,17.466442,78.482628,ATM_HYD_904,Express ATM - Uppal Outskirts,Isolated / Peripheral Zone,Hyderabad,20000,Branch_64,ATM_CASH_WITHDRAWAL,SYNTHETIC / SIMULATED DATA — NOT REAL FINANCIAL DATA
TXN001614,2026-09-20 19:04:26,2026-09-20,19:04:26,Sunday,19,17.458297,78.387539,ATM_HYD_204,ICICI Bank Express ATM - Madhapur Police Station,Madhapur Tech Corridor,Hyderabad,10000,Branch_21,ATM_CASH_WITHDRAWAL,SYNTHETIC / SIMULATED DATA — NOT REAL FINANCIAL DATA
TXN001230,2026-09-20 19:19:23,2026-09-20,19:19:23,Sunday,19,17.445408,78.384875,ATM_HYD_201,Kotak ATM - Cyber Towers Concourse,Madhapur Tech Corridor,Hyderabad,25000,Branch_41,ATM_CASH_WITHDRAWAL,SYNTHETIC / SIMULATED DATA — NOT REAL FINANCIAL DATA
TXN001861,2026-09-20 19:37:24,2026-09-20,19:37:24,Sunday,19,17.437815,78.501507,ATM_HYD_304,Union Bank ATM - Patny Circle,Secunderabad Station Transit Hub,Hyderabad,50000,Branch_24,ATM_CASH_WITHDRAWAL,SYNTHETIC / SIMULATED DATA — NOT REAL FINANCIAL DATA
TXN002157,2026-09-20 19:41:12,2026-09-20,19:41:12,Sunday,19,17.440535,78.452052,ATM_HYD_105,Canara Bank Express ATM - SR Nagar,Ameerpet Commercial Hub,Hyderabad,40000,Branch_18,ATM_CASH_WITHDRAWAL,SYNTHETIC / SIMULATED DATA — NOT REAL FINANCIAL DATA
TXN002156,2026-09-20 20:20:58,2026-09-20,20:20:58,Sunday,20,17.440579,78.451277,ATM_HYD_101,SBI Kiosk - Ameerpet Metro Junction,Ameerpet Commercial Hub,Hyderabad,10000,Branch_46,ATM_CASH_WITHDRAWAL,SYNTHETIC / SIMULATED DATA — NOT REAL FINANCIAL DATA
TXN001519,2026-09-20 20:27:20,2026-09-20,20:27:20,Sunday,20,17.437315,78.449676,ATM_HYD_104,Axis Bank ATM - Elephant House,Ameerpet Commercial Hub,Hyderabad,40000,Branch_11,ATM_CASH_WITHDRAWAL,SYNTHETIC / SIMULATED DATA — NOT REAL FINANCIAL DATA
TXN000769,2026-09-20 20:40:19,2026-09-20,20:40:19,Sunday,20,17.454249,78.39382,ATM_HYD_205,IndusInd Bank 24/7 ATM - Kavuri Hills,Madhapur Tech Corridor,Hyderabad,40000,Branch_13,ATM_CASH_WITHDRAWAL,SYNTHETIC / SIMULATED DATA — NOT REAL FINANCIAL DATA
TXN000690,2026-09-20 21:02:44,2026-09-20,21:02:44,Sunday,21,17.43563,78.44924,ATM_HYD_104,Axis Bank ATM - Elephant House,Ameerpet Commercial Hub,Hyderabad,40000,Branch_24,ATM_CASH_WITHDRAWAL,SYNTHETIC / SIMULATED DATA — NOT REAL FINANCIAL DATA
TXN000922,2026-09-20 21:05:15,2026-09-20,21:05:15,Sunday,21,17.450311,78.397416,ATM_HYD_204,ICICI Bank Express ATM - Madhapur Police Station,Madhapur Tech Corridor,Hyderabad,20000,Branch_14,ATM_CASH_WITHDRAWAL,SYNTHETIC / SIMULATED DATA — NOT REAL FINANCIAL DATA
TXN002096,2026-09-20 21:38:30,2026-09-20,21:38:30,Sunday,21,17.36765,78.520678,ATM_HYD_403,HDFC Cash Machine - Malakpet Link,Dilsukhnagar Market Corridor,Hyderabad,25000,Branch_38,ATM_CASH_WITHDRAWAL,SYNTHETIC / SIMULATED DATA — NOT REAL FINANCIAL DATA
TXN001873,2026-09-20 21:53:25,2026-09-20,21:53:25,Sunday,21,17.446043,78.389534,ATM_HYD_202,SBI ATM - Hitec City Metro Pillar 24,Madhapur Tech Corridor,Hyderabad,20000,Branch_30,ATM_CASH_WITHDRAWAL,SYNTHETIC / SIMULATED DATA — NOT REAL FINANCIAL DATA
TXN000579,2026-09-20 22:08:21,2026-09-20,22:08:21,Sunday,22,17.447466,78.386701,ATM_HYD_205,IndusInd Bank 24/7 ATM - Kavuri Hills,Madhapur Tech Corridor,Hyderabad,15000,Branch_41,ATM_CASH_WITHDRAWAL,SYNTHETIC / SIMULATED DATA — NOT REAL FINANCIAL DATA
TXN000600,2026-09-20 22:54:51,2026-09-20,22:54:51,Sunday,22,17.432702,78.453973,ATM_HYD_101,SBI Kiosk - Ameerpet Metro Junction,Ameerpet Commercial Hub,Hyderabad,50000,Branch_46,ATM_CASH_WITHDRAWAL,SYNTHETIC / SIMULATED DATA — NOT REAL FINANCIAL DATA
TXN002474,2026-09-20 23:44:49,2026-09-20,23:44:49,Sunday,23,17.444373,78.48219,ATM_HYD_903,Market Yard Cash Point - Shamshabad Link,Isolated / Peripheral Zone,Hyderabad,20000,Branch_90,ATM_CASH_WITHDRAWAL,SYNTHETIC / SIMULATED DATA — NOT REAL FINANCIAL DATA
TXN001223,2026-09-20 23:49:23,2026-09-20,23:49:23,Sunday,23,17.448227,78.390868,ATM_HYD_203,HDFC Bank E-Corner - Inorbit Road,Madhapur Tech Corridor,Hyderabad,30000,Branch_19,ATM_CASH_WITHDRAWAL,SYNTHETIC / SIMULATED DATA — NOT REAL FINANCIAL DATA
TXN001052,2026-09-21 00:51:35,2026-09-21,00:51:35,Monday,0,17.443446,78.3855,ATM_HYD_205,IndusInd Bank 24/7 ATM - Kavuri Hills,Madhapur Tech Corridor,Hyderabad,10000,Branch_17,ATM_CASH_WITHDRAWAL,SYNTHETIC / SIMULATED DATA — NOT REAL FINANCIAL DATA
TXN001768,2026-09-21 03:38:09,2026-09-21,03:38:09,Monday,3,17.451376,78.395347,ATM_HYD_202,SBI ATM - Hitec City Metro Pillar 24,Madhapur Tech Corridor,Hyderabad,25000,Branch_44,ATM_CASH_WITHDRAWAL,SYNTHETIC / SIMULATED DATA — NOT REAL FINANCIAL DATA
TXN001742,2026-09-21 07:33:46,2026-09-21,07:33:46,Monday,7,17.438905,78.500519,ATM_HYD_304,Union Bank ATM - Patny Circle,Secunderabad Station Transit Hub,Hyderabad,25000,Branch_47,ATM_CASH_WITHDRAWAL,SYNTHETIC / SIMULATED DATA — NOT REAL FINANCIAL DATA
TXN000358,2026-09-21 13:16:23,2026-09-21,13:16:23,Monday,13,17.437523,78.499138,ATM_HYD_304,Union Bank ATM - Patny Circle,Secunderabad Station Transit Hub,Hyderabad,20000,Branch_41,ATM_CASH_WITHDRAWAL,SYNTHETIC / SIMULATED DATA — NOT REAL FINANCIAL DATA
TXN000266,2026-09-21 13:41:17,2026-09-21,13:41:17,Monday,13,17.435772,78.49665,ATM_HYD_302,Bank of Baroda ATM - Clock Tower Cir,Secunderabad Station Transit Hub,Hyderabad,25000,Branch_17,ATM_CASH_WITHDRAWAL,SYNTHETIC / SIMULATED DATA — NOT REAL FINANCIAL DATA
TXN001945,2026-09-21 13:56:43,2026-09-21,13:56:43,Monday,13,17.364451,78.528842,ATM_HYD_401,SBI Express ATM - Dilsukhnagar Metro,Dilsukhnagar Market Corridor,Hyderabad,20000,Branch_15,ATM_CASH_WITHDRAWAL,SYNTHETIC / SIMULATED DATA — NOT REAL FINANCIAL DATA
TXN000204,2026-09-21 14:14:25,2026-09-21,14:14:25,Monday,14,17.370355,78.522782,ATM_HYD_404,Canara Bank ATM - Dilsukhnagar Bus Depot,Dilsukhnagar Market Corridor,Hyderabad,30000,Branch_13,ATM_CASH_WITHDRAWAL,SYNTHETIC / SIMULATED DATA — NOT REAL FINANCIAL DATA
TXN000439,2026-09-21 14:52:13,2026-09-21,14:52:13,Monday,14,17.433025,78.49855,ATM_HYD_301,Punjab National Bank - Railway Gate 1,Secunderabad Station Transit Hub,Hyderabad,10000,Branch_30,ATM_CASH_WITHDRAWAL,SYNTHETIC / SIMULATED DATA — NOT REAL FINANCIAL DATA
TXN001971,2026-09-21 17:12:03,2026-09-21,17:12:03,Monday,17,17.43724,78.450745,ATM_HYD_101,SBI Kiosk - Ameerpet Metro Junction,Ameerpet Commercial Hub,Hyderabad,30000,Branch_21,ATM_CASH_WITHDRAWAL,SYNTHETIC / SIMULATED DATA — NOT REAL FINANCIAL DATA
TXN000200,2026-09-21 17:29:21,2026-09-21,17:29:21,Monday,17,17.367353,78.527127,ATM_HYD_401,SBI Express ATM - Dilsukhnagar Metro,Dilsukhnagar Market Corridor,Hyderabad,40000,Branch_29,ATM_CASH_WITHDRAWAL,SYNTHETIC / SIMULATED DATA — NOT REAL FINANCIAL DATA
TXN001009,2026-09-21 17:38:35,2026-09-21,17:38:35,Monday,17,17.442079,78.448247,ATM_HYD_105,Canara Bank Express ATM - SR Nagar,Ameerpet Commercial Hub,Hyderabad,10000,Branch_33,ATM_CASH_WITHDRAWAL,SYNTHETIC / SIMULATED DATA — NOT REAL FINANCIAL DATA
TXN001221,2026-09-21 18:39:09,2026-09-21,18:39:09,Monday,18,17.361971,78.482963,ATM_HYD_503,HDFC Bank Kiosk - Nayapul Bridge,Charminar Heritage Bazaar,Hyderabad,10000,Branch_29,ATM_CASH_WITHDRAWAL,SYNTHETIC / SIMULATED DATA — NOT REAL FINANCIAL DATA
TXN000097,2026-09-21 19:04:32,2026-09-21,19:04:32,Monday,19,17.436359,78.391581,ATM_HYD_203,HDFC Bank E-Corner - Inorbit Road,Madhapur Tech Corridor,Hyderabad,25000,Branch_10,ATM_CASH_WITHDRAWAL,SYNTHETIC / SIMULATED DATA — NOT REAL FINANCIAL DATA
TXN000432,2026-09-21 19:10:20,2026-09-21,19:10:20,Monday,19,17.446781,78.504859,ATM_HYD_303,SBI Multi-Service Lounge - Station Rd,Secunderabad Station Transit Hub,Hyderabad,40000,Branch_28,ATM_CASH_WITHDRAWAL,SYNTHETIC / SIMULATED DATA — NOT REAL FINANCIAL DATA
TXN000502,2026-09-21 19:35:12,2026-09-21,19:35:12,Monday,19,17.454956,78.387147,ATM_HYD_203,HDFC Bank E-Corner - Inorbit Road,Madhapur Tech Corridor,Hyderabad,15000,Branch_13,ATM_CASH_WITHDRAWAL,SYNTHETIC / SIMULATED DATA — NOT REAL FINANCIAL DATA
TXN001167,2026-09-21 20:05:18,2026-09-21,20:05:18,Monday,20,17.374272,78.527331,ATM_HYD_404,Canara Bank ATM - Dilsukhnagar Bus Depot,Dilsukhnagar Market Corridor,Hyderabad,10000,Branch_15,ATM_CASH_WITHDRAWAL,SYNTHETIC / SIMULATED DATA — NOT REAL FINANCIAL DATA
TXN002184,2026-09-21 20:10:46,2026-09-21,20:10:46,Monday,20,17.434348,78.446495,ATM_HYD_105,Canara Bank Express ATM - SR Nagar,Ameerpet Commercial Hub,Hyderabad,25000,Branch_33,ATM_CASH_WITHDRAWAL,SYNTHETIC / SIMULATED DATA — NOT REAL FINANCIAL DATA
TXN001481,2026-09-21 21:04:01,2026-09-21,21:04:01,Monday,21,17.36828,78.528503,ATM_HYD_404,Canara Bank ATM - Dilsukhnagar Bus Depot,Dilsukhnagar Market Corridor,Hyderabad,20000,Branch_43,ATM_CASH_WITHDRAWAL,SYNTHETIC / SIMULATED DATA — NOT REAL FINANCIAL DATA
TXN001960,2026-09-21 21:24:16,2026-09-21,21:24:16,Monday,21,17.372875,78.528421,ATM_HYD_402,Andhra Bank (UBI) ATM - Chaitanyapuri,Dilsukhnagar Market Corridor,Hyderabad,30000,Branch_46,ATM_CASH_WITHDRAWAL,SYNTHETIC / SIMULATED DATA — NOT REAL FINANCIAL DATA
TXN000956,2026-09-21 21:46:10,2026-09-21,21:46:10,Monday,21,17.45266,78.391924,ATM_HYD_203,HDFC Bank E-Corner - Inorbit Road,Madhapur Tech Corridor,Hyderabad,40000,Branch_39,ATM_CASH_WITHDRAWAL,SYNTHETIC / SIMULATED DATA — NOT REAL FINANCIAL DATA
TXN001537,2026-09-21 21:51:00,2026-09-21,21:51:00,Monday,21,17.437656,78.450588,ATM_HYD_101,SBI Kiosk - Ameerpet Metro Junction,Ameerpet Commercial Hub,Hyderabad,25000,Branch_34,ATM_CASH_WITHDRAWAL,SYNTHETIC / SIMULATED DATA — NOT REAL FINANCIAL DATA
TXN001120,2026-09-21 22:25:56,2026-09-21,22:25:56,Monday,22,17.438041,78.449492,ATM_HYD_101,SBI Kiosk - Ameerpet Metro Junction,Ameerpet Commercial Hub,Hyderabad,15000,Branch_34,ATM_CASH_WITHDRAWAL,SYNTHETIC / SIMULATED DATA — NOT REAL FINANCIAL DATA
TXN000227,2026-09-21 22:27:32,2026-09-21,22:27:32,Monday,22,17.359108,78.471857,ATM_HYD_501,Bank of India - Madina Market,Charminar Heritage Bazaar,Hyderabad,25000,Branch_33,ATM_CASH_WITHDRAWAL,SYNTHETIC / SIMULATED DATA — NOT REAL FINANCIAL DATA
TXN001969,2026-09-21 23:25:31,2026-09-21,23:25:31,Monday,23,17.452269,78.38984,ATM_HYD_205,IndusInd Bank 24/7 ATM - Kavuri Hills,Madhapur Tech Corridor,Hyderabad,20000,Branch_28,ATM_CASH_WITHDRAWAL,SYNTHETIC / SIMULATED DATA — NOT REAL FINANCIAL DATA
TXN000542,2026-09-22 00:06:59,2026-09-22,00:06:59,Tuesday,0,17.435224,78.498937,ATM_HYD_303,SBI Multi-Service Lounge - Station Rd,Secunderabad Station Transit Hub,Hyderabad,10000,Branch_26,ATM_CASH_WITHDRAWAL,SYNTHETIC / SIMULATED DATA — NOT REAL FINANCIAL DATA
TXN001254,2026-09-22 04:32:55,2026-09-22,04:32:55,Tuesday,4,17.432685,78.446536,ATM_HYD_102,HDFC 24x7 Cash Point - Maitrivanam,Ameerpet Commercial Hub,Hyderabad,20000,Branch_45,ATM_CASH_WITHDRAWAL,SYNTHETIC / SIMULATED DATA — NOT REAL FINANCIAL DATA
TXN000100,2026-09-22 06:02:01,2026-09-22,06:02:01,Tuesday,6,17.438246,78.452727,ATM_HYD_105,Canara Bank Express ATM - SR Nagar,Ameerpet Commercial Hub,Hyderabad,25000,Branch_47,ATM_CASH_WITHDRAWAL,SYNTHETIC / SIMULATED DATA — NOT REAL FINANCIAL DATA
TXN000084,2026-09-22 06:08:41,2026-09-22,06:08:41,Tuesday,6,17.439343,78.449686,ATM_HYD_104,Axis Bank ATM - Elephant House,Ameerpet Commercial Hub,Hyderabad,25000,Branch_48,ATM_CASH_WITHDRAWAL,SYNTHETIC / SIMULATED DATA — NOT REAL FINANCIAL DATA
TXN001030,2026-09-22 06:35:29,2026-09-22,06:35:29,Tuesday,6,17.3711,78.522646,ATM_HYD_401,SBI Express ATM - Dilsukhnagar Metro,Dilsukhnagar Market Corridor,Hyderabad,25000,Branch_15,ATM_CASH_WITHDRAWAL,SYNTHETIC / SIMULATED DATA — NOT REAL FINANCIAL DATA
TXN002440,2026-09-22 08:00:04,2026-09-22,08:00:04,Tuesday,8,17.484193,78.346699,ATM_HYD_901,Rural Kiosk - Outer Ring Road Exit 4,Isolated / Peripheral Zone,Hyderabad,50000,Branch_77,ATM_CASH_WITHDRAWAL,SYNTHETIC / SIMULATED DATA — NOT REAL FINANCIAL DATA
TXN002404,2026-09-22 08:27:16,2026-09-22,08:27:16,Tuesday,8,17.342463,78.550686,ATM_HYD_902,Petrol Pump ATM - Medchal Highway,Isolated / Peripheral Zone,Hyderabad,40000,Branch_52,ATM_CASH_WITHDRAWAL,SYNTHETIC / SIMULATED DATA — NOT REAL FINANCIAL DATA
TXN002407,2026-09-22 10:46:58,2026-09-22,10:46:58,Tuesday,10,17.336465,78.575511,ATM_HYD_902,Petrol Pump ATM - Medchal Highway,Isolated / Peripheral Zone,Hyderabad,10000,Branch_86,ATM_CASH_WITHDRAWAL,SYNTHETIC / SIMULATED DATA — NOT REAL FINANCIAL DATA
TXN001875,2026-09-22 11:03:39,2026-09-22,11:03:39,Tuesday,11,17.442729,78.495085,ATM_HYD_301,Punjab National Bank - Railway Gate 1,Secunderabad Station Transit Hub,Hyderabad,10000,Branch_20,ATM_CASH_WITHDRAWAL,SYNTHETIC / SIMULATED DATA — NOT REAL FINANCIAL DATA
TXN001823,2026-09-22 12:00:31,2026-09-22,12:00:31,Tuesday,12,17.446867,78.50277,ATM_HYD_301,Punjab National Bank - Railway Gate 1,Secunderabad Station Transit Hub,Hyderabad,40000,Branch_11,ATM_CASH_WITHDRAWAL,SYNTHETIC / SIMULATED DATA — NOT REAL FINANCIAL DATA
TXN000322,2026-09-22 12:54:32,2026-09-22,12:54:32,Tuesday,12,17.436479,78.507219,ATM_HYD_304,Union Bank ATM - Patny Circle,Secunderabad Station Transit Hub,Hyderabad,20000,Branch_22,ATM_CASH_WITHDRAWAL,SYNTHETIC / SIMULATED DATA — NOT REAL FINANCIAL DATA
TXN001296,2026-09-22 12:57:22,2026-09-22,12:57:22,Tuesday,12,17.437148,78.452965,ATM_HYD_105,Canara Bank Express ATM - SR Nagar,Ameerpet Commercial Hub,Hyderabad,12000,Branch_48,ATM_CASH_WITHDRAWAL,SYNTHETIC / SIMULATED DATA — NOT REAL FINANCIAL DATA
TXN000751,2026-09-22 13:28:19,2026-09-22,13:28:19,Tuesday,13,17.437027,78.443463,ATM_HYD_104,Axis Bank ATM - Elephant House,Ameerpet Commercial Hub,Hyderabad,40000,Branch_26,ATM_CASH_WITHDRAWAL,SYNTHETIC / SIMULATED DATA — NOT REAL FINANCIAL DATA
TXN001216,2026-09-22 13:32:35,2026-09-22,13:32:35,Tuesday,13,17.43616,78.451697,ATM_HYD_105,Canara Bank Express ATM - SR Nagar,Ameerpet Commercial Hub,Hyderabad,40000,Branch_31,ATM_CASH_WITHDRAWAL,SYNTHETIC / SIMULATED DATA — NOT REAL FINANCIAL DATA
TXN001365,2026-09-22 14:07:14,2026-09-22,14:07:14,Tuesday,14,17.440013,78.504407,ATM_HYD_302,Bank of Baroda ATM - Clock Tower Cir,Secunderabad Station Transit Hub,Hyderabad,25000,Branch_32,ATM_CASH_WITHDRAWAL,SYNTHETIC / SIMULATED DATA — NOT REAL FINANCIAL DATA
TXN001006,2026-09-22 14:47:48,2026-09-22,14:47:48,Tuesday,14,17.44577,78.495727,ATM_HYD_302,Bank of Baroda ATM - Clock Tower Cir,Secunderabad Station Transit Hub,Hyderabad,10000,Branch_23,ATM_CASH_WITHDRAWAL,SYNTHETIC / SIMULATED DATA — NOT REAL FINANCIAL DATA
TXN002425,2026-09-22 14:52:27,2026-09-22,14:52:27,Tuesday,14,17.340183,78.517631,ATM_HYD_901,Rural Kiosk - Outer Ring Road Exit 4,Isolated / Peripheral Zone,Hyderabad,20000,Branch_62,ATM_CASH_WITHDRAWAL,SYNTHETIC / SIMULATED DATA — NOT REAL FINANCIAL DATA
TXN000889,2026-09-22 15:17:09,2026-09-22,15:17:09,Tuesday,15,17.432572,78.444302,ATM_HYD_102,HDFC 24x7 Cash Point - Maitrivanam,Ameerpet Commercial Hub,Hyderabad,20000,Branch_28,ATM_CASH_WITHDRAWAL,SYNTHETIC / SIMULATED DATA — NOT REAL FINANCIAL DATA
TXN001349,2026-09-22 15:44:46,2026-09-22,15:44:46,Tuesday,15,17.359584,78.472827,ATM_HYD_503,HDFC Bank Kiosk - Nayapul Bridge,Charminar Heritage Bazaar,Hyderabad,20000,Branch_23,ATM_CASH_WITHDRAWAL,SYNTHETIC / SIMULATED DATA — NOT REAL FINANCIAL DATA
TXN000401,2026-09-22 15:44:57,2026-09-22,15:44:57,Tuesday,15,17.430928,78.4539,ATM_HYD_104,Axis Bank ATM - Elephant House,Ameerpet Commercial Hub,Hyderabad,40000,Branch_48,ATM_CASH_WITHDRAWAL,SYNTHETIC / SIMULATED DATA — NOT REAL FINANCIAL DATA
TXN000530,2026-09-22 16:56:24,2026-09-22,16:56:24,Tuesday,16,17.366153,78.524702,ATM_HYD_401,SBI Express ATM - Dilsukhnagar Metro,Dilsukhnagar Market Corridor,Hyderabad,10000,Branch_38,ATM_CASH_WITHDRAWAL,SYNTHETIC / SIMULATED DATA — NOT REAL FINANCIAL DATA
TXN001878,2026-09-22 18:04:37,2026-09-22,18:04:37,Tuesday,18,17.454515,78.396496,ATM_HYD_205,IndusInd Bank 24/7 ATM - Kavuri Hills,Madhapur Tech Corridor,Hyderabad,25000,Branch_23,ATM_CASH_WITHDRAWAL,SYNTHETIC / SIMULATED DATA — NOT REAL FINANCIAL DATA
TXN000668,2026-09-22 18:22:31,2026-09-22,18:22:31,Tuesday,18,17.435919,78.443513,ATM_HYD_103,ICICI e-Lobby - Ameerpet Cross Roads,Ameerpet Commercial Hub,Hyderabad,20000,Branch_19,ATM_CASH_WITHDRAWAL,SYNTHETIC / SIMULATED DATA — NOT REAL FINANCIAL DATA
TXN002475,2026-09-22 18:24:39,2026-09-22,18:24:39,Tuesday,18,17.404238,78.43363,ATM_HYD_901,Rural Kiosk - Outer Ring Road Exit 4,Isolated / Peripheral Zone,Hyderabad,40000,Branch_76,ATM_CASH_WITHDRAWAL,SYNTHETIC / SIMULATED DATA — NOT REAL FINANCIAL DATA
TXN001630,2026-09-22 18:50:55,2026-09-22,18:50:55,Tuesday,18,17.445285,78.400167,ATM_HYD_201,Kotak ATM - Cyber Towers Concourse,Madhapur Tech Corridor,Hyderabad,42000,Branch_11,ATM_CASH_WITHDRAWAL,SYNTHETIC / SIMULATED DATA — NOT REAL FINANCIAL DATA
TXN002445,2026-09-22 18:59:39,2026-09-22,18:59:39,Tuesday,18,17.495742,78.505077,ATM_HYD_901,Rural Kiosk - Outer Ring Road Exit 4,Isolated / Peripheral Zone,Hyderabad,15000,Branch_55,ATM_CASH_WITHDRAWAL,SYNTHETIC / SIMULATED DATA — NOT REAL FINANCIAL DATA
TXN001781,2026-09-22 19:25:02,2026-09-22,19:25:02,Tuesday,19,17.432556,78.443267,ATM_HYD_102,HDFC 24x7 Cash Point - Maitrivanam,Ameerpet Commercial Hub,Hyderabad,20000,Branch_33,ATM_CASH_WITHDRAWAL,SYNTHETIC / SIMULATED DATA — NOT REAL FINANCIAL DATA
TXN000725,2026-09-22 19:25:55,2026-09-22,19:25:55,Tuesday,19,17.440185,78.390434,ATM_HYD_204,ICICI Bank Express ATM - Madhapur Police Station,Madhapur Tech Corridor,Hyderabad,10000,Branch_21,ATM_CASH_WITHDRAWAL,SYNTHETIC / SIMULATED DATA — NOT REAL FINANCIAL DATA
TXN000015,2026-09-22 19:27:57,2026-09-22,19:27:57,Tuesday,19,17.436525,78.445714,ATM_HYD_105,Canara Bank Express ATM - SR Nagar,Ameerpet Commercial Hub,Hyderabad,40000,Branch_33,ATM_CASH_WITHDRAWAL,SYNTHETIC / SIMULATED DATA — NOT REAL FINANCIAL DATA
TXN000282,2026-09-22 19:30:15,2026-09-22,19:30:15,Tuesday,19,17.450825,78.400231,ATM_HYD_204,ICICI Bank Express ATM - Madhapur Police Station,Madhapur Tech Corridor,Hyderabad,10000,Branch_35,ATM_CASH_WITHDRAWAL,SYNTHETIC / SIMULATED DATA — NOT REAL FINANCIAL DATA
TXN000143,2026-09-22 19:35:48,2026-09-22,19:35:48,Tuesday,19,17.45062,78.395645,ATM_HYD_204,ICICI Bank Express ATM - Madhapur Police Station,Madhapur Tech Corridor,Hyderabad,20000,Branch_39,ATM_CASH_WITHDRAWAL,SYNTHETIC / SIMULATED DATA — NOT REAL FINANCIAL DATA
TXN001341,2026-09-22 20:04:24,2026-09-22,20:04:24,Tuesday,20,17.438022,78.443632,ATM_HYD_102,HDFC 24x7 Cash Point - Maitrivanam,Ameerpet Commercial Hub,Hyderabad,50000,Branch_23,ATM_CASH_WITHDRAWAL,SYNTHETIC / SIMULATED DATA — NOT REAL FINANCIAL DATA
TXN001459,2026-09-22 20:06:42,2026-09-22,20:06:42,Tuesday,20,17.433629,78.446246,ATM_HYD_105,Canara Bank Express ATM - SR Nagar,Ameerpet Commercial Hub,Hyderabad,25000,Branch_25,ATM_CASH_WITHDRAWAL,SYNTHETIC / SIMULATED DATA — NOT REAL FINANCIAL DATA
TXN000841,2026-09-22 20:50:02,2026-09-22,20:50:02,Tuesday,20,17.44176,78.451129,ATM_HYD_105,Canara Bank Express ATM - SR Nagar,Ameerpet Commercial Hub,Hyderabad,50000,Branch_38,ATM_CASH_WITHDRAWAL,SYNTHETIC / SIMULATED DATA — NOT REAL FINANCIAL DATA
TXN001763,2026-09-22 21:00:55,2026-09-22,21:00:55,Tuesday,21,17.439142,78.444632,ATM_HYD_104,Axis Bank ATM - Elephant House,Ameerpet Commercial Hub,Hyderabad,30000,Branch_13,ATM_CASH_WITHDRAWAL,SYNTHETIC / SIMULATED DATA — NOT REAL FINANCIAL DATA
TXN002086,2026-09-22 21:10:23,2026-09-22,21:10:23,Tuesday,21,17.4473,78.386744,ATM_HYD_203,HDFC Bank E-Corner - Inorbit Road,Madhapur Tech Corridor,Hyderabad,25000,Branch_20,ATM_CASH_WITHDRAWAL,SYNTHETIC / SIMULATED DATA — NOT REAL FINANCIAL DATA
TXN000816,2026-09-22 21:33:48,2026-09-22,21:33:48,Tuesday,21,17.445646,78.39993,ATM_HYD_202,SBI ATM - Hitec City Metro Pillar 24,Madhapur Tech Corridor,Hyderabad,20000,Branch_40,ATM_CASH_WITHDRAWAL,SYNTHETIC / SIMULATED DATA — NOT REAL FINANCIAL DATA
TXN002175,2026-09-22 21:36:16,2026-09-22,21:36:16,Tuesday,21,17.435665,78.449519,ATM_HYD_103,ICICI e-Lobby - Ameerpet Cross Roads,Ameerpet Commercial Hub,Hyderabad,8000,Branch_35,ATM_CASH_WITHDRAWAL,SYNTHETIC / SIMULATED DATA — NOT REAL FINANCIAL DATA
TXN002064,2026-09-22 21:46:33,2026-09-22,21:46:33,Tuesday,21,17.453279,78.384317,ATM_HYD_201,Kotak ATM - Cyber Towers Concourse,Madhapur Tech Corridor,Hyderabad,40000,Branch_16,ATM_CASH_WITHDRAWAL,SYNTHETIC / SIMULATED DATA — NOT REAL FINANCIAL DATA
TXN002314,2026-09-22 22:12:05,2026-09-22,22:12:05,Tuesday,22,17.372023,78.525236,ATM_HYD_901,Rural Kiosk - Outer Ring Road Exit 4,Isolated / Peripheral Zone,Hyderabad,40000,Branch_83,ATM_CASH_WITHDRAWAL,SYNTHETIC / SIMULATED DATA — NOT REAL FINANCIAL DATA
TXN001864,2026-09-22 22:15:20,2026-09-22,22:15:20,Tuesday,22,17.44908,78.387853,ATM_HYD_204,ICICI Bank Express ATM - Madhapur Police Station,Madhapur Tech Corridor,Hyderabad,25000,Branch_40,ATM_CASH_WITHDRAWAL,SYNTHETIC / SIMULATED DATA — NOT REAL FINANCIAL DATA
TXN001378,2026-09-22 22:15:51,2026-09-22,22:15:51,Tuesday,22,17.447915,78.394066,ATM_HYD_202,SBI ATM - Hitec City Metro Pillar 24,Madhapur Tech Corridor,Hyderabad,15000,Branch_24,ATM_CASH_WITHDRAWAL,SYNTHETIC / SIMULATED DATA — NOT REAL FINANCIAL DATA
TXN001766,2026-09-22 22:47:52,2026-09-22,22:47:52,Tuesday,22,17.443899,78.389714,ATM_HYD_203,HDFC Bank E-Corner - Inorbit Road,Madhapur Tech Corridor,Hyderabad,20000,Branch_24,ATM_CASH_WITHDRAWAL,SYNTHETIC / SIMULATED DATA — NOT REAL FINANCIAL DATA
TXN001531,2026-09-22 23:49:49,2026-09-22,23:49:49,Tuesday,23,17.449044,78.38903,ATM_HYD_201,Kotak ATM - Cyber Towers Concourse,Madhapur Tech Corridor,Hyderabad,30000,Branch_34,ATM_CASH_WITHDRAWAL,SYNTHETIC / SIMULATED DATA — NOT REAL FINANCIAL DATA
TXN002485,2026-09-23 00:04:59,2026-09-23,00:04:59,Wednesday,0,17.498974,78.379526,ATM_HYD_903,Market Yard Cash Point - Shamshabad Link,Isolated / Peripheral Zone,Hyderabad,10000,Branch_85,ATM_CASH_WITHDRAWAL,SYNTHETIC / SIMULATED DATA — NOT REAL FINANCIAL DATA
TXN001024,2026-09-23 00:36:41,2026-09-23,00:36:41,Wednesday,0,17.359618,78.472803,ATM_HYD_501,Bank of India - Madina Market,Charminar Heritage Bazaar,Hyderabad,30000,Branch_28,ATM_CASH_WITHDRAWAL,SYNTHETIC / SIMULATED DATA — NOT REAL FINANCIAL DATA
TXN001744,2026-09-23 01:37:32,2026-09-23,01:37:32,Wednesday,1,17.432519,78.446246,ATM_HYD_105,Canara Bank Express ATM - SR Nagar,Ameerpet Commercial Hub,Hyderabad,15000,Branch_43,ATM_CASH_WITHDRAWAL,SYNTHETIC / SIMULATED DATA — NOT REAL FINANCIAL DATA
TXN002031,2026-09-23 01:38:08,2026-09-23,01:38:08,Wednesday,1,17.434147,78.451577,ATM_HYD_105,Canara Bank Express ATM - SR Nagar,Ameerpet Commercial Hub,Hyderabad,20000,Branch_43,ATM_CASH_WITHDRAWAL,SYNTHETIC / SIMULATED DATA — NOT REAL FINANCIAL DATA
TXN000633,2026-09-23 01:42:20,2026-09-23,01:42:20,Wednesday,1,17.441174,78.386332,ATM_HYD_205,IndusInd Bank 24/7 ATM - Kavuri Hills,Madhapur Tech Corridor,Hyderabad,25000,Branch_22,ATM_CASH_WITHDRAWAL,SYNTHETIC / SIMULATED DATA — NOT REAL FINANCIAL DATA
TXN001754,2026-09-23 02:48:21,2026-09-23,02:48:21,Wednesday,2,17.437836,78.44789,ATM_HYD_102,HDFC 24x7 Cash Point - Maitrivanam,Ameerpet Commercial Hub,Hyderabad,30000,Branch_13,ATM_CASH_WITHDRAWAL,SYNTHETIC / SIMULATED DATA — NOT REAL FINANCIAL DATA
TXN001160,2026-09-23 02:57:59,2026-09-23,02:57:59,Wednesday,2,17.435391,78.447458,ATM_HYD_101,SBI Kiosk - Ameerpet Metro Junction,Ameerpet Commercial Hub,Hyderabad,15000,Branch_35,ATM_CASH_WITHDRAWAL,SYNTHETIC / SIMULATED DATA — NOT REAL FINANCIAL DATA
TXN000911,2026-09-23 06:59:42,2026-09-23,06:59:42,Wednesday,6,17.438374,78.496642,ATM_HYD_303,SBI Multi-Service Lounge - Station Rd,Secunderabad Station Transit Hub,Hyderabad,35000,Branch_32,ATM_CASH_WITHDRAWAL,SYNTHETIC / SIMULATED DATA — NOT REAL FINANCIAL DATA
TXN002413,2026-09-23 10:38:17,2026-09-23,10:38:17,Wednesday,10,17.449331,78.387772,ATM_HYD_902,Petrol Pump ATM - Medchal Highway,Isolated / Peripheral Zone,Hyderabad,25000,Branch_97,ATM_CASH_WITHDRAWAL,SYNTHETIC / SIMULATED DATA — NOT REAL FINANCIAL DATA
TXN001911,2026-09-23 13:20:50,2026-09-23,13:20:50,Wednesday,13,17.434733,78.44355,ATM_HYD_105,Canara Bank Express ATM - SR Nagar,Ameerpet Commercial Hub,Hyderabad,10000,Branch_15,ATM_CASH_WITHDRAWAL,SYNTHETIC / SIMULATED DATA — NOT REAL FINANCIAL DATA
TXN001324,2026-09-23 14:43:21,2026-09-23,14:43:21,Wednesday,14,17.43718,78.446606,ATM_HYD_101,SBI Kiosk - Ameerpet Metro Junction,Ameerpet Commercial Hub,Hyderabad,25000,Branch_27,ATM_CASH_WITHDRAWAL,SYNTHETIC / SIMULATED DATA — NOT REAL FINANCIAL DATA
TXN001306,2026-09-23 15:01:11,2026-09-23,15:01:11,Wednesday,15,17.369013,78.521786,ATM_HYD_403,HDFC Cash Machine - Malakpet Link,Dilsukhnagar Market Corridor,Hyderabad,20000,Branch_16,ATM_CASH_WITHDRAWAL,SYNTHETIC / SIMULATED DATA — NOT REAL FINANCIAL DATA
TXN001466,2026-09-23 15:40:05,2026-09-23,15:40:05,Wednesday,15,17.440913,78.444041,ATM_HYD_101,SBI Kiosk - Ameerpet Metro Junction,Ameerpet Commercial Hub,Hyderabad,25000,Branch_31,ATM_CASH_WITHDRAWAL,SYNTHETIC / SIMULATED DATA — NOT REAL FINANCIAL DATA
TXN001757,2026-09-23 16:17:46,2026-09-23,16:17:46,Wednesday,16,17.36413,78.4769,ATM_HYD_501,Bank of India - Madina Market,Charminar Heritage Bazaar,Hyderabad,8000,Branch_41,ATM_CASH_WITHDRAWAL,SYNTHETIC / SIMULATED DATA — NOT REAL FINANCIAL DATA
TXN000655,2026-09-23 17:00:36,2026-09-23,17:00:36,Wednesday,17,17.457939,78.384513,ATM_HYD_205,IndusInd Bank 24/7 ATM - Kavuri Hills,Madhapur Tech Corridor,Hyderabad,25000,Branch_44,ATM_CASH_WITHDRAWAL,SYNTHETIC / SIMULATED DATA — NOT REAL FINANCIAL DATA
TXN000018,2026-09-23 17:06:35,2026-09-23,17:06:35,Wednesday,17,17.445007,78.391942,ATM_HYD_203,HDFC Bank E-Corner - Inorbit Road,Madhapur Tech Corridor,Hyderabad,25000,Branch_17,ATM_CASH_WITHDRAWAL,SYNTHETIC / SIMULATED DATA — NOT REAL FINANCIAL DATA
TXN000940,2026-09-23 17:53:04,2026-09-23,17:53:04,Wednesday,17,17.446953,78.388179,ATM_HYD_203,HDFC Bank E-Corner - Inorbit Road,Madhapur Tech Corridor,Hyderabad,18000,Branch_43,ATM_CASH_WITHDRAWAL,SYNTHETIC / SIMULATED DATA — NOT REAL FINANCIAL DATA
TXN000623,2026-09-23 18:13:39,2026-09-23,18:13:39,Wednesday,18,17.448783,78.391018,ATM_HYD_203,HDFC Bank E-Corner - Inorbit Road,Madhapur Tech Corridor,Hyderabad,15000,Branch_32,ATM_CASH_WITHDRAWAL,SYNTHETIC / SIMULATED DATA — NOT REAL FINANCIAL DATA
TXN001252,2026-09-23 18:19:36,2026-09-23,18:19:36,Wednesday,18,17.449856,78.393609,ATM_HYD_202,SBI ATM - Hitec City Metro Pillar 24,Madhapur Tech Corridor,Hyderabad,40000,Branch_15,ATM_CASH_WITHDRAWAL,SYNTHETIC / SIMULATED DATA — NOT REAL FINANCIAL DATA
TXN000533,2026-09-23 18:52:33,2026-09-23,18:52:33,Wednesday,18,17.362219,78.469439,ATM_HYD_501,Bank of India - Madina Market,Charminar Heritage Bazaar,Hyderabad,25000,Branch_44,ATM_CASH_WITHDRAWAL,SYNTHETIC / SIMULATED DATA — NOT REAL FINANCIAL DATA
TXN000139,2026-09-23 18:58:38,2026-09-23,18:58:38,Wednesday,18,17.448685,78.39178,ATM_HYD_204,ICICI Bank Express ATM - Madhapur Police Station,Madhapur Tech Corridor,Hyderabad,50000,Branch_18,ATM_CASH_WITHDRAWAL,SYNTHETIC / SIMULATED DATA — NOT REAL FINANCIAL DATA
TXN001478,2026-09-23 19:17:09,2026-09-23,19:17:09,Wednesday,19,17.443584,78.499785,ATM_HYD_303,SBI Multi-Service Lounge - Station Rd,Secunderabad Station Transit Hub,Hyderabad,10000,Branch_10,ATM_CASH_WITHDRAWAL,SYNTHETIC / SIMULATED DATA — NOT REAL FINANCIAL DATA
TXN000539,2026-09-23 19:33:29,2026-09-23,19:33:29,Wednesday,19,17.445039,78.389194,ATM_HYD_204,ICICI Bank Express ATM - Madhapur Police Station,Madhapur Tech Corridor,Hyderabad,10000,Branch_10,ATM_CASH_WITHDRAWAL,SYNTHETIC / SIMULATED DATA — NOT REAL FINANCIAL DATA
TXN001185,2026-09-23 19:37:23,2026-09-23,19:37:23,Wednesday,19,17.436443,78.443768,ATM_HYD_105,Canara Bank Express ATM - SR Nagar,Ameerpet Commercial Hub,Hyderabad,22000,Branch_41,ATM_CASH_WITHDRAWAL,SYNTHETIC / SIMULATED DATA — NOT REAL FINANCIAL DATA
TXN000365,2026-09-23 19:41:03,2026-09-23,19:41:03,Wednesday,19,17.361515,78.472297,ATM_HYD_503,HDFC Bank Kiosk - Nayapul Bridge,Charminar Heritage Bazaar,Hyderabad,20000,Branch_14,ATM_CASH_WITHDRAWAL,SYNTHETIC / SIMULATED DATA — NOT REAL FINANCIAL DATA
TXN000349,2026-09-23 19:41:42,2026-09-23,19:41:42,Wednesday,19,17.446712,78.390159,ATM_HYD_204,ICICI Bank Express ATM - Madhapur Police Station,Madhapur Tech Corridor,Hyderabad,10000,Branch_43,ATM_CASH_WITHDRAWAL,SYNTHETIC / SIMULATED DATA — NOT REAL FINANCIAL DATA
TXN000373,2026-09-23 20:00:44,2026-09-23,20:00:44,Wednesday,20,17.436621,78.450993,ATM_HYD_104,Axis Bank ATM - Elephant House,Ameerpet Commercial Hub,Hyderabad,15000,Branch_41,ATM_CASH_WITHDRAWAL,SYNTHETIC / SIMULATED DATA — NOT REAL FINANCIAL DATA
TXN000659,2026-09-23 20:04:16,2026-09-23,20:04:16,Wednesday,20,17.447287,78.501803,ATM_HYD_304,Union Bank ATM - Patny Circle,Secunderabad Station Transit Hub,Hyderabad,20000,Branch_47,ATM_CASH_WITHDRAWAL,SYNTHETIC / SIMULATED DATA — NOT REAL FINANCIAL DATA
TXN001761,2026-09-23 20:07:57,2026-09-23,20:07:57,Wednesday,20,17.441483,78.387846,ATM_HYD_204,ICICI Bank Express ATM - Madhapur Police Station,Madhapur Tech Corridor,Hyderabad,20000,Branch_33,ATM_CASH_WITHDRAWAL,SYNTHETIC / SIMULATED DATA — NOT REAL FINANCIAL DATA
TXN002209,2026-09-23 20:17:44,2026-09-23,20:17:44,Wednesday,20,17.436224,78.451944,ATM_HYD_105,Canara Bank Express ATM - SR Nagar,Ameerpet Commercial Hub,Hyderabad,25000,Branch_25,ATM_CASH_WITHDRAWAL,SYNTHETIC / SIMULATED DATA — NOT REAL FINANCIAL DATA
TXN001084,2026-09-23 20:30:30,2026-09-23,20:30:30,Wednesday,20,17.367639,78.528885,ATM_HYD_404,Canara Bank ATM - Dilsukhnagar Bus Depot,Dilsukhnagar Market Corridor,Hyderabad,20000,Branch_20,ATM_CASH_WITHDRAWAL,SYNTHETIC / SIMULATED DATA — NOT REAL FINANCIAL DATA
TXN001338,2026-09-23 20:38:31,2026-09-23,20:38:31,Wednesday,20,17.434814,78.501283,ATM_HYD_301,Punjab National Bank - Railway Gate 1,Secunderabad Station Transit Hub,Hyderabad,23000,Branch_14,ATM_CASH_WITHDRAWAL,SYNTHETIC / SIMULATED DATA — NOT REAL FINANCIAL DATA
TXN000007,2026-09-23 20:39:56,2026-09-23,20:39:56,Wednesday,20,17.436724,78.445413,ATM_HYD_101,SBI Kiosk - Ameerpet Metro Junction,Ameerpet Commercial Hub,Hyderabad,20000,Branch_46,ATM_CASH_WITHDRAWAL,SYNTHETIC / SIMULATED DATA — NOT REAL FINANCIAL DATA
TXN001865,2026-09-23 20:47:40,2026-09-23,20:47:40,Wednesday,20,17.365246,78.474769,ATM_HYD_503,HDFC Bank Kiosk - Nayapul Bridge,Charminar Heritage Bazaar,Hyderabad,40000,Branch_15,ATM_CASH_WITHDRAWAL,SYNTHETIC / SIMULATED DATA — NOT REAL FINANCIAL DATA
TXN001760,2026-09-23 20:49:24,2026-09-23,20:49:24,Wednesday,20,17.443531,78.391696,ATM_HYD_201,Kotak ATM - Cyber Towers Concourse,Madhapur Tech Corridor,Hyderabad,20000,Branch_37,ATM_CASH_WITHDRAWAL,SYNTHETIC / SIMULATED DATA — NOT REAL FINANCIAL DATA
TXN001319,2026-09-23 21:05:18,2026-09-23,21:05:18,Wednesday,21,17.438578,78.448002,ATM_HYD_103,ICICI e-Lobby - Ameerpet Cross Roads,Ameerpet Commercial Hub,Hyderabad,15000,Branch_32,ATM_CASH_WITHDRAWAL,SYNTHETIC / SIMULATED DATA — NOT REAL FINANCIAL DATA
TXN000825,2026-09-23 21:06:08,2026-09-23,21:06:08,Wednesday,21,17.45164,78.391987,ATM_HYD_201,Kotak ATM - Cyber Towers Concourse,Madhapur Tech Corridor,Hyderabad,25000,Branch_31,ATM_CASH_WITHDRAWAL,SYNTHETIC / SIMULATED DATA — NOT REAL FINANCIAL DATA
TXN000900,2026-09-23 21:19:34,2026-09-23,21:19:34,Wednesday,21,17.431548,78.446229,ATM_HYD_103,ICICI e-Lobby - Ameerpet Cross Roads,Ameerpet Commercial Hub,Hyderabad,25000,Branch_47,ATM_CASH_WITHDRAWAL,SYNTHETIC / SIMULATED DATA — NOT REAL FINANCIAL DATA
TXN000709,2026-09-23 21:35:58,2026-09-23,21:35:58,Wednesday,21,17.435247,78.449923,ATM_HYD_101,SBI Kiosk - Ameerpet Metro Junction,Ameerpet Commercial Hub,Hyderabad,10000,Branch_32,ATM_CASH_WITHDRAWAL,SYNTHETIC / SIMULATED DATA — NOT REAL FINANCIAL DATA
TXN000049,2026-09-23 22:06:56,2026-09-23,22:06:56,Wednesday,22,17.446679,78.390739,ATM_HYD_201,Kotak ATM - Cyber Towers Concourse,Madhapur Tech Corridor,Hyderabad,23000,Branch_16,ATM_CASH_WITHDRAWAL,SYNTHETIC / SIMULATED DATA — NOT REAL FINANCIAL DATA
TXN000584,2026-09-23 22:09:13,2026-09-23,22:09:13,Wednesday,22,17.447772,78.394216,ATM_HYD_201,Kotak ATM - Cyber Towers Concourse,Madhapur Tech Corridor,Hyderabad,20000,Branch_10,ATM_CASH_WITHDRAWAL,SYNTHETIC / SIMULATED DATA — NOT REAL FINANCIAL DATA
TXN000035,2026-09-23 22:34:53,2026-09-23,22:34:53,Wednesday,22,17.362032,78.47179,ATM_HYD_502,SBI ATM - Gulzar Houz,Charminar Heritage Bazaar,Hyderabad,18000,Branch_25,ATM_CASH_WITHDRAWAL,SYNTHETIC / SIMULATED DATA — NOT REAL FINANCIAL DATA
TXN001149,2026-09-23 22:48:57,2026-09-23,22:48:57,Wednesday,22,17.368624,78.526505,ATM_HYD_402,Andhra Bank (UBI) ATM - Chaitanyapuri,Dilsukhnagar Market Corridor,Hyderabad,10000,Branch_38,ATM_CASH_WITHDRAWAL,SYNTHETIC / SIMULATED DATA — NOT REAL FINANCIAL DATA
TXN000458,2026-09-23 23:30:49,2026-09-23,23:30:49,Wednesday,23,17.444265,78.383206,ATM_HYD_203,HDFC Bank E-Corner - Inorbit Road,Madhapur Tech Corridor,Hyderabad,30000,Branch_14,ATM_CASH_WITHDRAWAL,SYNTHETIC / SIMULATED DATA — NOT REAL FINANCIAL DATA
TXN001452,2026-09-23 23:42:50,2026-09-23,23:42:50,Wednesday,23,17.43939,78.498616,ATM_HYD_304,Union Bank ATM - Patny Circle,Secunderabad Station Transit Hub,Hyderabad,15000,Branch_43,ATM_CASH_WITHDRAWAL,SYNTHETIC / SIMULATED DATA — NOT REAL FINANCIAL DATA
TXN002374,2026-09-24 02:56:26,2026-09-24,02:56:26,Thursday,2,17.500476,78.430939,ATM_HYD_903,Market Yard Cash Point - Shamshabad Link,Isolated / Peripheral Zone,Hyderabad,15000,Branch_67,ATM_CASH_WITHDRAWAL,SYNTHETIC / SIMULATED DATA — NOT REAL FINANCIAL DATA
TXN000856,2026-09-24 03:10:57,2026-09-24,03:10:57,Thursday,3,17.430067,78.446498,ATM_HYD_105,Canara Bank Express ATM - SR Nagar,Ameerpet Commercial Hub,Hyderabad,50000,Branch_21,ATM_CASH_WITHDRAWAL,SYNTHETIC / SIMULATED DATA — NOT REAL FINANCIAL DATA
TXN002320,2026-09-24 03:29:57,2026-09-24,03:29:57,Thursday,3,17.467104,78.543246,ATM_HYD_901,Rural Kiosk - Outer Ring Road Exit 4,Isolated / Peripheral Zone,Hyderabad,50000,Branch_53,ATM_CASH_WITHDRAWAL,SYNTHETIC / SIMULATED DATA — NOT REAL FINANCIAL DATA
TXN002039,2026-09-24 04:54:41,2026-09-24,04:54:41,Thursday,4,17.437199,78.453919,ATM_HYD_101,SBI Kiosk - Ameerpet Metro Junction,Ameerpet Commercial Hub,Hyderabad,40000,Branch_42,ATM_CASH_WITHDRAWAL,SYNTHETIC / SIMULATED DATA — NOT REAL FINANCIAL DATA
TXN000775,2026-09-24 05:03:02,2026-09-24,05:03:02,Thursday,5,17.363668,78.524371,ATM_HYD_403,HDFC Cash Machine - Malakpet Link,Dilsukhnagar Market Corridor,Hyderabad,50000,Branch_38,ATM_CASH_WITHDRAWAL,SYNTHETIC / SIMULATED DATA — NOT REAL FINANCIAL DATA
TXN000997,2026-09-24 05:22:08,2026-09-24,05:22:08,Thursday,5,17.362186,78.473841,ATM_HYD_501,Bank of India - Madina Market,Charminar Heritage Bazaar,Hyderabad,50000,Branch_36,ATM_CASH_WITHDRAWAL,SYNTHETIC / SIMULATED DATA — NOT REAL FINANCIAL DATA
TXN000207,2026-09-24 05:55:12,2026-09-24,05:55:12,Thursday,5,17.440308,78.450101,ATM_HYD_105,Canara Bank Express ATM - SR Nagar,Ameerpet Commercial Hub,Hyderabad,25000,Branch_14,ATM_CASH_WITHDRAWAL,SYNTHETIC / SIMULATED DATA — NOT REAL FINANCIAL DATA
TXN002388,2026-09-24 06:26:05,2026-09-24,06:26:05,Thursday,6,17.316315,78.552863,ATM_HYD_904,Express ATM - Uppal Outskirts,Isolated / Peripheral Zone,Hyderabad,40000,Branch_64,ATM_CASH_WITHDRAWAL,SYNTHETIC / SIMULATED DATA — NOT REAL FINANCIAL DATA
TXN001107,2026-09-24 08:29:12,2026-09-24,08:29:12,Thursday,8,17.446322,78.392837,ATM_HYD_204,ICICI Bank Express ATM - Madhapur Police Station,Madhapur Tech Corridor,Hyderabad,25000,Branch_12,ATM_CASH_WITHDRAWAL,SYNTHETIC / SIMULATED DATA — NOT REAL FINANCIAL DATA
TXN000611,2026-09-24 09:14:45,2026-09-24,09:14:45,Thursday,9,17.437994,78.451583,ATM_HYD_103,ICICI e-Lobby - Ameerpet Cross Roads,Ameerpet Commercial Hub,Hyderabad,50000,Branch_33,ATM_CASH_WITHDRAWAL,SYNTHETIC / SIMULATED DATA — NOT REAL FINANCIAL DATA
TXN000822,2026-09-24 10:29:47,2026-09-24,10:29:47,Thursday,10,17.438242,78.446415,ATM_HYD_104,Axis Bank ATM - Elephant House,Ameerpet Commercial Hub,Hyderabad,48000,Branch_43,ATM_CASH_WITHDRAWAL,SYNTHETIC / SIMULATED DATA — NOT REAL FINANCIAL DATA
TXN001005,2026-09-24 10:39:40,2026-09-24,10:39:40,Thursday,10,17.366959,78.527051,ATM_HYD_401,SBI Express ATM - Dilsukhnagar Metro,Dilsukhnagar Market Corridor,Hyderabad,25000,Branch_31,ATM_CASH_WITHDRAWAL,SYNTHETIC / SIMULATED DATA — NOT REAL FINANCIAL DATA
TXN002278,2026-09-24 13:16:13,2026-09-24,13:16:13,Thursday,13,17.417064,78.449469,ATM_HYD_902,Petrol Pump ATM - Medchal Highway,Isolated / Peripheral Zone,Hyderabad,15000,Branch_67,ATM_CASH_WITHDRAWAL,SYNTHETIC / SIMULATED DATA — NOT REAL FINANCIAL DATA
TXN001426,2026-09-24 13:19:18,2026-09-24,13:19:18,Thursday,13,17.358233,78.47618,ATM_HYD_503,HDFC Bank Kiosk - Nayapul Bridge,Charminar Heritage Bazaar,Hyderabad,25000,Branch_24,ATM_CASH_WITHDRAWAL,SYNTHETIC / SIMULATED DATA — NOT REAL FINANCIAL DATA
TXN001991,2026-09-24 13:19:45,2026-09-24,13:19:45,Thursday,13,17.440771,78.502938,ATM_HYD_303,SBI Multi-Service Lounge - Station Rd,Secunderabad Station Transit Hub,Hyderabad,50000,Branch_29,ATM_CASH_WITHDRAWAL,SYNTHETIC / SIMULATED DATA — NOT REAL FINANCIAL DATA
TXN000696,2026-09-24 13:43:25,2026-09-24,13:43:25,Thursday,13,17.443491,78.499044,ATM_HYD_304,Union Bank ATM - Patny Circle,Secunderabad Station Transit Hub,Hyderabad,20000,Branch_36,ATM_CASH_WITHDRAWAL,SYNTHETIC / SIMULATED DATA — NOT REAL FINANCIAL DATA
TXN000791,2026-09-24 13:49:40,2026-09-24,13:49:40,Thursday,13,17.435193,78.454448,ATM_HYD_105,Canara Bank Express ATM - SR Nagar,Ameerpet Commercial Hub,Hyderabad,50000,Branch_39,ATM_CASH_WITHDRAWAL,SYNTHETIC / SIMULATED DATA — NOT REAL FINANCIAL DATA
TXN000280,2026-09-24 14:05:02,2026-09-24,14:05:02,Thursday,14,17.372518,78.528485,ATM_HYD_403,HDFC Cash Machine - Malakpet Link,Dilsukhnagar Market Corridor,Hyderabad,15000,Branch_46,ATM_CASH_WITHDRAWAL,SYNTHETIC / SIMULATED DATA — NOT REAL FINANCIAL DATA
TXN001840,2026-09-24 14:09:16,2026-09-24,14:09:16,Thursday,14,17.439368,78.447813,ATM_HYD_101,SBI Kiosk - Ameerpet Metro Junction,Ameerpet Commercial Hub,Hyderabad,10000,Branch_30,ATM_CASH_WITHDRAWAL,SYNTHETIC / SIMULATED DATA — NOT REAL FINANCIAL DATA
TXN000199,2026-09-24 14:09:47,2026-09-24,14:09:47,Thursday,14,17.369588,78.526485,ATM_HYD_402,Andhra Bank (UBI) ATM - Chaitanyapuri,Dilsukhnagar Market Corridor,Hyderabad,30000,Branch_11,ATM_CASH_WITHDRAWAL,SYNTHETIC / SIMULATED DATA — NOT REAL FINANCIAL DATA
TXN001860,2026-09-24 14:37:15,2026-09-24,14:37:15,Thursday,14,17.440729,78.502266,ATM_HYD_301,Punjab National Bank - Railway Gate 1,Secunderabad Station Transit Hub,Hyderabad,27000,Branch_49,ATM_CASH_WITHDRAWAL,SYNTHETIC / SIMULATED DATA — NOT REAL FINANCIAL DATA
TXN002024,2026-09-24 14:51:13,2026-09-24,14:51:13,Thursday,14,17.433626,78.4483,ATM_HYD_103,ICICI e-Lobby - Ameerpet Cross Roads,Ameerpet Commercial Hub,Hyderabad,25000,Branch_38,ATM_CASH_WITHDRAWAL,SYNTHETIC / SIMULATED DATA — NOT REAL FINANCIAL DATA
TXN000355,2026-09-24 14:55:58,2026-09-24,14:55:58,Thursday,14,17.435872,78.447551,ATM_HYD_105,Canara Bank Express ATM - SR Nagar,Ameerpet Commercial Hub,Hyderabad,50000,Branch_10,ATM_CASH_WITHDRAWAL,SYNTHETIC / SIMULATED DATA — NOT REAL FINANCIAL DATA
TXN000697,2026-09-24 15:35:35,2026-09-24,15:35:35,Thursday,15,17.438837,78.44833,ATM_HYD_105,Canara Bank Express ATM - SR Nagar,Ameerpet Commercial Hub,Hyderabad,20000,Branch_29,ATM_CASH_WITHDRAWAL,SYNTHETIC / SIMULATED DATA — NOT REAL FINANCIAL DATA
TXN002085,2026-09-24 15:36:44,2026-09-24,15:36:44,Thursday,15,17.449555,78.375126,ATM_HYD_202,SBI ATM - Hitec City Metro Pillar 24,Madhapur Tech Corridor,Hyderabad,20000,Branch_44,ATM_CASH_WITHDRAWAL,SYNTHETIC / SIMULATED DATA — NOT REAL FINANCIAL DATA
TXN000046,2026-09-24 15:52:12,2026-09-24,15:52:12,Thursday,15,17.439357,78.499104,ATM_HYD_304,Union Bank ATM - Patny Circle,Secunderabad Station Transit Hub,Hyderabad,18000,Branch_42,ATM_CASH_WITHDRAWAL,SYNTHETIC / SIMULATED DATA — NOT REAL FINANCIAL DATA
TXN001717,2026-09-24 15:55:03,2026-09-24,15:55:03,Thursday,15,17.438189,78.45246,ATM_HYD_103,ICICI e-Lobby - Ameerpet Cross Roads,Ameerpet Commercial Hub,Hyderabad,20000,Branch_42,ATM_CASH_WITHDRAWAL,SYNTHETIC / SIMULATED DATA — NOT REAL FINANCIAL DATA
TXN000649,2026-09-24 15:58:16,2026-09-24,15:58:16,Thursday,15,17.365952,78.52241,ATM_HYD_403,HDFC Cash Machine - Malakpet Link,Dilsukhnagar Market Corridor,Hyderabad,15000,Branch_38,ATM_CASH_WITHDRAWAL,SYNTHETIC / SIMULATED DATA — NOT REAL FINANCIAL DATA
TXN001859,2026-09-24 16:21:09,2026-09-24,16:21:09,Thursday,16,17.370508,78.523473,ATM_HYD_404,Canara Bank ATM - Dilsukhnagar Bus Depot,Dilsukhnagar Market Corridor,Hyderabad,10000,Branch_15,ATM_CASH_WITHDRAWAL,SYNTHETIC / SIMULATED DATA — NOT REAL FINANCIAL DATA
TXN000662,2026-09-24 17:27:10,2026-09-24,17:27:10,Thursday,17,17.363113,78.475231,ATM_HYD_501,Bank of India - Madina Market,Charminar Heritage Bazaar,Hyderabad,18000,Branch_24,ATM_CASH_WITHDRAWAL,SYNTHETIC / SIMULATED DATA — NOT REAL FINANCIAL DATA
TXN002121,2026-09-24 17:39:44,2026-09-24,17:39:44,Thursday,17,17.366355,78.528927,ATM_HYD_403,HDFC Cash Machine - Malakpet Link,Dilsukhnagar Market Corridor,Hyderabad,13000,Branch_15,ATM_CASH_WITHDRAWAL,SYNTHETIC / SIMULATED DATA — NOT REAL FINANCIAL DATA
TXN000516,2026-09-24 18:09:21,2026-09-24,18:09:21,Thursday,18,17.439349,78.446891,ATM_HYD_102,HDFC 24x7 Cash Point - Maitrivanam,Ameerpet Commercial Hub,Hyderabad,10000,Branch_25,ATM_CASH_WITHDRAWAL,SYNTHETIC / SIMULATED DATA — NOT REAL FINANCIAL DATA
TXN000376,2026-09-24 18:59:54,2026-09-24,18:59:54,Thursday,18,17.447493,78.395281,ATM_HYD_205,IndusInd Bank 24/7 ATM - Kavuri Hills,Madhapur Tech Corridor,Hyderabad,20000,Branch_23,ATM_CASH_WITHDRAWAL,SYNTHETIC / SIMULATED DATA — NOT REAL FINANCIAL DATA
TXN001274,2026-09-24 19:08:47,2026-09-24,19:08:47,Thursday,19,17.43668,78.44603,ATM_HYD_105,Canara Bank Express ATM - SR Nagar,Ameerpet Commercial Hub,Hyderabad,12000,Branch_46,ATM_CASH_WITHDRAWAL,SYNTHETIC / SIMULATED DATA — NOT REAL FINANCIAL DATA
TXN000177,2026-09-24 19:13:37,2026-09-24,19:13:37,Thursday,19,17.439218,78.505281,ATM_HYD_302,Bank of Baroda ATM - Clock Tower Cir,Secunderabad Station Transit Hub,Hyderabad,30000,Branch_24,ATM_CASH_WITHDRAWAL,SYNTHETIC / SIMULATED DATA — NOT REAL FINANCIAL DATA
TXN000169,2026-09-24 19:14:41,2026-09-24,19:14:41,Thursday,19,17.431615,78.45153,ATM_HYD_101,SBI Kiosk - Ameerpet Metro Junction,Ameerpet Commercial Hub,Hyderabad,32000,Branch_29,ATM_CASH_WITHDRAWAL,SYNTHETIC / SIMULATED DATA — NOT REAL FINANCIAL DATA
TXN000559,2026-09-24 19:18:19,2026-09-24,19:18:19,Thursday,19,17.440607,78.498385,ATM_HYD_303,SBI Multi-Service Lounge - Station Rd,Secunderabad Station Transit Hub,Hyderabad,25000,Branch_40,ATM_CASH_WITHDRAWAL,SYNTHETIC / SIMULATED DATA — NOT REAL FINANCIAL DATA
TXN002183,2026-09-24 19:20:03,2026-09-24,19:20:03,Thursday,19,17.433274,78.446595,ATM_HYD_103,ICICI e-Lobby - Ameerpet Cross Roads,Ameerpet Commercial Hub,Hyderabad,18000,Branch_36,ATM_CASH_WITHDRAWAL,SYNTHETIC / SIMULATED DATA — NOT REAL FINANCIAL DATA
TXN001464,2026-09-24 19:38:10,2026-09-24,19:38:10,Thursday,19,17.436632,78.507739,ATM_HYD_303,SBI Multi-Service Lounge - Station Rd,Secunderabad Station Transit Hub,Hyderabad,20000,Branch_19,ATM_CASH_WITHDRAWAL,SYNTHETIC / SIMULATED DATA — NOT REAL FINANCIAL DATA
TXN000630,2026-09-24 19:50:50,2026-09-24,19:50:50,Thursday,19,17.437996,78.448221,ATM_HYD_102,HDFC 24x7 Cash Point - Maitrivanam,Ameerpet Commercial Hub,Hyderabad,10000,Branch_28,ATM_CASH_WITHDRAWAL,SYNTHETIC / SIMULATED DATA — NOT REAL FINANCIAL DATA
TXN000192,2026-09-24 20:35:21,2026-09-24,20:35:21,Thursday,20,17.373797,78.51853,ATM_HYD_402,Andhra Bank (UBI) ATM - Chaitanyapuri,Dilsukhnagar Market Corridor,Hyderabad,25000,Branch_36,ATM_CASH_WITHDRAWAL,SYNTHETIC / SIMULATED DATA — NOT REAL FINANCIAL DATA
TXN002456,2026-09-24 20:39:42,2026-09-24,20:39:42,Thursday,20,17.311798,78.455242,ATM_HYD_904,Express ATM - Uppal Outskirts,Isolated / Peripheral Zone,Hyderabad,20000,Branch_84,ATM_CASH_WITHDRAWAL,SYNTHETIC / SIMULATED DATA — NOT REAL FINANCIAL DATA
TXN000750,2026-09-24 20:40:34,2026-09-24,20:40:34,Thursday,20,17.43635,78.507107,ATM_HYD_304,Union Bank ATM - Patny Circle,Secunderabad Station Transit Hub,Hyderabad,40000,Branch_32,ATM_CASH_WITHDRAWAL,SYNTHETIC / SIMULATED DATA — NOT REAL FINANCIAL DATA
TXN000683,2026-09-24 20:46:42,2026-09-24,20:46:42,Thursday,20,17.440746,78.451083,ATM_HYD_105,Canara Bank Express ATM - SR Nagar,Ameerpet Commercial Hub,Hyderabad,25000,Branch_15,ATM_CASH_WITHDRAWAL,SYNTHETIC / SIMULATED DATA — NOT REAL FINANCIAL DATA
TXN001863,2026-09-24 21:00:17,2026-09-24,21:00:17,Thursday,21,17.434139,78.44803,ATM_HYD_103,ICICI e-Lobby - Ameerpet Cross Roads,Ameerpet Commercial Hub,Hyderabad,15000,Branch_45,ATM_CASH_WITHDRAWAL,SYNTHETIC / SIMULATED DATA — NOT REAL FINANCIAL DATA
TXN001026,2026-09-24 21:05:05,2026-09-24,21:05:05,Thursday,21,17.447523,78.395205,ATM_HYD_202,SBI ATM - Hitec City Metro Pillar 24,Madhapur Tech Corridor,Hyderabad,30000,Branch_31,ATM_CASH_WITHDRAWAL,SYNTHETIC / SIMULATED DATA — NOT REAL FINANCIAL DATA
TXN001391,2026-09-24 21:27:16,2026-09-24,21:27:16,Thursday,21,17.428567,78.452692,ATM_HYD_104,Axis Bank ATM - Elephant House,Ameerpet Commercial Hub,Hyderabad,20000,Branch_32,ATM_CASH_WITHDRAWAL,SYNTHETIC / SIMULATED DATA — NOT REAL FINANCIAL DATA
TXN001575,2026-09-24 21:30:02,2026-09-24,21:30:02,Thursday,21,17.441082,78.447691,ATM_HYD_105,Canara Bank Express ATM - SR Nagar,Ameerpet Commercial Hub,Hyderabad,48000,Branch_29,ATM_CASH_WITHDRAWAL,SYNTHETIC / SIMULATED DATA — NOT REAL FINANCIAL DATA
TXN002305,2026-09-24 21:58:58,2026-09-24,21:58:58,Thursday,21,17.411173,78.491927,ATM_HYD_905,Highway Kiosk - Patancheru Depot,Isolated / Peripheral Zone,Hyderabad,25000,Branch_52,ATM_CASH_WITHDRAWAL,SYNTHETIC / SIMULATED DATA — NOT REAL FINANCIAL DATA
TXN001238,2026-09-24 22:35:05,2026-09-24,22:35:05,Thursday,22,17.449027,78.396699,ATM_HYD_203,HDFC Bank E-Corner - Inorbit Road,Madhapur Tech Corridor,Hyderabad,10000,Branch_49,ATM_CASH_WITHDRAWAL,SYNTHETIC / SIMULATED DATA — NOT REAL FINANCIAL DATA
TXN001102,2026-09-24 23:08:48,2026-09-24,23:08:48,Thursday,23,17.359409,78.473384,ATM_HYD_502,SBI ATM - Gulzar Houz,Charminar Heritage Bazaar,Hyderabad,18000,Branch_33,ATM_CASH_WITHDRAWAL,SYNTHETIC / SIMULATED DATA — NOT REAL FINANCIAL DATA
TXN000424,2026-09-24 23:14:18,2026-09-24,23:14:18,Thursday,23,17.447505,78.393324,ATM_HYD_201,Kotak ATM - Cyber Towers Concourse,Madhapur Tech Corridor,Hyderabad,23000,Branch_44,ATM_CASH_WITHDRAWAL,SYNTHETIC / SIMULATED DATA — NOT REAL FINANCIAL DATA
TXN001903,2026-09-24 23:18:59,2026-09-24,23:18:59,Thursday,23,17.442785,78.509581,ATM_HYD_301,Punjab National Bank - Railway Gate 1,Secunderabad Station Transit Hub,Hyderabad,8000,Branch_21,ATM_CASH_WITHDRAWAL,SYNTHETIC / SIMULATED DATA — NOT REAL FINANCIAL DATA
TXN001710,2026-09-25 00:25:31,2026-09-25,00:25:31,Friday,0,17.43593,78.501743,ATM_HYD_303,SBI Multi-Service Lounge - Station Rd,Secunderabad Station Transit Hub,Hyderabad,25000,Branch_21,ATM_CASH_WITHDRAWAL,SYNTHETIC / SIMULATED DATA — NOT REAL FINANCIAL DATA
TXN000378,2026-09-25 00:29:49,2026-09-25,00:29:49,Friday,0,17.438326,78.444052,ATM_HYD_102,HDFC 24x7 Cash Point - Maitrivanam,Ameerpet Commercial Hub,Hyderabad,25000,Branch_44,ATM_CASH_WITHDRAWAL,SYNTHETIC / SIMULATED DATA — NOT REAL FINANCIAL DATA
TXN001921,2026-09-25 03:30:30,2026-09-25,03:30:30,Friday,3,17.439632,78.501103,ATM_HYD_302,Bank of Baroda ATM - Clock Tower Cir,Secunderabad Station Transit Hub,Hyderabad,27000,Branch_13,ATM_CASH_WITHDRAWAL,SYNTHETIC / SIMULATED DATA — NOT REAL FINANCIAL DATA
TXN002363,2026-09-25 03:47:39,2026-09-25,03:47:39,Friday,3,17.438602,78.541355,ATM_HYD_902,Petrol Pump ATM - Medchal Highway,Isolated / Peripheral Zone,Hyderabad,20000,Branch_56,ATM_CASH_WITHDRAWAL,SYNTHETIC / SIMULATED DATA — NOT REAL FINANCIAL DATA
TXN001183,2026-09-25 06:52:08,2026-09-25,06:52:08,Friday,6,17.435516,78.497564,ATM_HYD_303,SBI Multi-Service Lounge - Station Rd,Secunderabad Station Transit Hub,Hyderabad,25000,Branch_31,ATM_CASH_WITHDRAWAL,SYNTHETIC / SIMULATED DATA — NOT REAL FINANCIAL DATA
TXN002124,2026-09-25 08:26:42,2026-09-25,08:26:42,Friday,8,17.442331,78.396427,ATM_HYD_205,IndusInd Bank 24/7 ATM - Kavuri Hills,Madhapur Tech Corridor,Hyderabad,20000,Branch_24,ATM_CASH_WITHDRAWAL,SYNTHETIC / SIMULATED DATA — NOT REAL FINANCIAL DATA
TXN002347,2026-09-25 08:40:42,2026-09-25,08:40:42,Friday,8,17.492183,78.438068,ATM_HYD_903,Market Yard Cash Point - Shamshabad Link,Isolated / Peripheral Zone,Hyderabad,20000,Branch_94,ATM_CASH_WITHDRAWAL,SYNTHETIC / SIMULATED DATA — NOT REAL FINANCIAL DATA
TXN000235,2026-09-25 09:10:24,2026-09-25,09:10:24,Friday,9,17.440802,78.452066,ATM_HYD_103,ICICI e-Lobby - Ameerpet Cross Roads,Ameerpet Commercial Hub,Hyderabad,20000,Branch_28,ATM_CASH_WITHDRAWAL,SYNTHETIC / SIMULATED DATA — NOT REAL FINANCIAL DATA
TXN001587,2026-09-25 11:04:11,2026-09-25,11:04:11,Friday,11,17.43791,78.497656,ATM_HYD_303,SBI Multi-Service Lounge - Station Rd,Secunderabad Station Transit Hub,Hyderabad,20000,Branch_39,ATM_CASH_WITHDRAWAL,SYNTHETIC / SIMULATED DATA — NOT REAL FINANCIAL DATA
TXN000201,2026-09-25 11:09:10,2026-09-25,11:09:10,Friday,11,17.437888,78.497644,ATM_HYD_303,SBI Multi-Service Lounge - Station Rd,Secunderabad Station Transit Hub,Hyderabad,20000,Branch_13,ATM_CASH_WITHDRAWAL,SYNTHETIC / SIMULATED DATA — NOT REAL FINANCIAL DATA
TXN001443,2026-09-25 12:24:27,2026-09-25,12:24:27,Friday,12,17.434042,78.492332,ATM_HYD_303,SBI Multi-Service Lounge - Station Rd,Secunderabad Station Transit Hub,Hyderabad,30000,Branch_20,ATM_CASH_WITHDRAWAL,SYNTHETIC / SIMULATED DATA — NOT REAL FINANCIAL DATA
TXN001966,2026-09-25 12:49:49,2026-09-25,12:49:49,Friday,12,17.441462,78.494224,ATM_HYD_301,Punjab National Bank - Railway Gate 1,Secunderabad Station Transit Hub,Hyderabad,50000,Branch_35,ATM_CASH_WITHDRAWAL,SYNTHETIC / SIMULATED DATA — NOT REAL FINANCIAL DATA
TXN001807,2026-09-25 12:57:11,2026-09-25,12:57:11,Friday,12,17.432821,78.496205,ATM_HYD_302,Bank of Baroda ATM - Clock Tower Cir,Secunderabad Station Transit Hub,Hyderabad,10000,Branch_10,ATM_CASH_WITHDRAWAL,SYNTHETIC / SIMULATED DATA — NOT REAL FINANCIAL DATA
TXN001470,2026-09-25 13:13:29,2026-09-25,13:13:29,Friday,13,17.364144,78.529104,ATM_HYD_403,HDFC Cash Machine - Malakpet Link,Dilsukhnagar Market Corridor,Hyderabad,30000,Branch_48,ATM_CASH_WITHDRAWAL,SYNTHETIC / SIMULATED DATA — NOT REAL FINANCIAL DATA
TXN001893,2026-09-25 13:16:41,2026-09-25,13:16:41,Friday,13,17.368842,78.524367,ATM_HYD_401,SBI Express ATM - Dilsukhnagar Metro,Dilsukhnagar Market Corridor,Hyderabad,20000,Branch_40,ATM_CASH_WITHDRAWAL,SYNTHETIC / SIMULATED DATA — NOT REAL FINANCIAL DATA
TXN002264,2026-09-25 13:29:50,2026-09-25,13:29:50,Friday,13,17.319499,78.560558,ATM_HYD_902,Petrol Pump ATM - Medchal Highway,Isolated / Peripheral Zone,Hyderabad,20000,Branch_95,ATM_CASH_WITHDRAWAL,SYNTHETIC / SIMULATED DATA — NOT REAL FINANCIAL DATA
TXN001605,2026-09-25 13:35:50,2026-09-25,13:35:50,Friday,13,17.435704,78.447017,ATM_HYD_103,ICICI e-Lobby - Ameerpet Cross Roads,Ameerpet Commercial Hub,Hyderabad,25000,Branch_22,ATM_CASH_WITHDRAWAL,SYNTHETIC / SIMULATED DATA — NOT REAL FINANCIAL DATA
TXN000920,2026-09-25 13:36:30,2026-09-25,13:36:30,Friday,13,17.436032,78.44229,ATM_HYD_105,Canara Bank Express ATM - SR Nagar,Ameerpet Commercial Hub,Hyderabad,30000,Branch_17,ATM_CASH_WITHDRAWAL,SYNTHETIC / SIMULATED DATA — NOT REAL FINANCIAL DATA
TXN000872,2026-09-25 13:53:11,2026-09-25,13:53:11,Friday,13,17.432114,78.456918,ATM_HYD_104,Axis Bank ATM - Elephant House,Ameerpet Commercial Hub,Hyderabad,20000,Branch_31,ATM_CASH_WITHDRAWAL,SYNTHETIC / SIMULATED DATA — NOT REAL FINANCIAL DATA
TXN001689,2026-09-25 13:53:14,2026-09-25,13:53:14,Friday,13,17.443352,78.504306,ATM_HYD_301,Punjab National Bank - Railway Gate 1,Secunderabad Station Transit Hub,Hyderabad,25000,Branch_20,ATM_CASH_WITHDRAWAL,SYNTHETIC / SIMULATED DATA — NOT REAL FINANCIAL DATA
TXN000375,2026-09-25 13:59:04,2026-09-25,13:59:04,Friday,13,17.441432,78.447995,ATM_HYD_102,HDFC 24x7 Cash Point - Maitrivanam,Ameerpet Commercial Hub,Hyderabad,20000,Branch_27,ATM_CASH_WITHDRAWAL,SYNTHETIC / SIMULATED DATA — NOT REAL FINANCIAL DATA
TXN001092,2026-09-25 14:06:44,2026-09-25,14:06:44,Friday,14,17.445603,78.500827,ATM_HYD_303,SBI Multi-Service Lounge - Station Rd,Secunderabad Station Transit Hub,Hyderabad,15000,Branch_31,ATM_CASH_WITHDRAWAL,SYNTHETIC / SIMULATED DATA — NOT REAL FINANCIAL DATA
TXN002221,2026-09-25 14:12:57,2026-09-25,14:12:57,Friday,14,17.441078,78.498646,ATM_HYD_301,Punjab National Bank - Railway Gate 1,Secunderabad Station Transit Hub,Hyderabad,25000,Branch_34,ATM_CASH_WITHDRAWAL,SYNTHETIC / SIMULATED DATA — NOT REAL FINANCIAL DATA
TXN001399,2026-09-25 14:16:55,2026-09-25,14:16:55,Friday,14,17.433665,78.506838,ATM_HYD_301,Punjab National Bank - Railway Gate 1,Secunderabad Station Transit Hub,Hyderabad,25000,Branch_19,ATM_CASH_WITHDRAWAL,SYNTHETIC / SIMULATED DATA — NOT REAL FINANCIAL DATA
TXN000334,2026-09-25 14:20:54,2026-09-25,14:20:54,Friday,14,17.443077,78.446573,ATM_HYD_102,HDFC 24x7 Cash Point - Maitrivanam,Ameerpet Commercial Hub,Hyderabad,20000,Branch_17,ATM_CASH_WITHDRAWAL,SYNTHETIC / SIMULATED DATA — NOT REAL FINANCIAL DATA
TXN000534,2026-09-25 14:31:15,2026-09-25,14:31:15,Friday,14,17.449051,78.391448,ATM_HYD_204,ICICI Bank Express ATM - Madhapur Police Station,Madhapur Tech Corridor,Hyderabad,25000,Branch_15,ATM_CASH_WITHDRAWAL,SYNTHETIC / SIMULATED DATA — NOT REAL FINANCIAL DATA
TXN001159,2026-09-25 14:51:41,2026-09-25,14:51:41,Friday,14,17.369459,78.53328,ATM_HYD_403,HDFC Cash Machine - Malakpet Link,Dilsukhnagar Market Corridor,Hyderabad,25000,Branch_13,ATM_CASH_WITHDRAWAL,SYNTHETIC / SIMULATED DATA — NOT REAL FINANCIAL DATA
TXN002166,2026-09-25 15:02:59,2026-09-25,15:02:59,Friday,15,17.363719,78.47575,ATM_HYD_501,Bank of India - Madina Market,Charminar Heritage Bazaar,Hyderabad,30000,Branch_17,ATM_CASH_WITHDRAWAL,SYNTHETIC / SIMULATED DATA — NOT REAL FINANCIAL DATA
TXN000128,2026-09-25 15:30:33,2026-09-25,15:30:33,Friday,15,17.371467,78.516056,ATM_HYD_403,HDFC Cash Machine - Malakpet Link,Dilsukhnagar Market Corridor,Hyderabad,25000,Branch_27,ATM_CASH_WITHDRAWAL,SYNTHETIC / SIMULATED DATA — NOT REAL FINANCIAL DATA
TXN001273,2026-09-25 15:35:12,2026-09-25,15:35:12,Friday,15,17.367867,78.529125,ATM_HYD_403,HDFC Cash Machine - Malakpet Link,Dilsukhnagar Market Corridor,Hyderabad,25000,Branch_46,ATM_CASH_WITHDRAWAL,SYNTHETIC / SIMULATED DATA — NOT REAL FINANCIAL DATA
TXN000220,2026-09-25 16:38:30,2026-09-25,16:38:30,Friday,16,17.364742,78.526569,ATM_HYD_404,Canara Bank ATM - Dilsukhnagar Bus Depot,Dilsukhnagar Market Corridor,Hyderabad,20000,Branch_13,ATM_CASH_WITHDRAWAL,SYNTHETIC / SIMULATED DATA — NOT REAL FINANCIAL DATA
TXN002040,2026-09-25 17:20:33,2026-09-25,17:20:33,Friday,17,17.437584,78.451153,ATM_HYD_101,SBI Kiosk - Ameerpet Metro Junction,Ameerpet Commercial Hub,Hyderabad,20000,Branch_22,ATM_CASH_WITHDRAWAL,SYNTHETIC / SIMULATED DATA — NOT REAL FINANCIAL DATA
TXN001654,2026-09-25 17:23:48,2026-09-25,17:23:48,Friday,17,17.443464,78.392664,ATM_HYD_201,Kotak ATM - Cyber Towers Concourse,Madhapur Tech Corridor,Hyderabad,20000,Branch_37,ATM_CASH_WITHDRAWAL,SYNTHETIC / SIMULATED DATA — NOT REAL FINANCIAL DATA
TXN000924,2026-09-25 17:26:09,2026-09-25,17:26:09,Friday,17,17.369383,78.528127,ATM_HYD_404,Canara Bank ATM - Dilsukhnagar Bus Depot,Dilsukhnagar Market Corridor,Hyderabad,25000,Branch_28,ATM_CASH_WITHDRAWAL,SYNTHETIC / SIMULATED DATA — NOT REAL FINANCIAL DATA
TXN000114,2026-09-25 17:28:21,2026-09-25,17:28:21,Friday,17,17.369496,78.523679,ATM_HYD_401,SBI Express ATM - Dilsukhnagar Metro,Dilsukhnagar Market Corridor,Hyderabad,25000,Branch_13,ATM_CASH_WITHDRAWAL,SYNTHETIC / SIMULATED DATA — NOT REAL FINANCIAL DATA
TXN000468,2026-09-25 17:29:32,2026-09-25,17:29:32,Friday,17,17.367778,78.525683,ATM_HYD_403,HDFC Cash Machine - Malakpet Link,Dilsukhnagar Market Corridor,Hyderabad,40000,Branch_41,ATM_CASH_WITHDRAWAL,SYNTHETIC / SIMULATED DATA — NOT REAL FINANCIAL DATA
TXN002142,2026-09-25 17:31:25,2026-09-25,17:31:25,Friday,17,17.451928,78.386926,ATM_HYD_204,ICICI Bank Express ATM - Madhapur Police Station,Madhapur Tech Corridor,Hyderabad,40000,Branch_36,ATM_CASH_WITHDRAWAL,SYNTHETIC / SIMULATED DATA — NOT REAL FINANCIAL DATA
TXN001681,2026-09-25 17:34:06,2026-09-25,17:34:06,Friday,17,17.445155,78.388748,ATM_HYD_201,Kotak ATM - Cyber Towers Concourse,Madhapur Tech Corridor,Hyderabad,15000,Branch_49,ATM_CASH_WITHDRAWAL,SYNTHETIC / SIMULATED DATA — NOT REAL FINANCIAL DATA
TXN000785,2026-09-25 18:42:31,2026-09-25,18:42:31,Friday,18,17.4362,78.451219,ATM_HYD_101,SBI Kiosk - Ameerpet Metro Junction,Ameerpet Commercial Hub,Hyderabad,40000,Branch_47,ATM_CASH_WITHDRAWAL,SYNTHETIC / SIMULATED DATA — NOT REAL FINANCIAL DATA
TXN002017,2026-09-25 19:10:12,2026-09-25,19:10:12,Friday,19,17.452866,78.391214,ATM_HYD_202,SBI ATM - Hitec City Metro Pillar 24,Madhapur Tech Corridor,Hyderabad,50000,Branch_20,ATM_CASH_WITHDRAWAL,SYNTHETIC / SIMULATED DATA — NOT REAL FINANCIAL DATA
TXN000515,2026-09-25 19:20:58,2026-09-25,19:20:58,Friday,19,17.434497,78.445963,ATM_HYD_104,Axis Bank ATM - Elephant House,Ameerpet Commercial Hub,Hyderabad,30000,Branch_49,ATM_CASH_WITHDRAWAL,SYNTHETIC / SIMULATED DATA — NOT REAL FINANCIAL DATA
TXN000405,2026-09-25 19:25:29,2026-09-25,19:25:29,Friday,19,17.446776,78.396142,ATM_HYD_205,IndusInd Bank 24/7 ATM - Kavuri Hills,Madhapur Tech Corridor,Hyderabad,30000,Branch_47,ATM_CASH_WITHDRAWAL,SYNTHETIC / SIMULATED DATA — NOT REAL FINANCIAL DATA
TXN000473,2026-09-25 19:43:57,2026-09-25,19:43:57,Friday,19,17.437202,78.449587,ATM_HYD_101,SBI Kiosk - Ameerpet Metro Junction,Ameerpet Commercial Hub,Hyderabad,28000,Branch_43,ATM_CASH_WITHDRAWAL,SYNTHETIC / SIMULATED DATA — NOT REAL FINANCIAL DATA
TXN000433,2026-09-25 19:57:43,2026-09-25,19:57:43,Friday,19,17.433936,78.498174,ATM_HYD_303,SBI Multi-Service Lounge - Station Rd,Secunderabad Station Transit Hub,Hyderabad,10000,Branch_18,ATM_CASH_WITHDRAWAL,SYNTHETIC / SIMULATED DATA — NOT REAL FINANCIAL DATA
TXN000389,2026-09-25 20:24:10,2026-09-25,20:24:10,Friday,20,17.436878,78.498451,ATM_HYD_302,Bank of Baroda ATM - Clock Tower Cir,Secunderabad Station Transit Hub,Hyderabad,12000,Branch_27,ATM_CASH_WITHDRAWAL,SYNTHETIC / SIMULATED DATA — NOT REAL FINANCIAL DATA
TXN001222,2026-09-25 20:24:33,2026-09-25,20:24:33,Friday,20,17.431412,78.445971,ATM_HYD_103,ICICI e-Lobby - Ameerpet Cross Roads,Ameerpet Commercial Hub,Hyderabad,25000,Branch_16,ATM_CASH_WITHDRAWAL,SYNTHETIC / SIMULATED DATA — NOT REAL FINANCIAL DATA
TXN000209,2026-09-25 20:26:18,2026-09-25,20:26:18,Friday,20,17.439051,78.446461,ATM_HYD_104,Axis Bank ATM - Elephant House,Ameerpet Commercial Hub,Hyderabad,23000,Branch_30,ATM_CASH_WITHDRAWAL,SYNTHETIC / SIMULATED DATA — NOT REAL FINANCIAL DATA
TXN000119,2026-09-25 20:47:06,2026-09-25,20:47:06,Friday,20,17.37093,78.520615,ATM_HYD_403,HDFC Cash Machine - Malakpet Link,Dilsukhnagar Market Corridor,Hyderabad,20000,Branch_23,ATM_CASH_WITHDRAWAL,SYNTHETIC / SIMULATED DATA — NOT REAL FINANCIAL DATA
TXN002412,2026-09-25 20:55:46,2026-09-25,20:55:46,Friday,20,17.342993,78.332789,ATM_HYD_901,Rural Kiosk - Outer Ring Road Exit 4,Isolated / Peripheral Zone,Hyderabad,15000,Branch_66,ATM_CASH_WITHDRAWAL,SYNTHETIC / SIMULATED DATA — NOT REAL FINANCIAL DATA
TXN001638,2026-09-25 21:02:07,2026-09-25,21:02:07,Friday,21,17.436138,78.454174,ATM_HYD_102,HDFC 24x7 Cash Point - Maitrivanam,Ameerpet Commercial Hub,Hyderabad,10000,Branch_32,ATM_CASH_WITHDRAWAL,SYNTHETIC / SIMULATED DATA — NOT REAL FINANCIAL DATA
TXN000737,2026-09-25 21:11:49,2026-09-25,21:11:49,Friday,21,17.445128,78.391215,ATM_HYD_205,IndusInd Bank 24/7 ATM - Kavuri Hills,Madhapur Tech Corridor,Hyderabad,20000,Branch_30,ATM_CASH_WITHDRAWAL,SYNTHETIC / SIMULATED DATA — NOT REAL FINANCIAL DATA
TXN002240,2026-09-25 21:20:28,2026-09-25,21:20:28,Friday,21,17.437899,78.442976,ATM_HYD_101,SBI Kiosk - Ameerpet Metro Junction,Ameerpet Commercial Hub,Hyderabad,15000,Branch_40,ATM_CASH_WITHDRAWAL,SYNTHETIC / SIMULATED DATA — NOT REAL FINANCIAL DATA
TXN001880,2026-09-25 21:22:30,2026-09-25,21:22:30,Friday,21,17.450375,78.392183,ATM_HYD_203,HDFC Bank E-Corner - Inorbit Road,Madhapur Tech Corridor,Hyderabad,15000,Branch_27,ATM_CASH_WITHDRAWAL,SYNTHETIC / SIMULATED DATA — NOT REAL FINANCIAL DATA
TXN000503,2026-09-25 21:27:35,2026-09-25,21:27:35,Friday,21,17.433347,78.450765,ATM_HYD_102,HDFC 24x7 Cash Point - Maitrivanam,Ameerpet Commercial Hub,Hyderabad,40000,Branch_32,ATM_CASH_WITHDRAWAL,SYNTHETIC / SIMULATED DATA — NOT REAL FINANCIAL DATA
TXN002147,2026-09-25 23:04:11,2026-09-25,23:04:11,Friday,23,17.449062,78.387428,ATM_HYD_201,Kotak ATM - Cyber Towers Concourse,Madhapur Tech Corridor,Hyderabad,20000,Branch_49,ATM_CASH_WITHDRAWAL,SYNTHETIC / SIMULATED DATA — NOT REAL FINANCIAL DATA
TXN002381,2026-09-25 23:56:59,2026-09-25,23:56:59,Friday,23,17.511704,78.493401,ATM_HYD_901,Rural Kiosk - Outer Ring Road Exit 4,Isolated / Peripheral Zone,Hyderabad,40000,Branch_92,ATM_CASH_WITHDRAWAL,SYNTHETIC / SIMULATED DATA — NOT REAL FINANCIAL DATA
TXN001239,2026-09-26 00:10:15,2026-09-26,00:10:15,Saturday,0,17.36189,78.471646,ATM_HYD_503,HDFC Bank Kiosk - Nayapul Bridge,Charminar Heritage Bazaar,Hyderabad,50000,Branch_43,ATM_CASH_WITHDRAWAL,SYNTHETIC / SIMULATED DATA — NOT REAL FINANCIAL DATA
TXN002418,2026-09-26 00:33:09,2026-09-26,00:33:09,Saturday,0,17.346185,78.524038,ATM_HYD_903,Market Yard Cash Point - Shamshabad Link,Isolated / Peripheral Zone,Hyderabad,20000,Branch_97,ATM_CASH_WITHDRAWAL,SYNTHETIC / SIMULATED DATA — NOT REAL FINANCIAL DATA
TXN000886,2026-09-26 01:48:43,2026-09-26,01:48:43,Saturday,1,17.43827,78.443173,ATM_HYD_101,SBI Kiosk - Ameerpet Metro Junction,Ameerpet Commercial Hub,Hyderabad,25000,Branch_23,ATM_CASH_WITHDRAWAL,SYNTHETIC / SIMULATED DATA — NOT REAL FINANCIAL DATA
TXN000991,2026-09-26 03:07:14,2026-09-26,03:07:14,Saturday,3,17.36713,78.528554,ATM_HYD_402,Andhra Bank (UBI) ATM - Chaitanyapuri,Dilsukhnagar Market Corridor,Hyderabad,25000,Branch_15,ATM_CASH_WITHDRAWAL,SYNTHETIC / SIMULATED DATA — NOT REAL FINANCIAL DATA
TXN000142,2026-09-26 07:19:09,2026-09-26,07:19:09,Saturday,7,17.43874,78.45287,ATM_HYD_105,Canara Bank Express ATM - SR Nagar,Ameerpet Commercial Hub,Hyderabad,10000,Branch_19,ATM_CASH_WITHDRAWAL,SYNTHETIC / SIMULATED DATA — NOT REAL FINANCIAL DATA
TXN002396,2026-09-26 07:59:29,2026-09-26,07:59:29,Saturday,7,17.321823,78.557222,ATM_HYD_904,Express ATM - Uppal Outskirts,Isolated / Peripheral Zone,Hyderabad,15000,Branch_73,ATM_CASH_WITHDRAWAL,SYNTHETIC / SIMULATED DATA — NOT REAL FINANCIAL DATA
TXN000727,2026-09-26 15:39:55,2026-09-26,15:39:55,Saturday,15,17.438964,78.44638,ATM_HYD_104,Axis Bank ATM - Elephant House,Ameerpet Commercial Hub,Hyderabad,10000,Branch_45,ATM_CASH_WITHDRAWAL,SYNTHETIC / SIMULATED DATA — NOT REAL FINANCIAL DATA
TXN001154,2026-09-26 15:45:50,2026-09-26,15:45:50,Saturday,15,17.432432,78.498204,ATM_HYD_302,Bank of Baroda ATM - Clock Tower Cir,Secunderabad Station Transit Hub,Hyderabad,25000,Branch_21,ATM_CASH_WITHDRAWAL,SYNTHETIC / SIMULATED DATA — NOT REAL FINANCIAL DATA
TXN001994,2026-09-26 15:46:32,2026-09-26,15:46:32,Saturday,15,17.4362,78.446213,ATM_HYD_102,HDFC 24x7 Cash Point - Maitrivanam,Ameerpet Commercial Hub,Hyderabad,30000,Branch_43,ATM_CASH_WITHDRAWAL,SYNTHETIC / SIMULATED DATA — NOT REAL FINANCIAL DATA
TXN001335,2026-09-26 15:59:08,2026-09-26,15:59:08,Saturday,15,17.355156,78.47681,ATM_HYD_502,SBI ATM - Gulzar Houz,Charminar Heritage Bazaar,Hyderabad,50000,Branch_31,ATM_CASH_WITHDRAWAL,SYNTHETIC / SIMULATED DATA — NOT REAL FINANCIAL DATA
TXN000082,2026-09-26 17:00:13,2026-09-26,17:00:13,Saturday,17,17.441756,78.504503,ATM_HYD_304,Union Bank ATM - Patny Circle,Secunderabad Station Transit Hub,Hyderabad,15000,Branch_34,ATM_CASH_WITHDRAWAL,SYNTHETIC / SIMULATED DATA — NOT REAL FINANCIAL DATA
TXN002212,2026-09-26 17:57:01,2026-09-26,17:57:01,Saturday,17,17.373127,78.521077,ATM_HYD_404,Canara Bank ATM - Dilsukhnagar Bus Depot,Dilsukhnagar Market Corridor,Hyderabad,15000,Branch_46,ATM_CASH_WITHDRAWAL,SYNTHETIC / SIMULATED DATA — NOT REAL FINANCIAL DATA
TXN001286,2026-09-26 17:58:02,2026-09-26,17:58:02,Saturday,17,17.449657,78.390694,ATM_HYD_204,ICICI Bank Express ATM - Madhapur Police Station,Madhapur Tech Corridor,Hyderabad,10000,Branch_14,ATM_CASH_WITHDRAWAL,SYNTHETIC / SIMULATED DATA — NOT REAL FINANCIAL DATA
TXN001714,2026-09-26 18:39:34,2026-09-26,18:39:34,Saturday,18,17.453538,78.39284,ATM_HYD_202,SBI ATM - Hitec City Metro Pillar 24,Madhapur Tech Corridor,Hyderabad,20000,Branch_28,ATM_CASH_WITHDRAWAL,SYNTHETIC / SIMULATED DATA — NOT REAL FINANCIAL DATA
TXN001610,2026-09-26 18:47:12,2026-09-26,18:47:12,Saturday,18,17.449212,78.388079,ATM_HYD_204,ICICI Bank Express ATM - Madhapur Police Station,Madhapur Tech Corridor,Hyderabad,10000,Branch_44,ATM_CASH_WITHDRAWAL,SYNTHETIC / SIMULATED DATA — NOT REAL FINANCIAL DATA
TXN000994,2026-09-26 19:09:58,2026-09-26,19:09:58,Saturday,19,17.443405,78.501382,ATM_HYD_304,Union Bank ATM - Patny Circle,Secunderabad Station Transit Hub,Hyderabad,25000,Branch_10,ATM_CASH_WITHDRAWAL,SYNTHETIC / SIMULATED DATA — NOT REAL FINANCIAL DATA
TXN000553,2026-09-26 19:10:53,2026-09-26,19:10:53,Saturday,19,17.453063,78.39531,ATM_HYD_204,ICICI Bank Express ATM - Madhapur Police Station,Madhapur Tech Corridor,Hyderabad,30000,Branch_15,ATM_CASH_WITHDRAWAL,SYNTHETIC / SIMULATED DATA — NOT REAL FINANCIAL DATA
TXN000335,2026-09-26 19:28:51,2026-09-26,19:28:51,Saturday,19,17.439076,78.443575,ATM_HYD_102,HDFC 24x7 Cash Point - Maitrivanam,Ameerpet Commercial Hub,Hyderabad,48000,Branch_42,ATM_CASH_WITHDRAWAL,SYNTHETIC / SIMULATED DATA — NOT REAL FINANCIAL DATA
TXN000094,2026-09-26 19:36:43,2026-09-26,19:36:43,Saturday,19,17.442354,78.390237,ATM_HYD_201,Kotak ATM - Cyber Towers Concourse,Madhapur Tech Corridor,Hyderabad,25000,Branch_34,ATM_CASH_WITHDRAWAL,SYNTHETIC / SIMULATED DATA — NOT REAL FINANCIAL DATA
TXN001320,2026-09-26 19:39:21,2026-09-26,19:39:21,Saturday,19,17.4353,78.445047,ATM_HYD_102,HDFC 24x7 Cash Point - Maitrivanam,Ameerpet Commercial Hub,Hyderabad,15000,Branch_39,ATM_CASH_WITHDRAWAL,SYNTHETIC / SIMULATED DATA — NOT REAL FINANCIAL DATA
TXN001706,2026-09-26 19:40:21,2026-09-26,19:40:21,Saturday,19,17.435832,78.446574,ATM_HYD_104,Axis Bank ATM - Elephant House,Ameerpet Commercial Hub,Hyderabad,20000,Branch_12,ATM_CASH_WITHDRAWAL,SYNTHETIC / SIMULATED DATA — NOT REAL FINANCIAL DATA
TXN001606,2026-09-26 19:42:52,2026-09-26,19:42:52,Saturday,19,17.441289,78.395445,ATM_HYD_201,Kotak ATM - Cyber Towers Concourse,Madhapur Tech Corridor,Hyderabad,20000,Branch_30,ATM_CASH_WITHDRAWAL,SYNTHETIC / SIMULATED DATA — NOT REAL FINANCIAL DATA
TXN000569,2026-09-26 20:04:30,2026-09-26,20:04:30,Saturday,20,17.371124,78.524209,ATM_HYD_401,SBI Express ATM - Dilsukhnagar Metro,Dilsukhnagar Market Corridor,Hyderabad,20000,Branch_42,ATM_CASH_WITHDRAWAL,SYNTHETIC / SIMULATED DATA — NOT REAL FINANCIAL DATA
TXN000919,2026-09-26 20:15:45,2026-09-26,20:15:45,Saturday,20,17.437152,78.505714,ATM_HYD_301,Punjab National Bank - Railway Gate 1,Secunderabad Station Transit Hub,Hyderabad,40000,Branch_36,ATM_CASH_WITHDRAWAL,SYNTHETIC / SIMULATED DATA — NOT REAL FINANCIAL DATA
TXN000625,2026-09-26 20:45:26,2026-09-26,20:45:26,Saturday,20,17.441703,78.499784,ATM_HYD_304,Union Bank ATM - Patny Circle,Secunderabad Station Transit Hub,Hyderabad,20000,Branch_44,ATM_CASH_WITHDRAWAL,SYNTHETIC / SIMULATED DATA — NOT REAL FINANCIAL DATA
TXN000347,2026-09-26 20:52:20,2026-09-26,20:52:20,Saturday,20,17.44077,78.497452,ATM_HYD_303,SBI Multi-Service Lounge - Station Rd,Secunderabad Station Transit Hub,Hyderabad,20000,Branch_19,ATM_CASH_WITHDRAWAL,SYNTHETIC / SIMULATED DATA — NOT REAL FINANCIAL DATA
TXN000651,2026-09-26 21:04:22,2026-09-26,21:04:22,Saturday,21,17.443555,78.444158,ATM_HYD_101,SBI Kiosk - Ameerpet Metro Junction,Ameerpet Commercial Hub,Hyderabad,10000,Branch_16,ATM_CASH_WITHDRAWAL,SYNTHETIC / SIMULATED DATA — NOT REAL FINANCIAL DATA
TXN002094,2026-09-26 21:18:54,2026-09-26,21:18:54,Saturday,21,17.451486,78.386682,ATM_HYD_201,Kotak ATM - Cyber Towers Concourse,Madhapur Tech Corridor,Hyderabad,30000,Branch_38,ATM_CASH_WITHDRAWAL,SYNTHETIC / SIMULATED DATA — NOT REAL FINANCIAL DATA
TXN000129,2026-09-26 21:31:05,2026-09-26,21:31:05,Saturday,21,17.437439,78.447331,ATM_HYD_102,HDFC 24x7 Cash Point - Maitrivanam,Ameerpet Commercial Hub,Hyderabad,50000,Branch_36,ATM_CASH_WITHDRAWAL,SYNTHETIC / SIMULATED DATA — NOT REAL FINANCIAL DATA
TXN000667,2026-09-26 21:37:13,2026-09-26,21:37:13,Saturday,21,17.443484,78.445067,ATM_HYD_101,SBI Kiosk - Ameerpet Metro Junction,Ameerpet Commercial Hub,Hyderabad,30000,Branch_45,ATM_CASH_WITHDRAWAL,SYNTHETIC / SIMULATED DATA — NOT REAL FINANCIAL DATA
TXN000303,2026-09-26 21:40:46,2026-09-26,21:40:46,Saturday,21,17.450454,78.396987,ATM_HYD_201,Kotak ATM - Cyber Towers Concourse,Madhapur Tech Corridor,Hyderabad,30000,Branch_34,ATM_CASH_WITHDRAWAL,SYNTHETIC / SIMULATED DATA — NOT REAL FINANCIAL DATA
TXN001016,2026-09-26 22:50:20,2026-09-26,22:50:20,Saturday,22,17.364919,78.474667,ATM_HYD_502,SBI ATM - Gulzar Houz,Charminar Heritage Bazaar,Hyderabad,20000,Branch_43,ATM_CASH_WITHDRAWAL,SYNTHETIC / SIMULATED DATA — NOT REAL FINANCIAL DATA
TXN001330,2026-09-26 23:49:03,2026-09-26,23:49:03,Saturday,23,17.448948,78.388305,ATM_HYD_205,IndusInd Bank 24/7 ATM - Kavuri Hills,Madhapur Tech Corridor,Hyderabad,30000,Branch_39,ATM_CASH_WITHDRAWAL,SYNTHETIC / SIMULATED DATA — NOT REAL FINANCIAL DATA
TXN001029,2026-09-26 23:59:49,2026-09-26,23:59:49,Saturday,23,17.446761,78.398136,ATM_HYD_202,SBI ATM - Hitec City Metro Pillar 24,Madhapur Tech Corridor,Hyderabad,30000,Branch_11,ATM_CASH_WITHDRAWAL,SYNTHETIC / SIMULATED DATA — NOT REAL FINANCIAL DATA
TXN002441,2026-09-27 00:05:59,2026-09-27,00:05:59,Sunday,0,17.51699,78.352142,ATM_HYD_905,Highway Kiosk - Patancheru Depot,Isolated / Peripheral Zone,Hyderabad,20000,Branch_72,ATM_CASH_WITHDRAWAL,SYNTHETIC / SIMULATED DATA — NOT REAL FINANCIAL DATA
TXN001579,2026-09-27 00:13:05,2026-09-27,00:13:05,Sunday,0,17.443374,78.500646,ATM_HYD_301,Punjab National Bank - Railway Gate 1,Secunderabad Station Transit Hub,Hyderabad,25000,Branch_12,ATM_CASH_WITHDRAWAL,SYNTHETIC / SIMULATED DATA — NOT REAL FINANCIAL DATA
TXN001173,2026-09-27 00:17:40,2026-09-27,00:17:40,Sunday,0,17.444542,78.501855,ATM_HYD_303,SBI Multi-Service Lounge - Station Rd,Secunderabad Station Transit Hub,Hyderabad,25000,Branch_38,ATM_CASH_WITHDRAWAL,SYNTHETIC / SIMULATED DATA — NOT REAL FINANCIAL DATA
TXN001372,2026-09-27 00:54:03,2026-09-27,00:54:03,Sunday,0,17.436296,78.453177,ATM_HYD_105,Canara Bank Express ATM - SR Nagar,Ameerpet Commercial Hub,Hyderabad,18000,Branch_49,ATM_CASH_WITHDRAWAL,SYNTHETIC / SIMULATED DATA — NOT REAL FINANCIAL DATA
TXN001190,2026-09-27 01:20:38,2026-09-27,01:20:38,Sunday,1,17.445463,78.502123,ATM_HYD_302,Bank of Baroda ATM - Clock Tower Cir,Secunderabad Station Transit Hub,Hyderabad,25000,Branch_48,ATM_CASH_WITHDRAWAL,SYNTHETIC / SIMULATED DATA — NOT REAL FINANCIAL DATA
TXN002239,2026-09-27 02:27:44,2026-09-27,02:27:44,Sunday,2,17.440506,78.450808,ATM_HYD_103,ICICI e-Lobby - Ameerpet Cross Roads,Ameerpet Commercial Hub,Hyderabad,15000,Branch_48,ATM_CASH_WITHDRAWAL,SYNTHETIC / SIMULATED DATA — NOT REAL FINANCIAL DATA
TXN001853,2026-09-27 02:35:43,2026-09-27,02:35:43,Sunday,2,17.362506,78.527922,ATM_HYD_401,SBI Express ATM - Dilsukhnagar Metro,Dilsukhnagar Market Corridor,Hyderabad,10000,Branch_48,ATM_CASH_WITHDRAWAL,SYNTHETIC / SIMULATED DATA — NOT REAL FINANCIAL DATA
TXN000939,2026-09-27 03:49:37,2026-09-27,03:49:37,Sunday,3,17.435397,78.448854,ATM_HYD_102,HDFC 24x7 Cash Point - Maitrivanam,Ameerpet Commercial Hub,Hyderabad,10000,Branch_21,ATM_CASH_WITHDRAWAL,SYNTHETIC / SIMULATED DATA — NOT REAL FINANCIAL DATA
TXN002009,2026-09-27 04:19:26,2026-09-27,04:19:26,Sunday,4,17.436503,78.449239,ATM_HYD_102,HDFC 24x7 Cash Point - Maitrivanam,Ameerpet Commercial Hub,Hyderabad,40000,Branch_39,ATM_CASH_WITHDRAWAL,SYNTHETIC / SIMULATED DATA — NOT REAL FINANCIAL DATA
TXN002329,2026-09-27 06:01:39,2026-09-27,06:01:39,Sunday,6,17.475669,78.461009,ATM_HYD_901,Rural Kiosk - Outer Ring Road Exit 4,Isolated / Peripheral Zone,Hyderabad,25000,Branch_63,ATM_CASH_WITHDRAWAL,SYNTHETIC / SIMULATED DATA — NOT REAL FINANCIAL DATA
TXN002435,2026-09-27 06:04:44,2026-09-27,06:04:44,Sunday,6,17.348398,78.332204,ATM_HYD_904,Express ATM - Uppal Outskirts,Isolated / Peripheral Zone,Hyderabad,30000,Branch_90,ATM_CASH_WITHDRAWAL,SYNTHETIC / SIMULATED DATA — NOT REAL FINANCIAL DATA
TXN001186,2026-09-27 09:13:16,2026-09-27,09:13:16,Sunday,9,17.361986,78.475342,ATM_HYD_503,HDFC Bank Kiosk - Nayapul Bridge,Charminar Heritage Bazaar,Hyderabad,25000,Branch_41,ATM_CASH_WITHDRAWAL,SYNTHETIC / SIMULATED DATA — NOT REAL FINANCIAL DATA
TXN000929,2026-09-27 10:55:27,2026-09-27,10:55:27,Sunday,10,17.441357,78.504504,ATM_HYD_302,Bank of Baroda ATM - Clock Tower Cir,Secunderabad Station Transit Hub,Hyderabad,10000,Branch_33,ATM_CASH_WITHDRAWAL,SYNTHETIC / SIMULATED DATA — NOT REAL FINANCIAL DATA
TXN001812,2026-09-27 11:46:02,2026-09-27,11:46:02,Sunday,11,17.440957,78.508697,ATM_HYD_303,SBI Multi-Service Lounge - Station Rd,Secunderabad Station Transit Hub,Hyderabad,12000,Branch_38,ATM_CASH_WITHDRAWAL,SYNTHETIC / SIMULATED DATA — NOT REAL FINANCIAL DATA
TXN000397,2026-09-27 11:59:20,2026-09-27,11:59:20,Sunday,11,17.366998,78.52968,ATM_HYD_402,Andhra Bank (UBI) ATM - Chaitanyapuri,Dilsukhnagar Market Corridor,Hyderabad,40000,Branch_45,ATM_CASH_WITHDRAWAL,SYNTHETIC / SIMULATED DATA — NOT REAL FINANCIAL DATA
TXN001990,2026-09-27 12:09:33,2026-09-27,12:09:33,Sunday,12,17.446326,78.510384,ATM_HYD_303,SBI Multi-Service Lounge - Station Rd,Secunderabad Station Transit Hub,Hyderabad,25000,Branch_24,ATM_CASH_WITHDRAWAL,SYNTHETIC / SIMULATED DATA — NOT REAL FINANCIAL DATA
TXN002265,2026-09-27 13:24:18,2026-09-27,13:24:18,Sunday,13,17.437223,78.537546,ATM_HYD_905,Highway Kiosk - Patancheru Depot,Isolated / Peripheral Zone,Hyderabad,20000,Branch_65,ATM_CASH_WITHDRAWAL,SYNTHETIC / SIMULATED DATA — NOT REAL FINANCIAL DATA
TXN000904,2026-09-27 13:35:06,2026-09-27,13:35:06,Sunday,13,17.43514,78.493778,ATM_HYD_301,Punjab National Bank - Railway Gate 1,Secunderabad Station Transit Hub,Hyderabad,25000,Branch_21,ATM_CASH_WITHDRAWAL,SYNTHETIC / SIMULATED DATA — NOT REAL FINANCIAL DATA
TXN000394,2026-09-27 13:38:44,2026-09-27,13:38:44,Sunday,13,17.439649,78.505162,ATM_HYD_304,Union Bank ATM - Patny Circle,Secunderabad Station Transit Hub,Hyderabad,20000,Branch_30,ATM_CASH_WITHDRAWAL,SYNTHETIC / SIMULATED DATA — NOT REAL FINANCIAL DATA
TXN000802,2026-09-27 13:46:51,2026-09-27,13:46:51,Sunday,13,17.438898,78.442574,ATM_HYD_101,SBI Kiosk - Ameerpet Metro Junction,Ameerpet Commercial Hub,Hyderabad,20000,Branch_15,ATM_CASH_WITHDRAWAL,SYNTHETIC / SIMULATED DATA — NOT REAL FINANCIAL DATA
TXN001035,2026-09-27 14:13:19,2026-09-27,14:13:19,Sunday,14,17.431139,78.438839,ATM_HYD_102,HDFC 24x7 Cash Point - Maitrivanam,Ameerpet Commercial Hub,Hyderabad,25000,Branch_43,ATM_CASH_WITHDRAWAL,SYNTHETIC / SIMULATED DATA — NOT REAL FINANCIAL DATA
TXN002292,2026-09-27 15:45:33,2026-09-27,15:45:33,Sunday,15,17.382929,78.355092,ATM_HYD_904,Express ATM - Uppal Outskirts,Isolated / Peripheral Zone,Hyderabad,25000,Branch_98,ATM_CASH_WITHDRAWAL,SYNTHETIC / SIMULATED DATA — NOT REAL FINANCIAL DATA
TXN001776,2026-09-27 17:21:46,2026-09-27,17:21:46,Sunday,17,17.446695,78.391628,ATM_HYD_203,HDFC Bank E-Corner - Inorbit Road,Madhapur Tech Corridor,Hyderabad,25000,Branch_37,ATM_CASH_WITHDRAWAL,SYNTHETIC / SIMULATED DATA — NOT REAL FINANCIAL DATA
TXN001928,2026-09-27 17:22:31,2026-09-27,17:22:31,Sunday,17,17.446151,78.386119,ATM_HYD_204,ICICI Bank Express ATM - Madhapur Police Station,Madhapur Tech Corridor,Hyderabad,20000,Branch_47,ATM_CASH_WITHDRAWAL,SYNTHETIC / SIMULATED DATA — NOT REAL FINANCIAL DATA
TXN001058,2026-09-27 17:58:16,2026-09-27,17:58:16,Sunday,17,17.448226,78.397414,ATM_HYD_205,IndusInd Bank 24/7 ATM - Kavuri Hills,Madhapur Tech Corridor,Hyderabad,42000,Branch_10,ATM_CASH_WITHDRAWAL,SYNTHETIC / SIMULATED DATA — NOT REAL FINANCIAL DATA
TXN002133,2026-09-27 18:01:35,2026-09-27,18:01:35,Sunday,18,17.451559,78.396715,ATM_HYD_204,ICICI Bank Express ATM - Madhapur Police Station,Madhapur Tech Corridor,Hyderabad,50000,Branch_13,ATM_CASH_WITHDRAWAL,SYNTHETIC / SIMULATED DATA — NOT REAL FINANCIAL DATA
TXN000540,2026-09-27 18:07:26,2026-09-27,18:07:26,Sunday,18,17.435103,78.449149,ATM_HYD_105,Canara Bank Express ATM - SR Nagar,Ameerpet Commercial Hub,Hyderabad,25000,Branch_47,ATM_CASH_WITHDRAWAL,SYNTHETIC / SIMULATED DATA — NOT REAL FINANCIAL DATA
TXN000418,2026-09-27 18:20:07,2026-09-27,18:20:07,Sunday,18,17.446701,78.385893,ATM_HYD_205,IndusInd Bank 24/7 ATM - Kavuri Hills,Madhapur Tech Corridor,Hyderabad,50000,Branch_17,ATM_CASH_WITHDRAWAL,SYNTHETIC / SIMULATED DATA — NOT REAL FINANCIAL DATA
TXN000967,2026-09-27 18:23:52,2026-09-27,18:23:52,Sunday,18,17.43573,78.496764,ATM_HYD_304,Union Bank ATM - Patny Circle,Secunderabad Station Transit Hub,Hyderabad,25000,Branch_22,ATM_CASH_WITHDRAWAL,SYNTHETIC / SIMULATED DATA — NOT REAL FINANCIAL DATA
TXN000616,2026-09-27 18:29:42,2026-09-27,18:29:42,Sunday,18,17.35859,78.479713,ATM_HYD_503,HDFC Bank Kiosk - Nayapul Bridge,Charminar Heritage Bazaar,Hyderabad,20000,Branch_42,ATM_CASH_WITHDRAWAL,SYNTHETIC / SIMULATED DATA — NOT REAL FINANCIAL DATA
TXN000902,2026-09-27 18:36:50,2026-09-27,18:36:50,Sunday,18,17.432539,78.444164,ATM_HYD_102,HDFC 24x7 Cash Point - Maitrivanam,Ameerpet Commercial Hub,Hyderabad,20000,Branch_25,ATM_CASH_WITHDRAWAL,SYNTHETIC / SIMULATED DATA — NOT REAL FINANCIAL DATA
TXN000332,2026-09-27 20:20:53,2026-09-27,20:20:53,Sunday,20,17.443761,78.50943,ATM_HYD_302,Bank of Baroda ATM - Clock Tower Cir,Secunderabad Station Transit Hub,Hyderabad,27000,Branch_43,ATM_CASH_WITHDRAWAL,SYNTHETIC / SIMULATED DATA — NOT REAL FINANCIAL DATA
TXN002242,2026-09-27 20:22:26,2026-09-27,20:22:26,Sunday,20,17.439434,78.446128,ATM_HYD_102,HDFC 24x7 Cash Point - Maitrivanam,Ameerpet Commercial Hub,Hyderabad,15000,Branch_39,ATM_CASH_WITHDRAWAL,SYNTHETIC / SIMULATED DATA — NOT REAL FINANCIAL DATA
TXN001446,2026-09-27 21:08:34,2026-09-27,21:08:34,Sunday,21,17.438695,78.450498,ATM_HYD_103,ICICI e-Lobby - Ameerpet Cross Roads,Ameerpet Commercial Hub,Hyderabad,20000,Branch_34,ATM_CASH_WITHDRAWAL,SYNTHETIC / SIMULATED DATA — NOT REAL FINANCIAL DATA
TXN001343,2026-09-27 21:43:29,2026-09-27,21:43:29,Sunday,21,17.365201,78.515619,ATM_HYD_403,HDFC Cash Machine - Malakpet Link,Dilsukhnagar Market Corridor,Hyderabad,15000,Branch_10,ATM_CASH_WITHDRAWAL,SYNTHETIC / SIMULATED DATA — NOT REAL FINANCIAL DATA
TXN000430,2026-09-27 21:45:39,2026-09-27,21:45:39,Sunday,21,17.437887,78.444866,ATM_HYD_102,HDFC 24x7 Cash Point - Maitrivanam,Ameerpet Commercial Hub,Hyderabad,50000,Branch_20,ATM_CASH_WITHDRAWAL,SYNTHETIC / SIMULATED DATA — NOT REAL FINANCIAL DATA
TXN000446,2026-09-27 22:28:00,2026-09-27,22:28:00,Sunday,22,17.360098,78.471015,ATM_HYD_501,Bank of India - Madina Market,Charminar Heritage Bazaar,Hyderabad,42000,Branch_17,ATM_CASH_WITHDRAWAL,SYNTHETIC / SIMULATED DATA — NOT REAL FINANCIAL DATA
TXN000176,2026-09-27 23:27:03,2026-09-27,23:27:03,Sunday,23,17.439957,78.44724,ATM_HYD_102,HDFC 24x7 Cash Point - Maitrivanam,Ameerpet Commercial Hub,Hyderabad,50000,Branch_25,ATM_CASH_WITHDRAWAL,SYNTHETIC / SIMULATED DATA — NOT REAL FINANCIAL DATA
TXN002432,2026-09-28 00:25:03,2026-09-28,00:25:03,Monday,0,17.464762,78.528541,ATM_HYD_903,Market Yard Cash Point - Shamshabad Link,Isolated / Peripheral Zone,Hyderabad,15000,Branch_71,ATM_CASH_WITHDRAWAL,SYNTHETIC / SIMULATED DATA — NOT REAL FINANCIAL DATA
TXN001375,2026-09-28 01:36:58,2026-09-28,01:36:58,Monday,1,17.441047,78.44244,ATM_HYD_102,HDFC 24x7 Cash Point - Maitrivanam,Ameerpet Commercial Hub,Hyderabad,40000,Branch_31,ATM_CASH_WITHDRAWAL,SYNTHETIC / SIMULATED DATA — NOT REAL FINANCIAL DATA
TXN000693,2026-09-28 02:07:19,2026-09-28,02:07:19,Monday,2,17.452383,78.389854,ATM_HYD_203,HDFC Bank E-Corner - Inorbit Road,Madhapur Tech Corridor,Hyderabad,10000,Branch_22,ATM_CASH_WITHDRAWAL,SYNTHETIC / SIMULATED DATA — NOT REAL FINANCIAL DATA
TXN002461,2026-09-28 08:42:42,2026-09-28,08:42:42,Monday,8,17.318878,78.572382,ATM_HYD_903,Market Yard Cash Point - Shamshabad Link,Isolated / Peripheral Zone,Hyderabad,10000,Branch_77,ATM_CASH_WITHDRAWAL,SYNTHETIC / SIMULATED DATA — NOT REAL FINANCIAL DATA
TXN002140,2026-09-28 09:39:21,2026-09-28,09:39:21,Monday,9,17.374069,78.525446,ATM_HYD_402,Andhra Bank (UBI) ATM - Chaitanyapuri,Dilsukhnagar Market Corridor,Hyderabad,25000,Branch_21,ATM_CASH_WITHDRAWAL,SYNTHETIC / SIMULATED DATA — NOT REAL FINANCIAL DATA
TXN002356,2026-09-28 10:19:33,2026-09-28,10:19:33,Monday,10,17.335042,78.438847,ATM_HYD_902,Petrol Pump ATM - Medchal Highway,Isolated / Peripheral Zone,Hyderabad,20000,Branch_81,ATM_CASH_WITHDRAWAL,SYNTHETIC / SIMULATED DATA — NOT REAL FINANCIAL DATA
TXN002401,2026-09-28 11:06:56,2026-09-28,11:06:56,Monday,11,17.396679,78.404462,ATM_HYD_903,Market Yard Cash Point - Shamshabad Link,Isolated / Peripheral Zone,Hyderabad,20000,Branch_58,ATM_CASH_WITHDRAWAL,SYNTHETIC / SIMULATED DATA — NOT REAL FINANCIAL DATA
TXN000804,2026-09-28 11:27:52,2026-09-28,11:27:52,Monday,11,17.439793,78.499737,ATM_HYD_302,Bank of Baroda ATM - Clock Tower Cir,Secunderabad Station Transit Hub,Hyderabad,20000,Branch_34,ATM_CASH_WITHDRAWAL,SYNTHETIC / SIMULATED DATA — NOT REAL FINANCIAL DATA
TXN000259,2026-09-28 11:49:04,2026-09-28,11:49:04,Monday,11,17.446601,78.396935,ATM_HYD_204,ICICI Bank Express ATM - Madhapur Police Station,Madhapur Tech Corridor,Hyderabad,25000,Branch_28,ATM_CASH_WITHDRAWAL,SYNTHETIC / SIMULATED DATA — NOT REAL FINANCIAL DATA
TXN002216,2026-09-28 12:39:18,2026-09-28,12:39:18,Monday,12,17.434982,78.448932,ATM_HYD_103,ICICI e-Lobby - Ameerpet Cross Roads,Ameerpet Commercial Hub,Hyderabad,30000,Branch_49,ATM_CASH_WITHDRAWAL,SYNTHETIC / SIMULATED DATA — NOT REAL FINANCIAL DATA
TXN000023,2026-09-28 13:07:59,2026-09-28,13:07:59,Monday,13,17.435977,78.448685,ATM_HYD_101,SBI Kiosk - Ameerpet Metro Junction,Ameerpet Commercial Hub,Hyderabad,20000,Branch_29,ATM_CASH_WITHDRAWAL,SYNTHETIC / SIMULATED DATA — NOT REAL FINANCIAL DATA
TXN000702,2026-09-28 13:16:14,2026-09-28,13:16:14,Monday,13,17.432602,78.45397,ATM_HYD_104,Axis Bank ATM - Elephant House,Ameerpet Commercial Hub,Hyderabad,20000,Branch_48,ATM_CASH_WITHDRAWAL,SYNTHETIC / SIMULATED DATA — NOT REAL FINANCIAL DATA
TXN001806,2026-09-28 13:21:20,2026-09-28,13:21:20,Monday,13,17.438209,78.500274,ATM_HYD_302,Bank of Baroda ATM - Clock Tower Cir,Secunderabad Station Transit Hub,Hyderabad,42000,Branch_36,ATM_CASH_WITHDRAWAL,SYNTHETIC / SIMULATED DATA — NOT REAL FINANCIAL DATA
TXN000006,2026-09-28 13:46:29,2026-09-28,13:46:29,Monday,13,17.434301,78.450787,ATM_HYD_103,ICICI e-Lobby - Ameerpet Cross Roads,Ameerpet Commercial Hub,Hyderabad,25000,Branch_34,ATM_CASH_WITHDRAWAL,SYNTHETIC / SIMULATED DATA — NOT REAL FINANCIAL DATA
TXN002100,2026-09-28 13:49:41,2026-09-28,13:49:41,Monday,13,17.440278,78.385782,ATM_HYD_201,Kotak ATM - Cyber Towers Concourse,Madhapur Tech Corridor,Hyderabad,40000,Branch_25,ATM_CASH_WITHDRAWAL,SYNTHETIC / SIMULATED DATA — NOT REAL FINANCIAL DATA
TXN001532,2026-09-28 14:14:20,2026-09-28,14:14:20,Monday,14,17.431825,78.501821,ATM_HYD_303,SBI Multi-Service Lounge - Station Rd,Secunderabad Station Transit Hub,Hyderabad,20000,Branch_47,ATM_CASH_WITHDRAWAL,SYNTHETIC / SIMULATED DATA — NOT REAL FINANCIAL DATA
TXN000547,2026-09-28 14:28:13,2026-09-28,14:28:13,Monday,14,17.435521,78.447248,ATM_HYD_104,Axis Bank ATM - Elephant House,Ameerpet Commercial Hub,Hyderabad,15000,Branch_36,ATM_CASH_WITHDRAWAL,SYNTHETIC / SIMULATED DATA — NOT REAL FINANCIAL DATA
TXN002448,2026-09-28 14:30:37,2026-09-28,14:30:37,Monday,14,17.411371,78.336408,ATM_HYD_904,Express ATM - Uppal Outskirts,Isolated / Peripheral Zone,Hyderabad,50000,Branch_52,ATM_CASH_WITHDRAWAL,SYNTHETIC / SIMULATED DATA — NOT REAL FINANCIAL DATA
TXN002035,2026-09-28 14:31:45,2026-09-28,14:31:45,Monday,14,17.447508,78.498549,ATM_HYD_303,SBI Multi-Service Lounge - Station Rd,Secunderabad Station Transit Hub,Hyderabad,8000,Branch_36,ATM_CASH_WITHDRAWAL,SYNTHETIC / SIMULATED DATA — NOT REAL FINANCIAL DATA
TXN001234,2026-09-28 14:32:40,2026-09-28,14:32:40,Monday,14,17.434693,78.443168,ATM_HYD_104,Axis Bank ATM - Elephant House,Ameerpet Commercial Hub,Hyderabad,40000,Branch_38,ATM_CASH_WITHDRAWAL,SYNTHETIC / SIMULATED DATA — NOT REAL FINANCIAL DATA
TXN000834,2026-09-28 14:38:14,2026-09-28,14:38:14,Monday,14,17.437751,78.44536,ATM_HYD_103,ICICI e-Lobby - Ameerpet Cross Roads,Ameerpet Commercial Hub,Hyderabad,50000,Branch_11,ATM_CASH_WITHDRAWAL,SYNTHETIC / SIMULATED DATA — NOT REAL FINANCIAL DATA
TXN001980,2026-09-28 15:26:16,2026-09-28,15:26:16,Monday,15,17.368341,78.52085,ATM_HYD_401,SBI Express ATM - Dilsukhnagar Metro,Dilsukhnagar Market Corridor,Hyderabad,25000,Branch_20,ATM_CASH_WITHDRAWAL,SYNTHETIC / SIMULATED DATA — NOT REAL FINANCIAL DATA
TXN001325,2026-09-28 15:30:04,2026-09-28,15:30:04,Monday,15,17.364238,78.478663,ATM_HYD_501,Bank of India - Madina Market,Charminar Heritage Bazaar,Hyderabad,20000,Branch_44,ATM_CASH_WITHDRAWAL,SYNTHETIC / SIMULATED DATA — NOT REAL FINANCIAL DATA
TXN001640,2026-09-28 15:33:32,2026-09-28,15:33:32,Monday,15,17.364231,78.476467,ATM_HYD_501,Bank of India - Madina Market,Charminar Heritage Bazaar,Hyderabad,20000,Branch_23,ATM_CASH_WITHDRAWAL,SYNTHETIC / SIMULATED DATA — NOT REAL FINANCIAL DATA
TXN001357,2026-09-28 16:07:34,2026-09-28,16:07:34,Monday,16,17.37299,78.523991,ATM_HYD_401,SBI Express ATM - Dilsukhnagar Metro,Dilsukhnagar Market Corridor,Hyderabad,20000,Branch_20,ATM_CASH_WITHDRAWAL,SYNTHETIC / SIMULATED DATA — NOT REAL FINANCIAL DATA
TXN001611,2026-09-28 16:13:12,2026-09-28,16:13:12,Monday,16,17.369051,78.528175,ATM_HYD_402,Andhra Bank (UBI) ATM - Chaitanyapuri,Dilsukhnagar Market Corridor,Hyderabad,25000,Branch_46,ATM_CASH_WITHDRAWAL,SYNTHETIC / SIMULATED DATA — NOT REAL FINANCIAL DATA
TXN001520,2026-09-28 16:18:02,2026-09-28,16:18:02,Monday,16,17.358418,78.475341,ATM_HYD_501,Bank of India - Madina Market,Charminar Heritage Bazaar,Hyderabad,25000,Branch_13,ATM_CASH_WITHDRAWAL,SYNTHETIC / SIMULATED DATA — NOT REAL FINANCIAL DATA
TXN000917,2026-09-28 16:25:22,2026-09-28,16:25:22,Monday,16,17.437987,78.447088,ATM_HYD_104,Axis Bank ATM - Elephant House,Ameerpet Commercial Hub,Hyderabad,10000,Branch_39,ATM_CASH_WITHDRAWAL,SYNTHETIC / SIMULATED DATA — NOT REAL FINANCIAL DATA
TXN001624,2026-09-28 16:36:27,2026-09-28,16:36:27,Monday,16,17.359247,78.472775,ATM_HYD_503,HDFC Bank Kiosk - Nayapul Bridge,Charminar Heritage Bazaar,Hyderabad,20000,Branch_35,ATM_CASH_WITHDRAWAL,SYNTHETIC / SIMULATED DATA — NOT REAL FINANCIAL DATA
TXN001790,2026-09-28 17:04:32,2026-09-28,17:04:32,Monday,17,17.449777,78.381649,ATM_HYD_201,Kotak ATM - Cyber Towers Concourse,Madhapur Tech Corridor,Hyderabad,25000,Branch_42,ATM_CASH_WITHDRAWAL,SYNTHETIC / SIMULATED DATA — NOT REAL FINANCIAL DATA
TXN002280,2026-09-28 17:13:07,2026-09-28,17:13:07,Monday,17,17.355714,78.568905,ATM_HYD_905,Highway Kiosk - Patancheru Depot,Isolated / Peripheral Zone,Hyderabad,10000,Branch_62,ATM_CASH_WITHDRAWAL,SYNTHETIC / SIMULATED DATA — NOT REAL FINANCIAL DATA
TXN000265,2026-09-28 17:23:23,2026-09-28,17:23:23,Monday,17,17.37045,78.526663,ATM_HYD_401,SBI Express ATM - Dilsukhnagar Metro,Dilsukhnagar Market Corridor,Hyderabad,20000,Branch_14,ATM_CASH_WITHDRAWAL,SYNTHETIC / SIMULATED DATA — NOT REAL FINANCIAL DATA
TXN001431,2026-09-28 17:25:00,2026-09-28,17:25:00,Monday,17,17.447806,78.386371,ATM_HYD_205,IndusInd Bank 24/7 ATM - Kavuri Hills,Madhapur Tech Corridor,Hyderabad,20000,Branch_39,ATM_CASH_WITHDRAWAL,SYNTHETIC / SIMULATED DATA — NOT REAL FINANCIAL DATA
TXN002054,2026-09-28 17:26:12,2026-09-28,17:26:12,Monday,17,17.363251,78.475135,ATM_HYD_502,SBI ATM - Gulzar Houz,Charminar Heritage Bazaar,Hyderabad,25000,Branch_15,ATM_CASH_WITHDRAWAL,SYNTHETIC / SIMULATED DATA — NOT REAL FINANCIAL DATA
TXN001739,2026-09-28 17:59:11,2026-09-28,17:59:11,Monday,17,17.450114,78.396985,ATM_HYD_203,HDFC Bank E-Corner - Inorbit Road,Madhapur Tech Corridor,Hyderabad,30000,Branch_38,ATM_CASH_WITHDRAWAL,SYNTHETIC / SIMULATED DATA — NOT REAL FINANCIAL DATA
TXN001528,2026-09-28 18:07:26,2026-09-28,18:07:26,Monday,18,17.435247,78.448707,ATM_HYD_103,ICICI e-Lobby - Ameerpet Cross Roads,Ameerpet Commercial Hub,Hyderabad,10000,Branch_45,ATM_CASH_WITHDRAWAL,SYNTHETIC / SIMULATED DATA — NOT REAL FINANCIAL DATA
TXN002471,2026-09-28 18:13:55,2026-09-28,18:13:55,Monday,18,17.434686,78.368222,ATM_HYD_905,Highway Kiosk - Patancheru Depot,Isolated / Peripheral Zone,Hyderabad,10000,Branch_51,ATM_CASH_WITHDRAWAL,SYNTHETIC / SIMULATED DATA — NOT REAL FINANCIAL DATA
TXN001872,2026-09-28 18:13:59,2026-09-28,18:13:59,Monday,18,17.44101,78.451304,ATM_HYD_105,Canara Bank Express ATM - SR Nagar,Ameerpet Commercial Hub,Hyderabad,25000,Branch_18,ATM_CASH_WITHDRAWAL,SYNTHETIC / SIMULATED DATA — NOT REAL FINANCIAL DATA
TXN001413,2026-09-28 19:17:44,2026-09-28,19:17:44,Monday,19,17.435061,78.454475,ATM_HYD_101,SBI Kiosk - Ameerpet Metro Junction,Ameerpet Commercial Hub,Hyderabad,40000,Branch_25,ATM_CASH_WITHDRAWAL,SYNTHETIC / SIMULATED DATA — NOT REAL FINANCIAL DATA
TXN001300,2026-09-28 19:36:21,2026-09-28,19:36:21,Monday,19,17.442277,78.497746,ATM_HYD_304,Union Bank ATM - Patny Circle,Secunderabad Station Transit Hub,Hyderabad,20000,Branch_36,ATM_CASH_WITHDRAWAL,SYNTHETIC / SIMULATED DATA — NOT REAL FINANCIAL DATA
TXN000793,2026-09-28 19:57:20,2026-09-28,19:57:20,Monday,19,17.446134,78.392343,ATM_HYD_205,IndusInd Bank 24/7 ATM - Kavuri Hills,Madhapur Tech Corridor,Hyderabad,20000,Branch_30,ATM_CASH_WITHDRAWAL,SYNTHETIC / SIMULATED DATA — NOT REAL FINANCIAL DATA
TXN001548,2026-09-28 20:33:21,2026-09-28,20:33:21,Monday,20,17.450215,78.391843,ATM_HYD_201,Kotak ATM - Cyber Towers Concourse,Madhapur Tech Corridor,Hyderabad,10000,Branch_37,ATM_CASH_WITHDRAWAL,SYNTHETIC / SIMULATED DATA — NOT REAL FINANCIAL DATA
TXN002295,2026-09-28 21:20:47,2026-09-28,21:20:47,Monday,21,17.480079,78.421563,ATM_HYD_904,Express ATM - Uppal Outskirts,Isolated / Peripheral Zone,Hyderabad,25000,Branch_68,ATM_CASH_WITHDRAWAL,SYNTHETIC / SIMULATED DATA — NOT REAL FINANCIAL DATA
TXN002106,2026-09-28 21:34:30,2026-09-28,21:34:30,Monday,21,17.443205,78.391795,ATM_HYD_205,IndusInd Bank 24/7 ATM - Kavuri Hills,Madhapur Tech Corridor,Hyderabad,40000,Branch_43,ATM_CASH_WITHDRAWAL,SYNTHETIC / SIMULATED DATA — NOT REAL FINANCIAL DATA
TXN000704,2026-09-28 21:52:11,2026-09-28,21:52:11,Monday,21,17.434361,78.454239,ATM_HYD_103,ICICI e-Lobby - Ameerpet Cross Roads,Ameerpet Commercial Hub,Hyderabad,20000,Branch_38,ATM_CASH_WITHDRAWAL,SYNTHETIC / SIMULATED DATA — NOT REAL FINANCIAL DATA
TXN002248,2026-09-28 22:00:17,2026-09-28,22:00:17,Monday,22,17.374997,78.526132,ATM_HYD_404,Canara Bank ATM - Dilsukhnagar Bus Depot,Dilsukhnagar Market Corridor,Hyderabad,30000,Branch_20,ATM_CASH_WITHDRAWAL,SYNTHETIC / SIMULATED DATA — NOT REAL FINANCIAL DATA
TXN001163,2026-09-28 22:06:53,2026-09-28,22:06:53,Monday,22,17.451876,78.387196,ATM_HYD_203,HDFC Bank E-Corner - Inorbit Road,Madhapur Tech Corridor,Hyderabad,15000,Branch_22,ATM_CASH_WITHDRAWAL,SYNTHETIC / SIMULATED DATA — NOT REAL FINANCIAL DATA
TXN001513,2026-09-28 22:17:13,2026-09-28,22:17:13,Monday,22,17.358902,78.476169,ATM_HYD_503,HDFC Bank Kiosk - Nayapul Bridge,Charminar Heritage Bazaar,Hyderabad,25000,Branch_15,ATM_CASH_WITHDRAWAL,SYNTHETIC / SIMULATED DATA — NOT REAL FINANCIAL DATA
TXN000345,2026-09-28 23:03:15,2026-09-28,23:03:15,Monday,23,17.454901,78.394429,ATM_HYD_204,ICICI Bank Express ATM - Madhapur Police Station,Madhapur Tech Corridor,Hyderabad,40000,Branch_35,ATM_CASH_WITHDRAWAL,SYNTHETIC / SIMULATED DATA — NOT REAL FINANCIAL DATA
TXN000524,2026-09-28 23:09:09,2026-09-28,23:09:09,Monday,23,17.36782,78.517114,ATM_HYD_402,Andhra Bank (UBI) ATM - Chaitanyapuri,Dilsukhnagar Market Corridor,Hyderabad,50000,Branch_16,ATM_CASH_WITHDRAWAL,SYNTHETIC / SIMULATED DATA — NOT REAL FINANCIAL DATA
TXN000188,2026-09-28 23:44:07,2026-09-28,23:44:07,Monday,23,17.453535,78.394287,ATM_HYD_205,IndusInd Bank 24/7 ATM - Kavuri Hills,Madhapur Tech Corridor,Hyderabad,40000,Branch_45,ATM_CASH_WITHDRAWAL,SYNTHETIC / SIMULATED DATA — NOT REAL FINANCIAL DATA
TXN000854,2026-09-29 00:42:18,2026-09-29,00:42:18,Tuesday,0,17.369677,78.526434,ATM_HYD_401,SBI Express ATM - Dilsukhnagar Metro,Dilsukhnagar Market Corridor,Hyderabad,25000,Branch_47,ATM_CASH_WITHDRAWAL,SYNTHETIC / SIMULATED DATA — NOT REAL FINANCIAL DATA
TXN000865,2026-09-29 02:42:38,2026-09-29,02:42:38,Tuesday,2,17.446637,78.386694,ATM_HYD_204,ICICI Bank Express ATM - Madhapur Police Station,Madhapur Tech Corridor,Hyderabad,50000,Branch_46,ATM_CASH_WITHDRAWAL,SYNTHETIC / SIMULATED DATA — NOT REAL FINANCIAL DATA
TXN000197,2026-09-29 03:03:39,2026-09-29,03:03:39,Tuesday,3,17.447092,78.513547,ATM_HYD_301,Punjab National Bank - Railway Gate 1,Secunderabad Station Transit Hub,Hyderabad,20000,Branch_27,ATM_CASH_WITHDRAWAL,SYNTHETIC / SIMULATED DATA — NOT REAL FINANCIAL DATA
TXN000072,2026-09-29 08:22:17,2026-09-29,08:22:17,Tuesday,8,17.446064,78.447309,ATM_HYD_104,Axis Bank ATM - Elephant House,Ameerpet Commercial Hub,Hyderabad,42000,Branch_46,ATM_CASH_WITHDRAWAL,SYNTHETIC / SIMULATED DATA — NOT REAL FINANCIAL DATA
TXN002253,2026-09-29 09:11:37,2026-09-29,09:11:37,Tuesday,9,17.420142,78.383502,ATM_HYD_901,Rural Kiosk - Outer Ring Road Exit 4,Isolated / Peripheral Zone,Hyderabad,20000,Branch_88,ATM_CASH_WITHDRAWAL,SYNTHETIC / SIMULATED DATA — NOT REAL FINANCIAL DATA
TXN002071,2026-09-29 12:16:11,2026-09-29,12:16:11,Tuesday,12,17.437593,78.507404,ATM_HYD_303,SBI Multi-Service Lounge - Station Rd,Secunderabad Station Transit Hub,Hyderabad,20000,Branch_29,ATM_CASH_WITHDRAWAL,SYNTHETIC / SIMULATED DATA — NOT REAL FINANCIAL DATA
TXN000186,2026-09-29 12:17:39,2026-09-29,12:17:39,Tuesday,12,17.442387,78.492136,ATM_HYD_303,SBI Multi-Service Lounge - Station Rd,Secunderabad Station Transit Hub,Hyderabad,10000,Branch_45,ATM_CASH_WITHDRAWAL,SYNTHETIC / SIMULATED DATA — NOT REAL FINANCIAL DATA
TXN001661,2026-09-29 13:44:29,2026-09-29,13:44:29,Tuesday,13,17.439604,78.502958,ATM_HYD_304,Union Bank ATM - Patny Circle,Secunderabad Station Transit Hub,Hyderabad,25000,Branch_17,ATM_CASH_WITHDRAWAL,SYNTHETIC / SIMULATED DATA — NOT REAL FINANCIAL DATA
TXN000523,2026-09-29 13:53:45,2026-09-29,13:53:45,Tuesday,13,17.362367,78.471903,ATM_HYD_503,HDFC Bank Kiosk - Nayapul Bridge,Charminar Heritage Bazaar,Hyderabad,40000,Branch_37,ATM_CASH_WITHDRAWAL,SYNTHETIC / SIMULATED DATA — NOT REAL FINANCIAL DATA
TXN000268,2026-09-29 14:12:07,2026-09-29,14:12:07,Tuesday,14,17.434853,78.501854,ATM_HYD_302,Bank of Baroda ATM - Clock Tower Cir,Secunderabad Station Transit Hub,Hyderabad,38000,Branch_38,ATM_CASH_WITHDRAWAL,SYNTHETIC / SIMULATED DATA — NOT REAL FINANCIAL DATA
TXN000219,2026-09-29 14:29:37,2026-09-29,14:29:37,Tuesday,14,17.440477,78.503695,ATM_HYD_301,Punjab National Bank - Railway Gate 1,Secunderabad Station Transit Hub,Hyderabad,25000,Branch_12,ATM_CASH_WITHDRAWAL,SYNTHETIC / SIMULATED DATA — NOT REAL FINANCIAL DATA
TXN000412,2026-09-29 14:58:22,2026-09-29,14:58:22,Tuesday,14,17.363478,78.470559,ATM_HYD_503,HDFC Bank Kiosk - Nayapul Bridge,Charminar Heritage Bazaar,Hyderabad,25000,Branch_37,ATM_CASH_WITHDRAWAL,SYNTHETIC / SIMULATED DATA — NOT REAL FINANCIAL DATA
TXN000243,2026-09-29 15:01:16,2026-09-29,15:01:16,Tuesday,15,17.358107,78.476653,ATM_HYD_502,SBI ATM - Gulzar Houz,Charminar Heritage Bazaar,Hyderabad,30000,Branch_19,ATM_CASH_WITHDRAWAL,SYNTHETIC / SIMULATED DATA — NOT REAL FINANCIAL DATA
TXN001639,2026-09-29 15:10:33,2026-09-29,15:10:33,Tuesday,15,17.361212,78.474233,ATM_HYD_502,SBI ATM - Gulzar Houz,Charminar Heritage Bazaar,Hyderabad,50000,Branch_17,ATM_CASH_WITHDRAWAL,SYNTHETIC / SIMULATED DATA — NOT REAL FINANCIAL DATA
TXN000022,2026-09-29 15:48:10,2026-09-29,15:48:10,Tuesday,15,17.439934,78.453261,ATM_HYD_105,Canara Bank Express ATM - SR Nagar,Ameerpet Commercial Hub,Hyderabad,20000,Branch_43,ATM_CASH_WITHDRAWAL,SYNTHETIC / SIMULATED DATA — NOT REAL FINANCIAL DATA
TXN001247,2026-09-29 15:49:53,2026-09-29,15:49:53,Tuesday,15,17.438471,78.455036,ATM_HYD_101,SBI Kiosk - Ameerpet Metro Junction,Ameerpet Commercial Hub,Hyderabad,25000,Branch_13,ATM_CASH_WITHDRAWAL,SYNTHETIC / SIMULATED DATA — NOT REAL FINANCIAL DATA
TXN000587,2026-09-29 15:53:33,2026-09-29,15:53:33,Tuesday,15,17.439094,78.453122,ATM_HYD_102,HDFC 24x7 Cash Point - Maitrivanam,Ameerpet Commercial Hub,Hyderabad,40000,Branch_32,ATM_CASH_WITHDRAWAL,SYNTHETIC / SIMULATED DATA — NOT REAL FINANCIAL DATA
TXN002018,2026-09-29 16:33:30,2026-09-29,16:33:30,Tuesday,16,17.367855,78.518582,ATM_HYD_402,Andhra Bank (UBI) ATM - Chaitanyapuri,Dilsukhnagar Market Corridor,Hyderabad,25000,Branch_36,ATM_CASH_WITHDRAWAL,SYNTHETIC / SIMULATED DATA — NOT REAL FINANCIAL DATA
TXN000923,2026-09-29 16:34:49,2026-09-29,16:34:49,Tuesday,16,17.361736,78.523562,ATM_HYD_403,HDFC Cash Machine - Malakpet Link,Dilsukhnagar Market Corridor,Hyderabad,27000,Branch_42,ATM_CASH_WITHDRAWAL,SYNTHETIC / SIMULATED DATA — NOT REAL FINANCIAL DATA
TXN002436,2026-09-29 16:35:42,2026-09-29,16:35:42,Tuesday,16,17.375776,78.526663,ATM_HYD_905,Highway Kiosk - Patancheru Depot,Isolated / Peripheral Zone,Hyderabad,20000,Branch_52,ATM_CASH_WITHDRAWAL,SYNTHETIC / SIMULATED DATA — NOT REAL FINANCIAL DATA
TXN000392,2026-09-29 17:08:19,2026-09-29,17:08:19,Tuesday,17,17.445703,78.389688,ATM_HYD_205,IndusInd Bank 24/7 ATM - Kavuri Hills,Madhapur Tech Corridor,Hyderabad,22000,Branch_31,ATM_CASH_WITHDRAWAL,SYNTHETIC / SIMULATED DATA — NOT REAL FINANCIAL DATA
TXN001870,2026-09-29 17:17:16,2026-09-29,17:17:16,Tuesday,17,17.44138,78.496594,ATM_HYD_303,SBI Multi-Service Lounge - Station Rd,Secunderabad Station Transit Hub,Hyderabad,20000,Branch_20,ATM_CASH_WITHDRAWAL,SYNTHETIC / SIMULATED DATA — NOT REAL FINANCIAL DATA
TXN000244,2026-09-29 17:49:18,2026-09-29,17:49:18,Tuesday,17,17.450056,78.393214,ATM_HYD_205,IndusInd Bank 24/7 ATM - Kavuri Hills,Madhapur Tech Corridor,Hyderabad,10000,Branch_17,ATM_CASH_WITHDRAWAL,SYNTHETIC / SIMULATED DATA — NOT REAL FINANCIAL DATA
TXN001662,2026-09-29 18:03:52,2026-09-29,18:03:52,Tuesday,18,17.447983,78.388077,ATM_HYD_203,HDFC Bank E-Corner - Inorbit Road,Madhapur Tech Corridor,Hyderabad,48000,Branch_30,ATM_CASH_WITHDRAWAL,SYNTHETIC / SIMULATED DATA — NOT REAL FINANCIAL DATA
TXN002060,2026-09-29 18:26:11,2026-09-29,18:26:11,Tuesday,18,17.448466,78.388601,ATM_HYD_203,HDFC Bank E-Corner - Inorbit Road,Madhapur Tech Corridor,Hyderabad,50000,Branch_43,ATM_CASH_WITHDRAWAL,SYNTHETIC / SIMULATED DATA — NOT REAL FINANCIAL DATA
TXN000637,2026-09-29 18:28:19,2026-09-29,18:28:19,Tuesday,18,17.452165,78.386222,ATM_HYD_201,Kotak ATM - Cyber Towers Concourse,Madhapur Tech Corridor,Hyderabad,25000,Branch_46,ATM_CASH_WITHDRAWAL,SYNTHETIC / SIMULATED DATA — NOT REAL FINANCIAL DATA
TXN001834,2026-09-29 19:15:40,2026-09-29,19:15:40,Tuesday,19,17.438417,78.503845,ATM_HYD_303,SBI Multi-Service Lounge - Station Rd,Secunderabad Station Transit Hub,Hyderabad,20000,Branch_43,ATM_CASH_WITHDRAWAL,SYNTHETIC / SIMULATED DATA — NOT REAL FINANCIAL DATA
TXN001276,2026-09-29 19:56:29,2026-09-29,19:56:29,Tuesday,19,17.434396,78.446709,ATM_HYD_105,Canara Bank Express ATM - SR Nagar,Ameerpet Commercial Hub,Hyderabad,27000,Branch_13,ATM_CASH_WITHDRAWAL,SYNTHETIC / SIMULATED DATA — NOT REAL FINANCIAL DATA
TXN001474,2026-09-29 20:11:28,2026-09-29,20:11:28,Tuesday,20,17.442961,78.38875,ATM_HYD_202,SBI ATM - Hitec City Metro Pillar 24,Madhapur Tech Corridor,Hyderabad,20000,Branch_39,ATM_CASH_WITHDRAWAL,SYNTHETIC / SIMULATED DATA — NOT REAL FINANCIAL DATA
TXN002359,2026-09-29 20:14:48,2026-09-29,20:14:48,Tuesday,20,17.368148,78.572824,ATM_HYD_901,Rural Kiosk - Outer Ring Road Exit 4,Isolated / Peripheral Zone,Hyderabad,10000,Branch_50,ATM_CASH_WITHDRAWAL,SYNTHETIC / SIMULATED DATA — NOT REAL FINANCIAL DATA
TXN001751,2026-09-29 20:39:03,2026-09-29,20:39:03,Tuesday,20,17.451978,78.388122,ATM_HYD_205,IndusInd Bank 24/7 ATM - Kavuri Hills,Madhapur Tech Corridor,Hyderabad,50000,Branch_17,ATM_CASH_WITHDRAWAL,SYNTHETIC / SIMULATED DATA — NOT REAL FINANCIAL DATA
TXN001625,2026-09-29 21:03:51,2026-09-29,21:03:51,Tuesday,21,17.440523,78.451927,ATM_HYD_102,HDFC 24x7 Cash Point - Maitrivanam,Ameerpet Commercial Hub,Hyderabad,10000,Branch_37,ATM_CASH_WITHDRAWAL,SYNTHETIC / SIMULATED DATA — NOT REAL FINANCIAL DATA
TXN000966,2026-09-29 21:04:52,2026-09-29,21:04:52,Tuesday,21,17.448988,78.388279,ATM_HYD_204,ICICI Bank Express ATM - Madhapur Police Station,Madhapur Tech Corridor,Hyderabad,40000,Branch_17,ATM_CASH_WITHDRAWAL,SYNTHETIC / SIMULATED DATA — NOT REAL FINANCIAL DATA
TXN001311,2026-09-29 21:34:18,2026-09-29,21:34:18,Tuesday,21,17.43509,78.451096,ATM_HYD_101,SBI Kiosk - Ameerpet Metro Junction,Ameerpet Commercial Hub,Hyderabad,30000,Branch_30,ATM_CASH_WITHDRAWAL,SYNTHETIC / SIMULATED DATA — NOT REAL FINANCIAL DATA
TXN001723,2026-09-29 21:42:39,2026-09-29,21:42:39,Tuesday,21,17.436649,78.443099,ATM_HYD_103,ICICI e-Lobby - Ameerpet Cross Roads,Ameerpet Commercial Hub,Hyderabad,23000,Branch_11,ATM_CASH_WITHDRAWAL,SYNTHETIC / SIMULATED DATA — NOT REAL FINANCIAL DATA
TXN001289,2026-09-29 22:25:04,2026-09-29,22:25:04,Tuesday,22,17.438028,78.452041,ATM_HYD_101,SBI Kiosk - Ameerpet Metro Junction,Ameerpet Commercial Hub,Hyderabad,40000,Branch_48,ATM_CASH_WITHDRAWAL,SYNTHETIC / SIMULATED DATA — NOT REAL FINANCIAL DATA
TXN000403,2026-09-29 22:43:41,2026-09-29,22:43:41,Tuesday,22,17.44629,78.3922,ATM_HYD_202,SBI ATM - Hitec City Metro Pillar 24,Madhapur Tech Corridor,Hyderabad,25000,Branch_31,ATM_CASH_WITHDRAWAL,SYNTHETIC / SIMULATED DATA — NOT REAL FINANCIAL DATA
TXN001582,2026-09-29 23:21:28,2026-09-29,23:21:28,Tuesday,23,17.444385,78.390731,ATM_HYD_205,IndusInd Bank 24/7 ATM - Kavuri Hills,Madhapur Tech Corridor,Hyderabad,10000,Branch_31,ATM_CASH_WITHDRAWAL,SYNTHETIC / SIMULATED DATA — NOT REAL FINANCIAL DATA
TXN001347,2026-09-29 23:25:49,2026-09-29,23:25:49,Tuesday,23,17.450646,78.393463,ATM_HYD_202,SBI ATM - Hitec City Metro Pillar 24,Madhapur Tech Corridor,Hyderabad,20000,Branch_21,ATM_CASH_WITHDRAWAL,SYNTHETIC / SIMULATED DATA — NOT REAL FINANCIAL DATA
TXN000287,2026-09-29 23:57:10,2026-09-29,23:57:10,Tuesday,23,17.459225,78.386075,ATM_HYD_204,ICICI Bank Express ATM - Madhapur Police Station,Madhapur Tech Corridor,Hyderabad,25000,Branch_46,ATM_CASH_WITHDRAWAL,SYNTHETIC / SIMULATED DATA — NOT REAL FINANCIAL DATA
TXN000740,2026-09-29 23:58:04,2026-09-29,23:58:04,Tuesday,23,17.450859,78.39023,ATM_HYD_204,ICICI Bank Express ATM - Madhapur Police Station,Madhapur Tech Corridor,Hyderabad,12000,Branch_24,ATM_CASH_WITHDRAWAL,SYNTHETIC / SIMULATED DATA — NOT REAL FINANCIAL DATA
